OID_,Name,FID_ch3archydrowatersheds2021061_nad83zn8,HydroID,Name_1,LakeAddChe,Shape_Leng,Shape_Length,Area_km2,Area_km2geodesic
1,R/Cv,0,0,site45,Y,19466.2695,17160.39005,7.531493926,7.536953877
2,Cx,0,0,site45,Y,19466.2695,1915.933226,0.106081026,0.106159705
3,Cv,0,0,site45,Y,19466.2695,13958.61633,3.639344594,3.6421503
4,R/Cv,1,0,site1,Y,6129.190583,5110.028538,0.73378769,0.734350119
5,Lb,1,0,site1,Y,6129.190583,1884.688816,0.103935566,0.10401475
6,Cv,1,0,site1,Y,6129.190583,1914.666294,0.120014373,0.120097918
7,R/Cv,2,0,site40alt1,Y,7194.044193,7231.302558,0.899191961,0.899891096
8,Cx,2,0,site40alt1,Y,7194.044193,3277.080533,0.077916542,0.077974087
9,Lb,2,0,site40alt1,Y,7194.044193,2127.006747,0.265400456,0.265592785
10,Lb,3,0,site26,Y,13463.78875,2427.998536,0.200147926,0.200292739
11,R/Cv,3,0,site26,Y,13463.78875,14211.71922,3.720773029,3.723647757
12,Lb,4,0,site31,Y,15583.04631,1446.461436,0.078704069,0.078764931
13,Cx,4,0,site31,Y,15583.04631,3963.163626,0.498721765,0.499077397
14,Gp,4,0,site31,Y,15583.04631,303.7213333,0.002603357,0.002605129
15,Gp,4,0,site31,Y,15583.04631,2019.792455,0.197792124,0.197938821
16,R/Cv,4,0,site31,Y,15583.04631,20482.48066,3.606472385,3.609408663
17,Cx,5,0,site32,Y,17714.52385,2748.042222,0.084693496,0.084752344
18,Lb,5,0,site32,Y,17714.52385,2765.708952,0.225566079,0.225732496
19,Gp,5,0,site32,Y,17714.52385,2812.663274,0.181688005,0.181824524
20,Gp,5,0,site32,Y,17714.52385,1612.516414,0.101786014,0.101862748
21,R/Cv,5,0,site32,Y,17714.52385,16943.57829,7.453130385,7.458899282
22,Cx,5,0,site32,Y,17714.52385,2791.952046,0.357321542,0.357595484
23,Cx,6,0,site30,Y,7480.047959,3567.784839,0.43349803,0.433822578
24,Gp,6,0,site30,Y,7480.047959,2843.315331,0.313933122,0.314168354
25,R/Cv,6,0,site30,Y,7480.047959,5342.733829,0.888442668,0.889139786
26,Cx,46,0,S3DNTS7160730,Y,39206.58459,722.4934521,0.003981903,0.003985012
27,Mv,47,0,site71,Y,3633.289447,78.61250822,0.000374339,0.000374625
28,MpMbMpv,47,0,site71,Y,3633.289447,3601.207443,0.327696274,0.327951731
29,Mv,48,0,site62,Y,10889.70008,6129.412937,0.901349309,0.902057568
30,MhMrMm,48,0,site62,Y,10889.70008,7093.874335,0.967672625,0.968431057
31,Mv,49,0,site13,Y,8995.516517,1889.075487,0.12704001,0.127142344
32,MhMrMm,49,0,site13,Y,8995.516517,8033.794589,2.130379085,2.132052204
33,MpMbMpv,60,0,siteSCoutlet170807,Y,267972.9067,178.7376675,0.000835098,0.000835689
34,ApAt,60,0,siteSCoutlet170807,Y,267972.9067,9925.857927,1.617579928,1.618875689
35,R/Cv,4,0,site31,Y,15583.04631,2909.202903,0.358648553,0.358908209
36,R/Cv,4,0,site31,Y,15583.04631,2909.202903,0.358648553,0.358908209
37,R/Cv,4,0,site31,Y,15583.04631,1507.954976,0.109239752,0.109320445
38,R/Cv,4,0,site31,Y,15583.04631,1507.954976,0.109239752,0.109320445
39,R/Cv,5,0,site32,Y,17714.52385,734.9700685,0.026382741,0.026401738
40,R/Cv,5,0,site32,Y,17714.52385,734.9700685,0.026382741,0.026401738
41,Cx,44,0,S3UPTS6160730,Y,25887.85677,2131.677616,0.185678277,0.185826948
42,Cx,46,0,S3DNTS7160730,Y,39206.58459,2131.677616,0.185678277,0.185826948
43,MpMbMpv,44,0,S3UPTS6160730,Y,25887.85677,4701.277187,0.136068502,0.136165835
44,MpMbMpv,46,0,S3DNTS7160730,Y,39206.58459,4701.277187,0.136068502,0.136165835
45,Mv,45,0,S3INTSINFLOW3160730,Y,35682.3182,8004.19361,0.919664163,0.920358304
46,Mv,46,0,S3DNTS7160730,Y,39206.58459,8004.19361,0.919664163,0.920358304
47,Mv,45,0,S3INTSINFLOW3160730,Y,35682.3182,6115.642548,0.602562283,0.603040063
48,Mv,46,0,S3DNTS7160730,Y,39206.58459,6115.642548,0.602562283,0.603040063
49,Cx,45,0,S3INTSINFLOW3160730,Y,35682.3182,7861.127948,1.462330065,1.463442727
50,Cx,46,0,S3DNTS7160730,Y,39206.58459,7861.127948,1.462330065,1.463442727
51,Cx,45,0,S3INTSINFLOW3160730,Y,35682.3182,214.2393733,0.000779554,0.000780157
52,Cx,46,0,S3DNTS7160730,Y,39206.58459,214.2393733,0.000779554,0.000780157
53,R/Cv,45,0,S3INTSINFLOW3160730,Y,35682.3182,7358.463618,1.779393592,1.780742745
54,R/Cv,46,0,S3DNTS7160730,Y,39206.58459,7358.463618,1.779393592,1.780742745
55,MpMbMpv,45,0,S3INTSINFLOW3160730,Y,35682.3182,31307.83015,7.461693068,7.467651275
56,MpMbMpv,46,0,S3DNTS7160730,Y,39206.58459,31307.83015,7.461693068,7.467651275
57,R/Cv,45,0,S3INTSINFLOW3160730,Y,35682.3182,5541.178219,0.408515101,0.408825654
58,R/Cv,46,0,S3DNTS7160730,Y,39206.58459,5541.178219,0.408515101,0.408825654
59,MpMbMpv,59,0,siteSCoutlet170710,Y,263523.1099,24927.54268,10.72328819,10.73185271
60,MpMbMpv,60,0,siteSCoutlet170807,Y,267972.9067,24927.54268,10.72328819,10.73185271
61,MpMbMpv,59,0,siteSCoutlet170710,Y,263523.1099,2867.674549,0.368705627,0.368993721
62,MpMbMpv,60,0,siteSCoutlet170807,Y,267972.9067,2867.674549,0.368705627,0.368993721
63,Cx,59,0,siteSCoutlet170710,Y,263523.1099,169.2443963,0.000719696,0.000719727
64,Cx,60,0,siteSCoutlet170807,Y,267972.9067,169.2443963,0.000719696,0.000719727
65,Cx,59,0,siteSCoutlet170710,Y,263523.1099,16647.82085,2.340399295,2.342185102
66,Cx,60,0,siteSCoutlet170807,Y,267972.9067,16647.82085,2.340399295,2.342185102
67,Cx,59,0,siteSCoutlet170710,Y,263523.1099,82.14928933,2.91616E-05,2.91535E-05
68,Cx,60,0,siteSCoutlet170807,Y,267972.9067,82.14928933,2.91616E-05,2.91535E-05
69,MhMrMm,59,0,siteSCoutlet170710,Y,263523.1099,21781.35043,10.2320828,10.24020477
70,MhMrMm,60,0,siteSCoutlet170807,Y,267972.9067,21781.35043,10.2320828,10.24020477
71,MpMbMpv,59,0,siteSCoutlet170710,Y,263523.1099,20526.79089,4.677649222,4.681543424
72,MpMbMpv,60,0,siteSCoutlet170807,Y,267972.9067,20526.79089,4.677649222,4.681543424
73,ApAt,59,0,siteSCoutlet170710,Y,263523.1099,13108.52266,2.16877964,2.170545506
74,ApAt,60,0,siteSCoutlet170807,Y,267972.9067,13108.52266,2.16877964,2.170545506
75,R/Cv,7,0,site42,Y,11471.6213,9050.594247,2.819877145,2.822028975
76,R/Cv,45,0,S3INTSINFLOW3160730,Y,35682.3182,9050.594247,2.819877145,2.822028975
77,R/Cv,46,0,S3DNTS7160730,Y,39206.58459,9050.594247,2.819877145,2.822028975
78,MpMbMpv,7,0,site42,Y,11471.6213,5108.036209,1.035274857,1.036082561
79,MpMbMpv,45,0,S3INTSINFLOW3160730,Y,35682.3182,5108.036209,1.035274857,1.036082561
80,MpMbMpv,46,0,S3DNTS7160730,Y,39206.58459,5108.036209,1.035274857,1.036082561
81,R/Cv,7,0,site42,Y,11471.6213,2896.605562,0.373384384,0.373670193
82,R/Cv,45,0,S3INTSINFLOW3160730,Y,35682.3182,2896.605562,0.373384384,0.373670193
83,R/Cv,46,0,S3DNTS7160730,Y,39206.58459,2896.605562,0.373384384,0.373670193
84,MpMbMpv,8,0,site53,Y,9609.948678,6177.159852,0.858261343,0.858922215
85,MpMbMpv,45,0,S3INTSINFLOW3160730,Y,35682.3182,6177.159852,0.858261343,0.858922215
86,MpMbMpv,46,0,S3DNTS7160730,Y,39206.58459,6177.159852,0.858261343,0.858922215
87,R/Cv,8,0,site53,Y,9609.948678,6574.789552,0.89267765,0.893365019
88,R/Cv,45,0,S3INTSINFLOW3160730,Y,35682.3182,6574.789552,0.89267765,0.893365019
89,R/Cv,46,0,S3DNTS7160730,Y,39206.58459,6574.789552,0.89267765,0.893365019
90,Mv,9,0,site27,Y,7068.348341,4257.190229,0.503726527,0.504121179
91,Mv,45,0,S3INTSINFLOW3160730,Y,35682.3182,4257.190229,0.503726527,0.504121179
92,Mv,46,0,S3DNTS7160730,Y,39206.58459,4257.190229,0.503726527,0.504121179
93,R/Cv,9,0,site27,Y,7068.348341,129.8477252,0.000293841,0.000294027
94,R/Cv,45,0,S3INTSINFLOW3160730,Y,35682.3182,129.8477252,0.000293841,0.000294027
95,R/Cv,46,0,S3DNTS7160730,Y,39206.58459,129.8477252,0.000293841,0.000294027
96,MpMbMpv,9,0,site27,Y,7068.348341,3702.063229,0.361039244,0.361321866
97,MpMbMpv,45,0,S3INTSINFLOW3160730,Y,35682.3182,3702.063229,0.361039244,0.361321866
98,MpMbMpv,46,0,S3DNTS7160730,Y,39206.58459,3702.063229,0.361039244,0.361321866
99,MpMbMpv,9,0,site27,Y,7068.348341,342.9425989,0.002043761,0.002044743
100,MpMbMpv,45,0,S3INTSINFLOW3160730,Y,35682.3182,342.9425989,0.002043761,0.002044743
101,MpMbMpv,46,0,S3DNTS7160730,Y,39206.58459,342.9425989,0.002043761,0.002044743
102,Mv,16,0,SDDNTS400150704,Y,7087.512259,2621.422425,0.019802039,0.019817389
103,Mv,45,0,S3INTSINFLOW3160730,Y,35682.3182,2621.422425,0.019802039,0.019817389
104,Mv,46,0,S3DNTS7160730,Y,39206.58459,2621.422425,0.019802039,0.019817389
105,MpMbMpv,16,0,SDDNTS400150704,Y,7087.512259,1435.957207,0.023332879,0.023350828
106,MpMbMpv,45,0,S3INTSINFLOW3160730,Y,35682.3182,1435.957207,0.023332879,0.023350828
107,MpMbMpv,46,0,S3DNTS7160730,Y,39206.58459,1435.957207,0.023332879,0.023350828
108,Cx,43,0,S2DNTS5160617,Y,24551.93494,1145.035166,0.01345477,0.013465023
109,Cx,44,0,S3UPTS6160730,Y,25887.85677,1145.035166,0.01345477,0.013465023
110,Cx,46,0,S3DNTS7160730,Y,39206.58459,1145.035166,0.01345477,0.013465023
111,MpMbMpv,43,0,S2DNTS5160617,Y,24551.93494,489.6735922,0.004152004,0.004155488
112,MpMbMpv,44,0,S3UPTS6160730,Y,25887.85677,489.6735922,0.004152004,0.004155488
113,MpMbMpv,46,0,S3DNTS7160730,Y,39206.58459,489.6735922,0.004152004,0.004155488
114,MpMbMpv,58,0,siteSC-9A,Y,258694.6456,2800.778054,0.114200126,0.114284644
115,MpMbMpv,59,0,siteSCoutlet170710,Y,263523.1099,2800.778054,0.114200126,0.114284644
116,MpMbMpv,60,0,siteSCoutlet170807,Y,267972.9067,2800.778054,0.114200126,0.114284644
117,MpMbMpv,58,0,siteSC-9A,Y,258694.6456,33221.10498,4.790788176,4.794939783
118,MpMbMpv,59,0,siteSCoutlet170710,Y,263523.1099,33221.10498,4.790788176,4.794939783
119,MpMbMpv,60,0,siteSCoutlet170807,Y,267972.9067,33221.10498,4.790788176,4.794939783
120,MpMbMpv,58,0,siteSC-9A,Y,258694.6456,575.3383288,0.014074431,0.014085223
121,MpMbMpv,59,0,siteSCoutlet170710,Y,263523.1099,575.3383288,0.014074431,0.014085223
122,MpMbMpv,60,0,siteSCoutlet170807,Y,267972.9067,575.3383288,0.014074431,0.014085223
123,Cx,58,0,siteSC-9A,Y,258694.6456,30709.83156,6.726825059,6.731865191
124,Cx,59,0,siteSCoutlet170710,Y,263523.1099,30709.83156,6.726825059,6.731865191
125,Cx,60,0,siteSCoutlet170807,Y,267972.9067,30709.83156,6.726825059,6.731865191
126,Cx,58,0,siteSC-9A,Y,258694.6456,181.7264238,0.000872675,0.00087321
127,Cx,59,0,siteSCoutlet170710,Y,263523.1099,181.7264238,0.000872675,0.00087321
128,Cx,60,0,siteSCoutlet170807,Y,267972.9067,181.7264238,0.000872675,0.00087321
129,Cx,58,0,siteSC-9A,Y,258694.6456,311.3979364,0.000860151,0.00086051
130,Cx,59,0,siteSCoutlet170710,Y,263523.1099,311.3979364,0.000860151,0.00086051
131,Cx,60,0,siteSCoutlet170807,Y,267972.9067,311.3979364,0.000860151,0.00086051
132,MhMrMm,58,0,siteSC-9A,Y,258694.6456,14674.88916,2.929920478,2.932218697
133,MhMrMm,59,0,siteSCoutlet170710,Y,263523.1099,14674.88916,2.929920478,2.932218697
134,MhMrMm,60,0,siteSCoutlet170807,Y,267972.9067,14674.88916,2.929920478,2.932218697
135,ApAt,58,0,siteSC-9A,Y,258694.6456,13571.35337,3.517515407,3.520535113
136,ApAt,59,0,siteSCoutlet170710,Y,263523.1099,13571.35337,3.517515407,3.520535113
137,ApAt,60,0,siteSCoutlet170807,Y,267972.9067,13571.35337,3.517515407,3.520535113
138,Cx,58,0,siteSC-9A,Y,258694.6456,408.2039358,0.003074647,0.003077314
139,Cx,59,0,siteSCoutlet170710,Y,263523.1099,408.2039358,0.003074647,0.003077314
140,Cx,60,0,siteSCoutlet170807,Y,267972.9067,408.2039358,0.003074647,0.003077314
141,MhMrMm,58,0,siteSC-9A,Y,258694.6456,30498.37475,8.923014196,8.93009577
142,MhMrMm,59,0,siteSCoutlet170710,Y,263523.1099,30498.37475,8.923014196,8.93009577
143,MhMrMm,60,0,siteSCoutlet170807,Y,267972.9067,30498.37475,8.923014196,8.93009577
144,Cx,58,0,siteSC-9A,Y,258694.6456,6546.067671,0.948271241,0.948940397
145,Cx,59,0,siteSCoutlet170710,Y,263523.1099,6546.067671,0.948271241,0.948940397
146,Cx,60,0,siteSCoutlet170807,Y,267972.9067,6546.067671,0.948271241,0.948940397
147,MpMbMpv,58,0,siteSC-9A,Y,258694.6456,52078.79328,26.48016361,26.50180761
148,MpMbMpv,59,0,siteSCoutlet170710,Y,263523.1099,52078.79328,26.48016361,26.50180761
149,MpMbMpv,60,0,siteSCoutlet170807,Y,267972.9067,52078.79328,26.48016361,26.50180761
150,ApAt,58,0,siteSC-9A,Y,258694.6456,529.7501259,0.01298683,0.01299717
151,ApAt,59,0,siteSCoutlet170710,Y,263523.1099,529.7501259,0.01298683,0.01299717
152,ApAt,60,0,siteSCoutlet170807,Y,267972.9067,529.7501259,0.01298683,0.01299717
153,Mv,15,0,SDDNTS300150704,Y,6912.094798,2363.253234,0.028841187,0.028863211
154,Mv,16,0,SDDNTS400150704,Y,7087.512259,2363.253234,0.028841187,0.028863211
155,Mv,45,0,S3INTSINFLOW3160730,Y,35682.3182,2363.253234,0.028841187,0.028863211
156,Mv,46,0,S3DNTS7160730,Y,39206.58459,2363.253234,0.028841187,0.028863211
157,MpMbMpv,15,0,SDDNTS300150704,Y,6912.094798,3421.125799,0.065803901,0.065855173
158,MpMbMpv,16,0,SDDNTS400150704,Y,7087.512259,3421.125799,0.065803901,0.065855173
159,MpMbMpv,45,0,S3INTSINFLOW3160730,Y,35682.3182,3421.125799,0.065803901,0.065855173
160,MpMbMpv,46,0,S3DNTS7160730,Y,39206.58459,3421.125799,0.065803901,0.065855173
161,Cx,41,0,S2UPTS4160617,Y,21949.53018,2643.64933,0.259611178,0.259814831
162,Cx,43,0,S2DNTS5160617,Y,24551.93494,2643.64933,0.259611178,0.259814831
163,Cx,44,0,S3UPTS6160730,Y,25887.85677,2643.64933,0.259611178,0.259814831
164,Cx,46,0,S3DNTS7160730,Y,39206.58459,2643.64933,0.259611178,0.259814831
165,MpMbMpv,41,0,S2UPTS4160617,Y,21949.53018,5930.183873,0.648818037,0.649324702
166,MpMbMpv,43,0,S2DNTS5160617,Y,24551.93494,5930.183873,0.648818037,0.649324702
167,MpMbMpv,44,0,S3UPTS6160730,Y,25887.85677,5930.183873,0.648818037,0.649324702
168,MpMbMpv,46,0,S3DNTS7160730,Y,39206.58459,5930.183873,0.648818037,0.649324702
169,R/Cv,42,0,S2INTSINFLOW2160617,Y,21209.24344,1936.045309,0.186687124,0.18682765
170,R/Cv,43,0,S2DNTS5160617,Y,24551.93494,1936.045309,0.186687124,0.18682765
171,R/Cv,44,0,S3UPTS6160730,Y,25887.85677,1936.045309,0.186687124,0.18682765
172,R/Cv,46,0,S3DNTS7160730,Y,39206.58459,1936.045309,0.186687124,0.18682765
173,R/Cv,42,0,S2INTSINFLOW2160617,Y,21209.24344,1672.047152,0.086254831,0.086319245
174,R/Cv,43,0,S2DNTS5160617,Y,24551.93494,1672.047152,0.086254831,0.086319245
175,R/Cv,44,0,S3UPTS6160730,Y,25887.85677,1672.047152,0.086254831,0.086319245
176,R/Cv,46,0,S3DNTS7160730,Y,39206.58459,1672.047152,0.086254831,0.086319245
177,Cx,42,0,S2INTSINFLOW2160617,Y,21209.24344,4676.266371,0.621878623,0.62232797
178,Cx,43,0,S2DNTS5160617,Y,24551.93494,4676.266371,0.621878623,0.62232797
179,Cx,44,0,S3UPTS6160730,Y,25887.85677,4676.266371,0.621878623,0.62232797
180,Cx,46,0,S3DNTS7160730,Y,39206.58459,4676.266371,0.621878623,0.62232797
181,Cx,42,0,S2INTSINFLOW2160617,Y,21209.24344,3598.231973,0.450885265,0.451211552
182,Cx,43,0,S2DNTS5160617,Y,24551.93494,3598.231973,0.450885265,0.451211552
183,Cx,44,0,S3UPTS6160730,Y,25887.85677,3598.231973,0.450885265,0.451211552
184,Cx,46,0,S3DNTS7160730,Y,39206.58459,3598.231973,0.450885265,0.451211552
185,MpMbMpv,42,0,S2INTSINFLOW2160617,Y,21209.24344,23269.63204,6.67442558,6.679815119
186,MpMbMpv,43,0,S2DNTS5160617,Y,24551.93494,23269.63204,6.67442558,6.679815119
187,MpMbMpv,44,0,S3UPTS6160730,Y,25887.85677,23269.63204,6.67442558,6.679815119
188,MpMbMpv,46,0,S3DNTS7160730,Y,39206.58459,23269.63204,6.67442558,6.679815119
189,R/Cv,42,0,S2INTSINFLOW2160617,Y,21209.24344,5386.774703,0.951712762,0.952464369
190,R/Cv,43,0,S2DNTS5160617,Y,24551.93494,5386.774703,0.951712762,0.952464369
191,R/Cv,44,0,S3UPTS6160730,Y,25887.85677,5386.774703,0.951712762,0.952464369
192,R/Cv,46,0,S3DNTS7160730,Y,39206.58459,5386.774703,0.951712762,0.952464369
193,MhMrMm,55,0,site12-1,Y,3831.035085,1069.740096,0.022279988,0.022299656
194,MhMrMm,58,0,siteSC-9A,Y,258694.6456,1069.740096,0.022279988,0.022299656
195,MhMrMm,59,0,siteSCoutlet170710,Y,263523.1099,1069.740096,0.022279988,0.022299656
196,MhMrMm,60,0,siteSCoutlet170807,Y,267972.9067,1069.740096,0.022279988,0.022299656
197,MpMbMpv,55,0,site12-1,Y,3831.035085,3230.02851,0.189324991,0.189471266
198,MpMbMpv,58,0,siteSC-9A,Y,258694.6456,3230.02851,0.189324991,0.189471266
199,MpMbMpv,59,0,siteSCoutlet170710,Y,263523.1099,3230.02851,0.189324991,0.189471266
200,MpMbMpv,60,0,siteSCoutlet170807,Y,267972.9067,3230.02851,0.189324991,0.189471266
201,MpMbMpv,56,0,SC-8B,Y,237453.753,20899.49607,6.351904472,6.356773846
202,MpMbMpv,58,0,siteSC-9A,Y,258694.6456,20899.49607,6.351904472,6.356773846
203,MpMbMpv,59,0,siteSCoutlet170710,Y,263523.1099,20899.49607,6.351904472,6.356773846
204,MpMbMpv,60,0,siteSCoutlet170807,Y,267972.9067,20899.49607,6.351904472,6.356773846
205,Cx,56,0,SC-8B,Y,237453.753,27823.46277,10.43424928,10.44267557
206,Cx,58,0,siteSC-9A,Y,258694.6456,27823.46277,10.43424928,10.44267557
207,Cx,59,0,siteSCoutlet170710,Y,263523.1099,27823.46277,10.43424928,10.44267557
208,Cx,60,0,siteSCoutlet170807,Y,267972.9067,27823.46277,10.43424928,10.44267557
209,MhMrMm,56,0,SC-8B,Y,237453.753,15454.80603,5.423917859,5.428307997
210,MhMrMm,58,0,siteSC-9A,Y,258694.6456,15454.80603,5.423917859,5.428307997
211,MhMrMm,59,0,siteSCoutlet170710,Y,263523.1099,15454.80603,5.423917859,5.428307997
212,MhMrMm,60,0,siteSCoutlet170807,Y,267972.9067,15454.80603,5.423917859,5.428307997
213,MpMbMpv,56,0,SC-8B,Y,237453.753,4792.293141,0.737129319,0.737722523
214,MpMbMpv,58,0,siteSC-9A,Y,258694.6456,4792.293141,0.737129319,0.737722523
215,MpMbMpv,59,0,siteSCoutlet170710,Y,263523.1099,4792.293141,0.737129319,0.737722523
216,MpMbMpv,60,0,siteSCoutlet170807,Y,267972.9067,4792.293141,0.737129319,0.737722523
217,MpMbMpv,57,0,site14,Y,48819.29437,18239.10007,3.365090619,3.367761574
218,MpMbMpv,58,0,siteSC-9A,Y,258694.6456,18239.10007,3.365090619,3.367761574
219,MpMbMpv,59,0,siteSCoutlet170710,Y,263523.1099,18239.10007,3.365090619,3.367761574
220,MpMbMpv,60,0,siteSCoutlet170807,Y,267972.9067,18239.10007,3.365090619,3.367761574
221,MpMbMpv,57,0,site14,Y,48819.29437,15969.7065,3.182028648,3.184510313
222,MpMbMpv,58,0,siteSC-9A,Y,258694.6456,15969.7065,3.182028648,3.184510313
223,MpMbMpv,59,0,siteSCoutlet170710,Y,263523.1099,15969.7065,3.182028648,3.184510313
224,MpMbMpv,60,0,siteSCoutlet170807,Y,267972.9067,15969.7065,3.182028648,3.184510313
225,Cx,57,0,site14,Y,48819.29437,18879.30211,2.580490613,2.582599981
226,Cx,58,0,siteSC-9A,Y,258694.6456,18879.30211,2.580490613,2.582599981
227,Cx,59,0,siteSCoutlet170710,Y,263523.1099,18879.30211,2.580490613,2.582599981
228,Cx,60,0,siteSCoutlet170807,Y,267972.9067,18879.30211,2.580490613,2.582599981
229,MhMrMm,57,0,site14,Y,48819.29437,29682.54067,16.58332925,16.59663855
230,MhMrMm,58,0,siteSC-9A,Y,258694.6456,29682.54067,16.58332925,16.59663855
231,MhMrMm,59,0,siteSCoutlet170710,Y,263523.1099,29682.54067,16.58332925,16.59663855
232,MhMrMm,60,0,siteSCoutlet170807,Y,267972.9067,29682.54067,16.58332925,16.59663855
233,MpMbMpv,58,0,siteSC-9A,Y,258694.6456,370.7628626,0.002306162,0.002292395
234,Cx,58,0,siteSC-9A,Y,258694.6456,370.7628626,0.002306162,0.002292395
235,MpMbMpv,59,0,siteSCoutlet170710,Y,263523.1099,370.7628626,0.002306162,0.002292395
236,Cx,59,0,siteSCoutlet170710,Y,263523.1099,370.7628626,0.002306162,0.002292395
237,MpMbMpv,60,0,siteSCoutlet170807,Y,267972.9067,370.7628626,0.002306162,0.002292395
238,Cx,60,0,siteSCoutlet170807,Y,267972.9067,370.7628626,0.002306162,0.002292395
239,MhMrMm,58,0,siteSC-9A,Y,258694.6456,1592.372617,0.013081768,0.013094915
240,Cx,58,0,siteSC-9A,Y,258694.6456,1592.372617,0.013081768,0.013094915
241,MhMrMm,59,0,siteSCoutlet170710,Y,263523.1099,1592.372617,0.013081768,0.013094915
242,Cx,59,0,siteSCoutlet170710,Y,263523.1099,1592.372617,0.013081768,0.013094915
243,MhMrMm,60,0,siteSCoutlet170807,Y,267972.9067,1592.372617,0.013081768,0.013094915
244,Cx,60,0,siteSCoutlet170807,Y,267972.9067,1592.372617,0.013081768,0.013094915
245,Cx,58,0,siteSC-9A,Y,258694.6456,536.5641532,0.003610638,0.00361255
246,MhMrMm,58,0,siteSC-9A,Y,258694.6456,536.5641532,0.003610638,0.00361255
247,Cx,59,0,siteSCoutlet170710,Y,263523.1099,536.5641532,0.003610638,0.00361255
248,MhMrMm,59,0,siteSCoutlet170710,Y,263523.1099,536.5641532,0.003610638,0.00361255
249,Cx,60,0,siteSCoutlet170807,Y,267972.9067,536.5641532,0.003610638,0.00361255
250,MhMrMm,60,0,siteSCoutlet170807,Y,267972.9067,536.5641532,0.003610638,0.00361255
251,Mv,14,0,SDDNTS200150704,Y,6690.215488,2755.660303,0.037997398,0.038026115
252,Mv,15,0,SDDNTS300150704,Y,6912.094798,2755.660303,0.037997398,0.038026115
253,Mv,16,0,SDDNTS400150704,Y,7087.512259,2755.660303,0.037997398,0.038026115
254,Mv,45,0,S3INTSINFLOW3160730,Y,35682.3182,2755.660303,0.037997398,0.038026115
255,Mv,46,0,S3DNTS7160730,Y,39206.58459,2755.660303,0.037997398,0.038026115
256,MpMbMpv,14,0,SDDNTS200150704,Y,6690.215488,1114.970995,0.012042495,0.012052038
257,MpMbMpv,15,0,SDDNTS300150704,Y,6912.094798,1114.970995,0.012042495,0.012052038
258,MpMbMpv,16,0,SDDNTS400150704,Y,7087.512259,1114.970995,0.012042495,0.012052038
259,MpMbMpv,45,0,S3INTSINFLOW3160730,Y,35682.3182,1114.970995,0.012042495,0.012052038
260,MpMbMpv,46,0,S3DNTS7160730,Y,39206.58459,1114.970995,0.012042495,0.012052038
261,Cx,40,0,HADNTS3160726,Y,19759.42525,193.5106043,0.001048221,0.001049037
262,Cx,41,0,S2UPTS4160617,Y,21949.53018,193.5106043,0.001048221,0.001049037
263,Cx,43,0,S2DNTS5160617,Y,24551.93494,193.5106043,0.001048221,0.001049037
264,Cx,44,0,S3UPTS6160730,Y,25887.85677,193.5106043,0.001048221,0.001049037
265,Cx,46,0,S3DNTS7160730,Y,39206.58459,193.5106043,0.001048221,0.001049037
266,MpMbMpv,54,0,siteDC-4,Y,127713.0386,39146.31584,18.6515471,18.66661395
267,MpMbMpv,56,0,SC-8B,Y,237453.753,39146.31584,18.6515471,18.66661395
268,MpMbMpv,58,0,siteSC-9A,Y,258694.6456,39146.31584,18.6515471,18.66661395
269,MpMbMpv,59,0,siteSCoutlet170710,Y,263523.1099,39146.31584,18.6515471,18.66661395
270,MpMbMpv,60,0,siteSCoutlet170807,Y,267972.9067,39146.31584,18.6515471,18.66661395
271,Cx,54,0,siteDC-4,Y,127713.0386,57378.97403,16.3491154,16.36247283
272,Cx,56,0,SC-8B,Y,237453.753,57378.97403,16.3491154,16.36247283
273,Cx,58,0,siteSC-9A,Y,258694.6456,57378.97403,16.3491154,16.36247283
274,Cx,59,0,siteSCoutlet170710,Y,263523.1099,57378.97403,16.3491154,16.36247283
275,Cx,60,0,siteSCoutlet170807,Y,267972.9067,57378.97403,16.3491154,16.36247283
276,Cx,54,0,siteDC-4,Y,127713.0386,618.6180304,0.002658604,0.002659318
277,Cx,56,0,SC-8B,Y,237453.753,618.6180304,0.002658604,0.002659318
278,Cx,58,0,siteSC-9A,Y,258694.6456,618.6180304,0.002658604,0.002659318
279,Cx,59,0,siteSCoutlet170710,Y,263523.1099,618.6180304,0.002658604,0.002659318
280,Cx,60,0,siteSCoutlet170807,Y,267972.9067,618.6180304,0.002658604,0.002659318
281,Mv,54,0,siteDC-4,Y,127713.0386,21269.59101,8.712608987,8.719393907
282,Mv,56,0,SC-8B,Y,237453.753,21269.59101,8.712608987,8.719393907
283,Mv,58,0,siteSC-9A,Y,258694.6456,21269.59101,8.712608987,8.719393907
284,Mv,59,0,siteSCoutlet170710,Y,263523.1099,21269.59101,8.712608987,8.719393907
285,Mv,60,0,siteSCoutlet170807,Y,267972.9067,21269.59101,8.712608987,8.719393907
286,MhMrMm,54,0,siteDC-4,Y,127713.0386,2768.584758,0.219758887,0.219937332
287,MhMrMm,56,0,SC-8B,Y,237453.753,2768.584758,0.219758887,0.219937332
288,MhMrMm,58,0,siteSC-9A,Y,258694.6456,2768.584758,0.219758887,0.219937332
289,MhMrMm,59,0,siteSCoutlet170710,Y,263523.1099,2768.584758,0.219758887,0.219937332
290,MhMrMm,60,0,siteSCoutlet170807,Y,267972.9067,2768.584758,0.219758887,0.219937332
291,MpMbMpv,54,0,siteDC-4,Y,127713.0386,16153.82983,4.004623927,4.007689639
292,MpMbMpv,56,0,SC-8B,Y,237453.753,16153.82983,4.004623927,4.007689639
293,MpMbMpv,58,0,siteSC-9A,Y,258694.6456,16153.82983,4.004623927,4.007689639
294,MpMbMpv,59,0,siteSCoutlet170710,Y,263523.1099,16153.82983,4.004623927,4.007689639
295,MpMbMpv,60,0,siteSCoutlet170807,Y,267972.9067,16153.82983,4.004623927,4.007689639
296,Cx,56,0,SC-8B,Y,237453.753,25251.87745,11.5667122,11.57563182
297,Cx,58,0,siteSC-9A,Y,258694.6456,25251.87745,11.5667122,11.57563182
298,Cx,59,0,siteSCoutlet170710,Y,263523.1099,25251.87745,11.5667122,11.57563182
299,Cx,60,0,siteSCoutlet170807,Y,267972.9067,25251.87745,11.5667122,11.57563182
300,Cx,82,0,siteSC-7B,Y,213971.6585,25251.87745,11.5667122,11.57563182
301,Gp,56,0,SC-8B,Y,237453.753,2013.489538,0.23329604,0.233471946
302,Gp,58,0,siteSC-9A,Y,258694.6456,2013.489538,0.23329604,0.233471946
303,Gp,59,0,siteSCoutlet170710,Y,263523.1099,2013.489538,0.23329604,0.233471946
304,Gp,60,0,siteSCoutlet170807,Y,267972.9067,2013.489538,0.23329604,0.233471946
305,Gp,82,0,siteSC-7B,Y,213971.6585,2013.489538,0.23329604,0.233471946
306,Gt,56,0,SC-8B,Y,237453.753,1709.521679,0.218753446,0.218915995
307,Gt,58,0,siteSC-9A,Y,258694.6456,1709.521679,0.218753446,0.218915995
308,Gt,59,0,siteSCoutlet170710,Y,263523.1099,1709.521679,0.218753446,0.218915995
309,Gt,60,0,siteSCoutlet170807,Y,267972.9067,1709.521679,0.218753446,0.218915995
310,Gt,82,0,siteSC-7B,Y,213971.6585,1709.521679,0.218753446,0.218915995
311,MhMrMm,56,0,SC-8B,Y,237453.753,23769.06857,4.823123077,4.827348007
312,MhMrMm,58,0,siteSC-9A,Y,258694.6456,23769.06857,4.823123077,4.827348007
313,MhMrMm,59,0,siteSCoutlet170710,Y,263523.1099,23769.06857,4.823123077,4.827348007
314,MhMrMm,60,0,siteSCoutlet170807,Y,267972.9067,23769.06857,4.823123077,4.827348007
315,MhMrMm,82,0,siteSC-7B,Y,213971.6585,23769.06857,4.823123077,4.827348007
316,MhMrMm,56,0,SC-8B,Y,237453.753,1272.947436,0.051000201,0.051040571
317,MhMrMm,58,0,siteSC-9A,Y,258694.6456,1272.947436,0.051000201,0.051040571
318,MhMrMm,59,0,siteSCoutlet170710,Y,263523.1099,1272.947436,0.051000201,0.051040571
319,MhMrMm,60,0,siteSCoutlet170807,Y,267972.9067,1272.947436,0.051000201,0.051040571
320,MhMrMm,82,0,siteSC-7B,Y,213971.6585,1272.947436,0.051000201,0.051040571
321,MhMrMm,56,0,SC-8B,Y,237453.753,19867.55485,2.986913002,2.989272076
322,MhMrMm,56,0,SC-8B,Y,237453.753,19867.55485,2.986913002,2.989272076
323,MhMrMm,58,0,siteSC-9A,Y,258694.6456,19867.55485,2.986913002,2.989272076
324,MhMrMm,58,0,siteSC-9A,Y,258694.6456,19867.55485,2.986913002,2.989272076
325,MhMrMm,59,0,siteSCoutlet170710,Y,263523.1099,19867.55485,2.986913002,2.989272076
326,MhMrMm,59,0,siteSCoutlet170710,Y,263523.1099,19867.55485,2.986913002,2.989272076
327,MhMrMm,60,0,siteSCoutlet170807,Y,267972.9067,19867.55485,2.986913002,2.989272076
328,MhMrMm,60,0,siteSCoutlet170807,Y,267972.9067,19867.55485,2.986913002,2.989272076
329,Cx,56,0,SC-8B,Y,237453.753,130.7633349,9.88519E-05,9.88924E-05
330,MhMrMm,56,0,SC-8B,Y,237453.753,130.7633349,9.88519E-05,9.88924E-05
331,Cx,58,0,siteSC-9A,Y,258694.6456,130.7633349,9.88519E-05,9.88924E-05
332,MhMrMm,58,0,siteSC-9A,Y,258694.6456,130.7633349,9.88519E-05,9.88924E-05
333,Cx,59,0,siteSCoutlet170710,Y,263523.1099,130.7633349,9.88519E-05,9.88924E-05
334,MhMrMm,59,0,siteSCoutlet170710,Y,263523.1099,130.7633349,9.88519E-05,9.88924E-05
335,Cx,60,0,siteSCoutlet170807,Y,267972.9067,130.7633349,9.88519E-05,9.88924E-05
336,MhMrMm,60,0,siteSCoutlet170807,Y,267972.9067,130.7633349,9.88519E-05,9.88924E-05
337,Mv,13,0,SDDNTS100150704,Y,6396.227028,1180.578328,0.011870785,0.011879783
338,Mv,14,0,SDDNTS200150704,Y,6690.215488,1180.578328,0.011870785,0.011879783
339,Mv,15,0,SDDNTS300150704,Y,6912.094798,1180.578328,0.011870785,0.011879783
340,Mv,16,0,SDDNTS400150704,Y,7087.512259,1180.578328,0.011870785,0.011879783
341,Mv,45,0,S3INTSINFLOW3160730,Y,35682.3182,1180.578328,0.011870785,0.011879783
342,Mv,46,0,S3DNTS7160730,Y,39206.58459,1180.578328,0.011870785,0.011879783
343,MpMbMpv,13,0,SDDNTS100150704,Y,6396.227028,851.1116626,0.008440268,0.008446959
344,MpMbMpv,14,0,SDDNTS200150704,Y,6690.215488,851.1116626,0.008440268,0.008446959
345,MpMbMpv,15,0,SDDNTS300150704,Y,6912.094798,851.1116626,0.008440268,0.008446959
346,MpMbMpv,16,0,SDDNTS400150704,Y,7087.512259,851.1116626,0.008440268,0.008446959
347,MpMbMpv,45,0,S3INTSINFLOW3160730,Y,35682.3182,851.1116626,0.008440268,0.008446959
348,MpMbMpv,46,0,S3DNTS7160730,Y,39206.58459,851.1116626,0.008440268,0.008446959
349,Cx,38,0,HAUPTS22160726,Y,18972.16236,668.0338038,0.012546761,0.012556544
350,Cx,40,0,HADNTS3160726,Y,19759.42525,668.0338038,0.012546761,0.012556544
351,Cx,41,0,S2UPTS4160617,Y,21949.53018,668.0338038,0.012546761,0.012556544
352,Cx,43,0,S2DNTS5160617,Y,24551.93494,668.0338038,0.012546761,0.012556544
353,Cx,44,0,S3UPTS6160730,Y,25887.85677,668.0338038,0.012546761,0.012556544
354,Cx,46,0,S3DNTS7160730,Y,39206.58459,668.0338038,0.012546761,0.012556544
355,MpMbMpv,38,0,HAUPTS22160726,Y,18972.16236,1998.390119,0.04783661,0.047873828
356,MpMbMpv,40,0,HADNTS3160726,Y,19759.42525,1998.390119,0.04783661,0.047873828
357,MpMbMpv,41,0,S2UPTS4160617,Y,21949.53018,1998.390119,0.04783661,0.047873828
358,MpMbMpv,43,0,S2DNTS5160617,Y,24551.93494,1998.390119,0.04783661,0.047873828
359,MpMbMpv,44,0,S3UPTS6160730,Y,25887.85677,1998.390119,0.04783661,0.047873828
360,MpMbMpv,46,0,S3DNTS7160730,Y,39206.58459,1998.390119,0.04783661,0.047873828
361,Cx,39,0,HAINTSINFLOW1160617,Y,8350.35635,368.4674731,0.003733677,0.003736499
362,Cx,40,0,HADNTS3160726,Y,19759.42525,368.4674731,0.003733677,0.003736499
363,Cx,41,0,S2UPTS4160617,Y,21949.53018,368.4674731,0.003733677,0.003736499
364,Cx,43,0,S2DNTS5160617,Y,24551.93494,368.4674731,0.003733677,0.003736499
365,Cx,44,0,S3UPTS6160730,Y,25887.85677,368.4674731,0.003733677,0.003736499
366,Cx,46,0,S3DNTS7160730,Y,39206.58459,368.4674731,0.003733677,0.003736499
367,MpMbMpv,39,0,HAINTSINFLOW1160617,Y,8350.35635,8091.875551,1.075826516,1.07666502
368,MpMbMpv,40,0,HADNTS3160726,Y,19759.42525,8091.875551,1.075826516,1.07666502
369,MpMbMpv,41,0,S2UPTS4160617,Y,21949.53018,8091.875551,1.075826516,1.07666502
370,MpMbMpv,43,0,S2DNTS5160617,Y,24551.93494,8091.875551,1.075826516,1.07666502
371,MpMbMpv,44,0,S3UPTS6160730,Y,25887.85677,8091.875551,1.075826516,1.07666502
372,MpMbMpv,46,0,S3DNTS7160730,Y,39206.58459,8091.875551,1.075826516,1.07666502
373,MpMbMpv,50,0,site10,Y,82937.72067,9058.687125,1.728657839,1.730013471
374,MpMbMpv,54,0,siteDC-4,Y,127713.0386,9058.687125,1.728657839,1.730013471
375,MpMbMpv,56,0,SC-8B,Y,237453.753,9058.687125,1.728657839,1.730013471
376,MpMbMpv,58,0,siteSC-9A,Y,258694.6456,9058.687125,1.728657839,1.730013471
377,MpMbMpv,59,0,siteSCoutlet170710,Y,263523.1099,9058.687125,1.728657839,1.730013471
378,MpMbMpv,60,0,siteSCoutlet170807,Y,267972.9067,9058.687125,1.728657839,1.730013471
379,ApAt,50,0,site10,Y,82937.72067,19713.97457,6.757219026,6.762398175
380,ApAt,54,0,siteDC-4,Y,127713.0386,19713.97457,6.757219026,6.762398175
381,ApAt,56,0,SC-8B,Y,237453.753,19713.97457,6.757219026,6.762398175
382,ApAt,58,0,siteSC-9A,Y,258694.6456,19713.97457,6.757219026,6.762398175
383,ApAt,59,0,siteSCoutlet170710,Y,263523.1099,19713.97457,6.757219026,6.762398175
384,ApAt,60,0,siteSCoutlet170807,Y,267972.9067,19713.97457,6.757219026,6.762398175
385,Mv,50,0,site10,Y,82937.72067,9956.231547,3.170444037,3.172840921
386,Mv,54,0,siteDC-4,Y,127713.0386,9956.231547,3.170444037,3.172840921
387,Mv,56,0,SC-8B,Y,237453.753,9956.231547,3.170444037,3.172840921
388,Mv,58,0,siteSC-9A,Y,258694.6456,9956.231547,3.170444037,3.172840921
389,Mv,59,0,siteSCoutlet170710,Y,263523.1099,9956.231547,3.170444037,3.172840921
390,Mv,60,0,siteSCoutlet170807,Y,267972.9067,9956.231547,3.170444037,3.172840921
391,Mv,50,0,site10,Y,82937.72067,14417.93643,3.526857381,3.529679978
392,Mv,54,0,siteDC-4,Y,127713.0386,14417.93643,3.526857381,3.529679978
393,Mv,56,0,SC-8B,Y,237453.753,14417.93643,3.526857381,3.529679978
394,Mv,58,0,siteSC-9A,Y,258694.6456,14417.93643,3.526857381,3.529679978
395,Mv,59,0,siteSCoutlet170710,Y,263523.1099,14417.93643,3.526857381,3.529679978
396,Mv,60,0,siteSCoutlet170807,Y,267972.9067,14417.93643,3.526857381,3.529679978
397,Mv,50,0,site10,Y,82937.72067,3494.00752,0.406024662,0.406331605
398,Mv,54,0,siteDC-4,Y,127713.0386,3494.00752,0.406024662,0.406331605
399,Mv,56,0,SC-8B,Y,237453.753,3494.00752,0.406024662,0.406331605
400,Mv,58,0,siteSC-9A,Y,258694.6456,3494.00752,0.406024662,0.406331605
401,Mv,59,0,siteSCoutlet170710,Y,263523.1099,3494.00752,0.406024662,0.406331605
402,Mv,60,0,siteSCoutlet170807,Y,267972.9067,3494.00752,0.406024662,0.406331605
403,Gt,50,0,site10,Y,82937.72067,4506.212595,0.726643113,0.727191182
404,Gt,54,0,siteDC-4,Y,127713.0386,4506.212595,0.726643113,0.727191182
405,Gt,56,0,SC-8B,Y,237453.753,4506.212595,0.726643113,0.727191182
406,Gt,58,0,siteSC-9A,Y,258694.6456,4506.212595,0.726643113,0.727191182
407,Gt,59,0,siteSCoutlet170710,Y,263523.1099,4506.212595,0.726643113,0.727191182
408,Gt,60,0,siteSCoutlet170807,Y,267972.9067,4506.212595,0.726643113,0.727191182
409,Cx,50,0,site10,Y,82937.72067,40987.11566,10.10086082,10.10889608
410,Cx,54,0,siteDC-4,Y,127713.0386,40987.11566,10.10086082,10.10889608
411,Cx,56,0,SC-8B,Y,237453.753,40987.11566,10.10086082,10.10889608
412,Cx,58,0,siteSC-9A,Y,258694.6456,40987.11566,10.10086082,10.10889608
413,Cx,59,0,siteSCoutlet170710,Y,263523.1099,40987.11566,10.10086082,10.10889608
414,Cx,60,0,siteSCoutlet170807,Y,267972.9067,40987.11566,10.10086082,10.10889608
415,Mv,50,0,site10,Y,82937.72067,20341.97817,8.220942082,8.227416281
416,Mv,54,0,siteDC-4,Y,127713.0386,20341.97817,8.220942082,8.227416281
417,Mv,56,0,SC-8B,Y,237453.753,20341.97817,8.220942082,8.227416281
418,Mv,58,0,siteSC-9A,Y,258694.6456,20341.97817,8.220942082,8.227416281
419,Mv,59,0,siteSCoutlet170710,Y,263523.1099,20341.97817,8.220942082,8.227416281
420,Mv,60,0,siteSCoutlet170807,Y,267972.9067,20341.97817,8.220942082,8.227416281
421,MhMrMm,50,0,site10,Y,82937.72067,3100.72064,0.544404528,0.544812567
422,MhMrMm,54,0,siteDC-4,Y,127713.0386,3100.72064,0.544404528,0.544812567
423,MhMrMm,56,0,SC-8B,Y,237453.753,3100.72064,0.544404528,0.544812567
424,MhMrMm,58,0,siteSC-9A,Y,258694.6456,3100.72064,0.544404528,0.544812567
425,MhMrMm,59,0,siteSCoutlet170710,Y,263523.1099,3100.72064,0.544404528,0.544812567
426,MhMrMm,60,0,siteSCoutlet170807,Y,267972.9067,3100.72064,0.544404528,0.544812567
427,Cx,50,0,site10,Y,82937.72067,526.6549706,0.002087123,0.002088342
428,Cx,54,0,siteDC-4,Y,127713.0386,526.6549706,0.002087123,0.002088342
429,Cx,56,0,SC-8B,Y,237453.753,526.6549706,0.002087123,0.002088342
430,Cx,58,0,siteSC-9A,Y,258694.6456,526.6549706,0.002087123,0.002088342
431,Cx,59,0,siteSCoutlet170710,Y,263523.1099,526.6549706,0.002087123,0.002088342
432,Cx,60,0,siteSCoutlet170807,Y,267972.9067,526.6549706,0.002087123,0.002088342
433,Cx,50,0,site10,Y,82937.72067,309.9273595,0.001506969,0.001507745
434,Cx,54,0,siteDC-4,Y,127713.0386,309.9273595,0.001506969,0.001507745
435,Cx,56,0,SC-8B,Y,237453.753,309.9273595,0.001506969,0.001507745
436,Cx,58,0,siteSC-9A,Y,258694.6456,309.9273595,0.001506969,0.001507745
437,Cx,59,0,siteSCoutlet170710,Y,263523.1099,309.9273595,0.001506969,0.001507745
438,Cx,60,0,siteSCoutlet170807,Y,267972.9067,309.9273595,0.001506969,0.001507745
439,Af,50,0,site10,Y,82937.72067,3844.155686,0.519945985,0.520332521
440,Af,54,0,siteDC-4,Y,127713.0386,3844.155686,0.519945985,0.520332521
441,Af,56,0,SC-8B,Y,237453.753,3844.155686,0.519945985,0.520332521
442,Af,58,0,siteSC-9A,Y,258694.6456,3844.155686,0.519945985,0.520332521
443,Af,59,0,siteSCoutlet170710,Y,263523.1099,3844.155686,0.519945985,0.520332521
444,Af,60,0,siteSCoutlet170807,Y,267972.9067,3844.155686,0.519945985,0.520332521
445,MhMrMm,50,0,site10,Y,82937.72067,17631.65747,8.717630688,8.724684236
446,MhMrMm,54,0,siteDC-4,Y,127713.0386,17631.65747,8.717630688,8.724684236
447,MhMrMm,56,0,SC-8B,Y,237453.753,17631.65747,8.717630688,8.724684236
448,MhMrMm,58,0,siteSC-9A,Y,258694.6456,17631.65747,8.717630688,8.724684236
449,MhMrMm,59,0,siteSCoutlet170710,Y,263523.1099,17631.65747,8.717630688,8.724684236
450,MhMrMm,60,0,siteSCoutlet170807,Y,267972.9067,17631.65747,8.717630688,8.724684236
451,MhMrMm,50,0,site10,Y,82937.72067,16327.66328,5.761428303,5.766035401
452,MhMrMm,54,0,siteDC-4,Y,127713.0386,16327.66328,5.761428303,5.766035401
453,MhMrMm,56,0,SC-8B,Y,237453.753,16327.66328,5.761428303,5.766035401
454,MhMrMm,58,0,siteSC-9A,Y,258694.6456,16327.66328,5.761428303,5.766035401
455,MhMrMm,59,0,siteSCoutlet170710,Y,263523.1099,16327.66328,5.761428303,5.766035401
456,MhMrMm,60,0,siteSCoutlet170807,Y,267972.9067,16327.66328,5.761428303,5.766035401
457,MpMbMpv,50,0,site10,Y,82937.72067,55299.07784,35.07905048,35.10734344
458,MpMbMpv,54,0,siteDC-4,Y,127713.0386,55299.07784,35.07905048,35.10734344
459,MpMbMpv,56,0,SC-8B,Y,237453.753,55299.07784,35.07905048,35.10734344
460,MpMbMpv,58,0,siteSC-9A,Y,258694.6456,55299.07784,35.07905048,35.10734344
461,MpMbMpv,59,0,siteSCoutlet170710,Y,263523.1099,55299.07784,35.07905048,35.10734344
462,MpMbMpv,60,0,siteSCoutlet170807,Y,267972.9067,55299.07784,35.07905048,35.10734344
463,MpMbMpv,50,0,site10,Y,82937.72067,1114.643673,0.068784886,0.068835232
464,MpMbMpv,54,0,siteDC-4,Y,127713.0386,1114.643673,0.068784886,0.068835232
465,MpMbMpv,56,0,SC-8B,Y,237453.753,1114.643673,0.068784886,0.068835232
466,MpMbMpv,58,0,siteSC-9A,Y,258694.6456,1114.643673,0.068784886,0.068835232
467,MpMbMpv,59,0,siteSCoutlet170710,Y,263523.1099,1114.643673,0.068784886,0.068835232
468,MpMbMpv,60,0,siteSCoutlet170807,Y,267972.9067,1114.643673,0.068784886,0.068835232
469,R/Cv,50,0,site10,Y,82937.72067,7426.766919,2.667981089,2.669937146
470,R/Cv,54,0,siteDC-4,Y,127713.0386,7426.766919,2.667981089,2.669937146
471,R/Cv,56,0,SC-8B,Y,237453.753,7426.766919,2.667981089,2.669937146
472,R/Cv,58,0,siteSC-9A,Y,258694.6456,7426.766919,2.667981089,2.669937146
473,R/Cv,59,0,siteSCoutlet170710,Y,263523.1099,7426.766919,2.667981089,2.669937146
474,R/Cv,60,0,siteSCoutlet170807,Y,267972.9067,7426.766919,2.667981089,2.669937146
475,R/Cv,50,0,site10,Y,82937.72067,12251.9439,1.716914075,1.718240183
476,R/Cv,54,0,siteDC-4,Y,127713.0386,12251.9439,1.716914075,1.718240183
477,R/Cv,56,0,SC-8B,Y,237453.753,12251.9439,1.716914075,1.718240183
478,R/Cv,58,0,siteSC-9A,Y,258694.6456,12251.9439,1.716914075,1.718240183
479,R/Cv,59,0,siteSCoutlet170710,Y,263523.1099,12251.9439,1.716914075,1.718240183
480,R/Cv,60,0,siteSCoutlet170807,Y,267972.9067,12251.9439,1.716914075,1.718240183
481,MpMbMpv,53,0,siteDC-3,Y,43137.1669,12117.93922,1.866814019,1.868192595
482,MpMbMpv,54,0,siteDC-4,Y,127713.0386,12117.93922,1.866814019,1.868192595
483,MpMbMpv,56,0,SC-8B,Y,237453.753,12117.93922,1.866814019,1.868192595
484,MpMbMpv,58,0,siteSC-9A,Y,258694.6456,12117.93922,1.866814019,1.868192595
485,MpMbMpv,59,0,siteSCoutlet170710,Y,263523.1099,12117.93922,1.866814019,1.868192595
486,MpMbMpv,60,0,siteSCoutlet170807,Y,267972.9067,12117.93922,1.866814019,1.868192595
487,Cx,53,0,siteDC-3,Y,43137.1669,21450.65541,4.616703844,4.620463296
488,Cx,54,0,siteDC-4,Y,127713.0386,21450.65541,4.616703844,4.620463296
489,Cx,56,0,SC-8B,Y,237453.753,21450.65541,4.616703844,4.620463296
490,Cx,58,0,siteSC-9A,Y,258694.6456,21450.65541,4.616703844,4.620463296
491,Cx,59,0,siteSCoutlet170710,Y,263523.1099,21450.65541,4.616703844,4.620463296
492,Cx,60,0,siteSCoutlet170807,Y,267972.9067,21450.65541,4.616703844,4.620463296
493,Mv,53,0,siteDC-3,Y,43137.1669,10889.94469,2.270907014,2.272744416
494,Mv,54,0,siteDC-4,Y,127713.0386,10889.94469,2.270907014,2.272744416
495,Mv,56,0,SC-8B,Y,237453.753,10889.94469,2.270907014,2.272744416
496,Mv,58,0,siteSC-9A,Y,258694.6456,10889.94469,2.270907014,2.272744416
497,Mv,59,0,siteSCoutlet170710,Y,263523.1099,10889.94469,2.270907014,2.272744416
498,Mv,60,0,siteSCoutlet170807,Y,267972.9067,10889.94469,2.270907014,2.272744416
499,MhMrMm,53,0,siteDC-3,Y,43137.1669,20133.11738,8.852079013,8.859198898
500,MhMrMm,54,0,siteDC-4,Y,127713.0386,20133.11738,8.852079013,8.859198898
501,MhMrMm,56,0,SC-8B,Y,237453.753,20133.11738,8.852079013,8.859198898
502,MhMrMm,58,0,siteSC-9A,Y,258694.6456,20133.11738,8.852079013,8.859198898
503,MhMrMm,59,0,siteSCoutlet170710,Y,263523.1099,20133.11738,8.852079013,8.859198898
504,MhMrMm,60,0,siteSCoutlet170807,Y,267972.9067,20133.11738,8.852079013,8.859198898
505,MpMbMpv,53,0,siteDC-3,Y,43137.1669,16019.84113,3.508071367,3.510863587
506,MpMbMpv,54,0,siteDC-4,Y,127713.0386,16019.84113,3.508071367,3.510863587
507,MpMbMpv,56,0,SC-8B,Y,237453.753,16019.84113,3.508071367,3.510863587
508,MpMbMpv,58,0,siteSC-9A,Y,258694.6456,16019.84113,3.508071367,3.510863587
509,MpMbMpv,59,0,siteSCoutlet170710,Y,263523.1099,16019.84113,3.508071367,3.510863587
510,MpMbMpv,60,0,siteSCoutlet170807,Y,267972.9067,16019.84113,3.508071367,3.510863587
511,MhMrMm,54,0,siteDC-4,Y,127713.0386,63529.99964,39.84737047,39.87889755
512,MhMrMm,54,0,siteDC-4,Y,127713.0386,63529.99964,39.84737047,39.87889755
513,MhMrMm,56,0,SC-8B,Y,237453.753,63529.99964,39.84737047,39.87889755
514,MhMrMm,56,0,SC-8B,Y,237453.753,63529.99964,39.84737047,39.87889755
515,MhMrMm,58,0,siteSC-9A,Y,258694.6456,63529.99964,39.84737047,39.87889755
516,MhMrMm,58,0,siteSC-9A,Y,258694.6456,63529.99964,39.84737047,39.87889755
517,MhMrMm,59,0,siteSCoutlet170710,Y,263523.1099,63529.99964,39.84737047,39.87889755
518,MhMrMm,59,0,siteSCoutlet170710,Y,263523.1099,63529.99964,39.84737047,39.87889755
519,MhMrMm,60,0,siteSCoutlet170807,Y,267972.9067,63529.99964,39.84737047,39.87889755
520,MhMrMm,60,0,siteSCoutlet170807,Y,267972.9067,63529.99964,39.84737047,39.87889755
521,Cx,54,0,siteDC-4,Y,127713.0386,197.5711954,0.000913546,0.000914319
522,MhMrMm,54,0,siteDC-4,Y,127713.0386,197.5711954,0.000913546,0.000914319
523,Cx,56,0,SC-8B,Y,237453.753,197.5711954,0.000913546,0.000914319
524,MhMrMm,56,0,SC-8B,Y,237453.753,197.5711954,0.000913546,0.000914319
525,Cx,58,0,siteSC-9A,Y,258694.6456,197.5711954,0.000913546,0.000914319
526,MhMrMm,58,0,siteSC-9A,Y,258694.6456,197.5711954,0.000913546,0.000914319
527,Cx,59,0,siteSCoutlet170710,Y,263523.1099,197.5711954,0.000913546,0.000914319
528,MhMrMm,59,0,siteSCoutlet170710,Y,263523.1099,197.5711954,0.000913546,0.000914319
529,Cx,60,0,siteSCoutlet170807,Y,267972.9067,197.5711954,0.000913546,0.000914319
530,MhMrMm,60,0,siteSCoutlet170807,Y,267972.9067,197.5711954,0.000913546,0.000914319
531,Cx,54,0,siteDC-4,Y,127713.0386,480.4644403,0.002411078,0.002412004
532,MhMrMm,54,0,siteDC-4,Y,127713.0386,480.4644403,0.002411078,0.002412004
533,Cx,56,0,SC-8B,Y,237453.753,480.4644403,0.002411078,0.002412004
534,MhMrMm,56,0,SC-8B,Y,237453.753,480.4644403,0.002411078,0.002412004
535,Cx,58,0,siteSC-9A,Y,258694.6456,480.4644403,0.002411078,0.002412004
536,MhMrMm,58,0,siteSC-9A,Y,258694.6456,480.4644403,0.002411078,0.002412004
537,Cx,59,0,siteSCoutlet170710,Y,263523.1099,480.4644403,0.002411078,0.002412004
538,MhMrMm,59,0,siteSCoutlet170710,Y,263523.1099,480.4644403,0.002411078,0.002412004
539,Cx,60,0,siteSCoutlet170807,Y,267972.9067,480.4644403,0.002411078,0.002412004
540,MhMrMm,60,0,siteSCoutlet170807,Y,267972.9067,480.4644403,0.002411078,0.002412004
541,Mv,54,0,siteDC-4,Y,127713.0386,5262.607058,0.488774797,0.489158374
542,MhMrMm,54,0,siteDC-4,Y,127713.0386,5262.607058,0.488774797,0.489158374
543,Mv,56,0,SC-8B,Y,237453.753,5262.607058,0.488774797,0.489158374
544,MhMrMm,56,0,SC-8B,Y,237453.753,5262.607058,0.488774797,0.489158374
545,Mv,58,0,siteSC-9A,Y,258694.6456,5262.607058,0.488774797,0.489158374
546,MhMrMm,58,0,siteSC-9A,Y,258694.6456,5262.607058,0.488774797,0.489158374
547,Mv,59,0,siteSCoutlet170710,Y,263523.1099,5262.607058,0.488774797,0.489158374
548,MhMrMm,59,0,siteSCoutlet170710,Y,263523.1099,5262.607058,0.488774797,0.489158374
549,Mv,60,0,siteSCoutlet170807,Y,267972.9067,5262.607058,0.488774797,0.489158374
550,MhMrMm,60,0,siteSCoutlet170807,Y,267972.9067,5262.607058,0.488774797,0.489158374
551,R/Cv,56,0,SC-8B,Y,237453.753,1035.212904,0.03318517,0.033209701
552,R/Cv,58,0,siteSC-9A,Y,258694.6456,1035.212904,0.03318517,0.033209701
553,R/Cv,59,0,siteSCoutlet170710,Y,263523.1099,1035.212904,0.03318517,0.033209701
554,R/Cv,60,0,siteSCoutlet170807,Y,267972.9067,1035.212904,0.03318517,0.033209701
555,R/Cv,79,0,siteSC-6B,Y,194569.6103,1035.212904,0.03318517,0.033209701
556,R/Cv,82,0,siteSC-7B,Y,213971.6585,1035.212904,0.03318517,0.033209701
557,Mv,56,0,SC-8B,Y,237453.753,10441.26987,2.403117655,2.404976854
558,Mv,58,0,siteSC-9A,Y,258694.6456,10441.26987,2.403117655,2.404976854
559,Mv,59,0,siteSCoutlet170710,Y,263523.1099,10441.26987,2.403117655,2.404976854
560,Mv,60,0,siteSCoutlet170807,Y,267972.9067,10441.26987,2.403117655,2.404976854
561,Mv,79,0,siteSC-6B,Y,194569.6103,10441.26987,2.403117655,2.404976854
562,Mv,82,0,siteSC-7B,Y,213971.6585,10441.26987,2.403117655,2.404976854
563,R/Cv,56,0,SC-8B,Y,237453.753,276.471843,0.002613051,0.002615038
564,R/Cv,58,0,siteSC-9A,Y,258694.6456,276.471843,0.002613051,0.002615038
565,R/Cv,59,0,siteSCoutlet170710,Y,263523.1099,276.471843,0.002613051,0.002615038
566,R/Cv,60,0,siteSCoutlet170807,Y,267972.9067,276.471843,0.002613051,0.002615038
567,R/Cv,79,0,siteSC-6B,Y,194569.6103,276.471843,0.002613051,0.002615038
568,R/Cv,82,0,siteSC-7B,Y,213971.6585,276.471843,0.002613051,0.002615038
569,Mv,56,0,SC-8B,Y,237453.753,4359.467281,0.447723875,0.448047677
570,Mv,58,0,siteSC-9A,Y,258694.6456,4359.467281,0.447723875,0.448047677
571,Mv,59,0,siteSCoutlet170710,Y,263523.1099,4359.467281,0.447723875,0.448047677
572,Mv,60,0,siteSCoutlet170807,Y,267972.9067,4359.467281,0.447723875,0.448047677
573,Mv,79,0,siteSC-6B,Y,194569.6103,4359.467281,0.447723875,0.448047677
574,Mv,82,0,siteSC-7B,Y,213971.6585,4359.467281,0.447723875,0.448047677
575,Mv,56,0,SC-8B,Y,237453.753,18312.013,5.752078357,5.756525993
576,Mv,58,0,siteSC-9A,Y,258694.6456,18312.013,5.752078357,5.756525993
577,Mv,59,0,siteSCoutlet170710,Y,263523.1099,18312.013,5.752078357,5.756525993
578,Mv,60,0,siteSCoutlet170807,Y,267972.9067,18312.013,5.752078357,5.756525993
579,Mv,79,0,siteSC-6B,Y,194569.6103,18312.013,5.752078357,5.756525993
580,Mv,82,0,siteSC-7B,Y,213971.6585,18312.013,5.752078357,5.756525993
581,MpMbMpv,56,0,SC-8B,Y,237453.753,3013.912823,0.470881572,0.471245723
582,MpMbMpv,58,0,siteSC-9A,Y,258694.6456,3013.912823,0.470881572,0.471245723
583,MpMbMpv,59,0,siteSCoutlet170710,Y,263523.1099,3013.912823,0.470881572,0.471245723
584,MpMbMpv,60,0,siteSCoutlet170807,Y,267972.9067,3013.912823,0.470881572,0.471245723
585,MpMbMpv,79,0,siteSC-6B,Y,194569.6103,3013.912823,0.470881572,0.471245723
586,MpMbMpv,82,0,siteSC-7B,Y,213971.6585,3013.912823,0.470881572,0.471245723
587,MpMbMpv,56,0,SC-8B,Y,237453.753,3205.309099,0.215982869,0.216139476
588,MpMbMpv,58,0,siteSC-9A,Y,258694.6456,3205.309099,0.215982869,0.216139476
589,MpMbMpv,59,0,siteSCoutlet170710,Y,263523.1099,3205.309099,0.215982869,0.216139476
590,MpMbMpv,60,0,siteSCoutlet170807,Y,267972.9067,3205.309099,0.215982869,0.216139476
591,MpMbMpv,79,0,siteSC-6B,Y,194569.6103,3205.309099,0.215982869,0.216139476
592,MpMbMpv,82,0,siteSC-7B,Y,213971.6585,3205.309099,0.215982869,0.216139476
593,Cx,56,0,SC-8B,Y,237453.753,3045.998322,0.567878904,0.56832277
594,Cx,58,0,siteSC-9A,Y,258694.6456,3045.998322,0.567878904,0.56832277
595,Cx,59,0,siteSCoutlet170710,Y,263523.1099,3045.998322,0.567878904,0.56832277
596,Cx,60,0,siteSCoutlet170807,Y,267972.9067,3045.998322,0.567878904,0.56832277
597,Cx,79,0,siteSC-6B,Y,194569.6103,3045.998322,0.567878904,0.56832277
598,Cx,82,0,siteSC-7B,Y,213971.6585,3045.998322,0.567878904,0.56832277
599,Gt,56,0,SC-8B,Y,237453.753,3263.210375,0.676293189,0.676800873
600,Gt,58,0,siteSC-9A,Y,258694.6456,3263.210375,0.676293189,0.676800873
601,Gt,59,0,siteSCoutlet170710,Y,263523.1099,3263.210375,0.676293189,0.676800873
602,Gt,60,0,siteSCoutlet170807,Y,267972.9067,3263.210375,0.676293189,0.676800873
603,Gt,79,0,siteSC-6B,Y,194569.6103,3263.210375,0.676293189,0.676800873
604,Gt,82,0,siteSC-7B,Y,213971.6585,3263.210375,0.676293189,0.676800873
605,Cx,56,0,SC-8B,Y,237453.753,4212.665089,0.155903769,0.155988481
606,Cx,58,0,siteSC-9A,Y,258694.6456,4212.665089,0.155903769,0.155988481
607,Cx,59,0,siteSCoutlet170710,Y,263523.1099,4212.665089,0.155903769,0.155988481
608,Cx,60,0,siteSCoutlet170807,Y,267972.9067,4212.665089,0.155903769,0.155988481
609,Cx,79,0,siteSC-6B,Y,194569.6103,4212.665089,0.155903769,0.155988481
610,Cx,82,0,siteSC-7B,Y,213971.6585,4212.665089,0.155903769,0.155988481
611,Gt,56,0,SC-8B,Y,237453.753,1492.531155,0.149648785,0.149757012
612,Gt,58,0,siteSC-9A,Y,258694.6456,1492.531155,0.149648785,0.149757012
613,Gt,59,0,siteSCoutlet170710,Y,263523.1099,1492.531155,0.149648785,0.149757012
614,Gt,60,0,siteSCoutlet170807,Y,267972.9067,1492.531155,0.149648785,0.149757012
615,Gt,79,0,siteSC-6B,Y,194569.6103,1492.531155,0.149648785,0.149757012
616,Gt,82,0,siteSC-7B,Y,213971.6585,1492.531155,0.149648785,0.149757012
617,MpMbMpv,56,0,SC-8B,Y,237453.753,31722.69395,14.10111002,14.11211687
618,MpMbMpv,58,0,siteSC-9A,Y,258694.6456,31722.69395,14.10111002,14.11211687
619,MpMbMpv,59,0,siteSCoutlet170710,Y,263523.1099,31722.69395,14.10111002,14.11211687
620,MpMbMpv,60,0,siteSCoutlet170807,Y,267972.9067,31722.69395,14.10111002,14.11211687
621,MpMbMpv,79,0,siteSC-6B,Y,194569.6103,31722.69395,14.10111002,14.11211687
622,MpMbMpv,82,0,siteSC-7B,Y,213971.6585,31722.69395,14.10111002,14.11211687
623,MpMbMpv,56,0,SC-8B,Y,237453.753,22873.05032,11.14006054,11.14848453
624,MpMbMpv,58,0,siteSC-9A,Y,258694.6456,22873.05032,11.14006054,11.14848453
625,MpMbMpv,59,0,siteSCoutlet170710,Y,263523.1099,22873.05032,11.14006054,11.14848453
626,MpMbMpv,60,0,siteSCoutlet170807,Y,267972.9067,22873.05032,11.14006054,11.14848453
627,MpMbMpv,79,0,siteSC-6B,Y,194569.6103,22873.05032,11.14006054,11.14848453
628,MpMbMpv,82,0,siteSC-7B,Y,213971.6585,22873.05032,11.14006054,11.14848453
629,Cx,56,0,SC-8B,Y,237453.753,59753.12428,13.64565387,13.65686563
630,Cx,58,0,siteSC-9A,Y,258694.6456,59753.12428,13.64565387,13.65686563
631,Cx,59,0,siteSCoutlet170710,Y,263523.1099,59753.12428,13.64565387,13.65686563
632,Cx,60,0,siteSCoutlet170807,Y,267972.9067,59753.12428,13.64565387,13.65686563
633,Cx,79,0,siteSC-6B,Y,194569.6103,59753.12428,13.64565387,13.65686563
634,Cx,82,0,siteSC-7B,Y,213971.6585,59753.12428,13.64565387,13.65686563
635,Cx,56,0,SC-8B,Y,237453.753,32.592702,4.29225E-05,4.29607E-05
636,Cx,58,0,siteSC-9A,Y,258694.6456,32.592702,4.29225E-05,4.29607E-05
637,Cx,59,0,siteSCoutlet170710,Y,263523.1099,32.592702,4.29225E-05,4.29607E-05
638,Cx,60,0,siteSCoutlet170807,Y,267972.9067,32.592702,4.29225E-05,4.29607E-05
639,Cx,79,0,siteSC-6B,Y,194569.6103,32.592702,4.29225E-05,4.29607E-05
640,Cx,82,0,siteSC-7B,Y,213971.6585,32.592702,4.29225E-05,4.29607E-05
641,Cx,56,0,SC-8B,Y,237453.753,91.33445038,6.60656E-05,6.61148E-05
642,Cx,58,0,siteSC-9A,Y,258694.6456,91.33445038,6.60656E-05,6.61148E-05
643,Cx,59,0,siteSCoutlet170710,Y,263523.1099,91.33445038,6.60656E-05,6.61148E-05
644,Cx,60,0,siteSCoutlet170807,Y,267972.9067,91.33445038,6.60656E-05,6.61148E-05
645,Cx,79,0,siteSC-6B,Y,194569.6103,91.33445038,6.60656E-05,6.61148E-05
646,Cx,82,0,siteSC-7B,Y,213971.6585,91.33445038,6.60656E-05,6.61148E-05
647,Cx,56,0,SC-8B,Y,237453.753,163.4296357,0.000336842,0.00033687
648,Cx,58,0,siteSC-9A,Y,258694.6456,163.4296357,0.000336842,0.00033687
649,Cx,59,0,siteSCoutlet170710,Y,263523.1099,163.4296357,0.000336842,0.00033687
650,Cx,60,0,siteSCoutlet170807,Y,267972.9067,163.4296357,0.000336842,0.00033687
651,Cx,79,0,siteSC-6B,Y,194569.6103,163.4296357,0.000336842,0.00033687
652,Cx,82,0,siteSC-7B,Y,213971.6585,163.4296357,0.000336842,0.00033687
653,MhMrMm,56,0,SC-8B,Y,237453.753,12291.98081,1.674695799,1.676074528
654,MhMrMm,58,0,siteSC-9A,Y,258694.6456,12291.98081,1.674695799,1.676074528
655,MhMrMm,59,0,siteSCoutlet170710,Y,263523.1099,12291.98081,1.674695799,1.676074528
656,MhMrMm,60,0,siteSCoutlet170807,Y,267972.9067,12291.98081,1.674695799,1.676074528
657,MhMrMm,79,0,siteSC-6B,Y,194569.6103,12291.98081,1.674695799,1.676074528
658,MhMrMm,82,0,siteSC-7B,Y,213971.6585,12291.98081,1.674695799,1.676074528
659,MhMrMm,56,0,SC-8B,Y,237453.753,32321.12212,20.18949076,20.20574462
660,MhMrMm,58,0,siteSC-9A,Y,258694.6456,32321.12212,20.18949076,20.20574462
661,MhMrMm,59,0,siteSCoutlet170710,Y,263523.1099,32321.12212,20.18949076,20.20574462
662,MhMrMm,60,0,siteSCoutlet170807,Y,267972.9067,32321.12212,20.18949076,20.20574462
663,MhMrMm,79,0,siteSC-6B,Y,194569.6103,32321.12212,20.18949076,20.20574462
664,MhMrMm,82,0,siteSC-7B,Y,213971.6585,32321.12212,20.18949076,20.20574462
665,MhMrMm,56,0,SC-8B,Y,237453.753,292.8323,0.00143475,0.001436147
666,MhMrMm,58,0,siteSC-9A,Y,258694.6456,292.8323,0.00143475,0.001436147
667,MhMrMm,59,0,siteSCoutlet170710,Y,263523.1099,292.8323,0.00143475,0.001436147
668,MhMrMm,60,0,siteSCoutlet170807,Y,267972.9067,292.8323,0.00143475,0.001436147
669,MhMrMm,79,0,siteSC-6B,Y,194569.6103,292.8323,0.00143475,0.001436147
670,MhMrMm,82,0,siteSC-7B,Y,213971.6585,292.8323,0.00143475,0.001436147
671,MhMrMm,56,0,SC-8B,Y,237453.753,241.7295602,0.000350835,0.000351135
672,MhMrMm,58,0,siteSC-9A,Y,258694.6456,241.7295602,0.000350835,0.000351135
673,MhMrMm,59,0,siteSCoutlet170710,Y,263523.1099,241.7295602,0.000350835,0.000351135
674,MhMrMm,60,0,siteSCoutlet170807,Y,267972.9067,241.7295602,0.000350835,0.000351135
675,MhMrMm,79,0,siteSC-6B,Y,194569.6103,241.7295602,0.000350835,0.000351135
676,MhMrMm,82,0,siteSC-7B,Y,213971.6585,241.7295602,0.000350835,0.000351135
677,MhMrMm,56,0,SC-8B,Y,237453.753,673.4789049,0.008248088,0.008254616
678,MhMrMm,58,0,siteSC-9A,Y,258694.6456,673.4789049,0.008248088,0.008254616
679,MhMrMm,59,0,siteSCoutlet170710,Y,263523.1099,673.4789049,0.008248088,0.008254616
680,MhMrMm,60,0,siteSCoutlet170807,Y,267972.9067,673.4789049,0.008248088,0.008254616
681,MhMrMm,79,0,siteSC-6B,Y,194569.6103,673.4789049,0.008248088,0.008254616
682,MhMrMm,82,0,siteSC-7B,Y,213971.6585,673.4789049,0.008248088,0.008254616
683,ApAt,56,0,SC-8B,Y,237453.753,5665.930547,0.625590199,0.626072592
684,ApAt,58,0,siteSC-9A,Y,258694.6456,5665.930547,0.625590199,0.626072592
685,ApAt,59,0,siteSCoutlet170710,Y,263523.1099,5665.930547,0.625590199,0.626072592
686,ApAt,60,0,siteSCoutlet170807,Y,267972.9067,5665.930547,0.625590199,0.626072592
687,ApAt,79,0,siteSC-6B,Y,194569.6103,5665.930547,0.625590199,0.626072592
688,ApAt,82,0,siteSC-7B,Y,213971.6585,5665.930547,0.625590199,0.626072592
689,MpMbMpv,56,0,SC-8B,Y,237453.753,3.243289154,8.41287E-08,8.47986E-08
690,MpMbMpv,58,0,siteSC-9A,Y,258694.6456,3.243289154,8.41287E-08,8.47986E-08
691,MpMbMpv,59,0,siteSCoutlet170710,Y,263523.1099,3.243289154,8.41287E-08,8.47986E-08
692,MpMbMpv,60,0,siteSCoutlet170807,Y,267972.9067,3.243289154,8.41287E-08,8.47986E-08
693,MpMbMpv,79,0,siteSC-6B,Y,194569.6103,3.243289154,8.41287E-08,8.47986E-08
694,MpMbMpv,82,0,siteSC-7B,Y,213971.6585,3.243289154,8.41287E-08,8.47986E-08
695,Mv,56,0,SC-8B,Y,237453.753,11054.67321,3.969010506,3.972064852
696,Mv,58,0,siteSC-9A,Y,258694.6456,11054.67321,3.969010506,3.972064852
697,Mv,59,0,siteSCoutlet170710,Y,263523.1099,11054.67321,3.969010506,3.972064852
698,Mv,60,0,siteSCoutlet170807,Y,267972.9067,11054.67321,3.969010506,3.972064852
699,Mv,79,0,siteSC-6B,Y,194569.6103,11054.67321,3.969010506,3.972064852
700,Mv,82,0,siteSC-7B,Y,213971.6585,11054.67321,3.969010506,3.972064852
701,Cx,56,0,SC-8B,Y,237453.753,8384.666396,1.889751505,1.891277183
702,Cx,58,0,siteSC-9A,Y,258694.6456,8384.666396,1.889751505,1.891277183
703,Cx,59,0,siteSCoutlet170710,Y,263523.1099,8384.666396,1.889751505,1.891277183
704,Cx,60,0,siteSCoutlet170807,Y,267972.9067,8384.666396,1.889751505,1.891277183
705,Cx,79,0,siteSC-6B,Y,194569.6103,8384.666396,1.889751505,1.891277183
706,Cx,82,0,siteSC-7B,Y,213971.6585,8384.666396,1.889751505,1.891277183
707,MhMrMm,56,0,SC-8B,Y,237453.753,21932.89218,11.62221071,11.63144173
708,MhMrMm,58,0,siteSC-9A,Y,258694.6456,21932.89218,11.62221071,11.63144173
709,MhMrMm,59,0,siteSCoutlet170710,Y,263523.1099,21932.89218,11.62221071,11.63144173
710,MhMrMm,60,0,siteSCoutlet170807,Y,267972.9067,21932.89218,11.62221071,11.63144173
711,MhMrMm,79,0,siteSC-6B,Y,194569.6103,21932.89218,11.62221071,11.63144173
712,MhMrMm,82,0,siteSC-7B,Y,213971.6585,21932.89218,11.62221071,11.63144173
713,MhMrMm,56,0,SC-8B,Y,237453.753,100.6456823,0.00015145,0.000151509
714,MhMrMm,58,0,siteSC-9A,Y,258694.6456,100.6456823,0.00015145,0.000151509
715,MhMrMm,59,0,siteSCoutlet170710,Y,263523.1099,100.6456823,0.00015145,0.000151509
716,MhMrMm,60,0,siteSCoutlet170807,Y,267972.9067,100.6456823,0.00015145,0.000151509
717,MhMrMm,79,0,siteSC-6B,Y,194569.6103,100.6456823,0.00015145,0.000151509
718,MhMrMm,82,0,siteSC-7B,Y,213971.6585,100.6456823,0.00015145,0.000151509
719,MpMbMpv,56,0,SC-8B,Y,237453.753,11542.4092,4.202165972,4.2054422
720,MpMbMpv,58,0,siteSC-9A,Y,258694.6456,11542.4092,4.202165972,4.2054422
721,MpMbMpv,59,0,siteSCoutlet170710,Y,263523.1099,11542.4092,4.202165972,4.2054422
722,MpMbMpv,60,0,siteSCoutlet170807,Y,267972.9067,11542.4092,4.202165972,4.2054422
723,MpMbMpv,79,0,siteSC-6B,Y,194569.6103,11542.4092,4.202165972,4.2054422
724,MpMbMpv,82,0,siteSC-7B,Y,213971.6585,11542.4092,4.202165972,4.2054422
725,MpMbMpv,56,0,SC-8B,Y,237453.753,437.9218351,0.004308138,0.00431097
726,MpMbMpv,58,0,siteSC-9A,Y,258694.6456,437.9218351,0.004308138,0.00431097
727,MpMbMpv,59,0,siteSCoutlet170710,Y,263523.1099,437.9218351,0.004308138,0.00431097
728,MpMbMpv,60,0,siteSCoutlet170807,Y,267972.9067,437.9218351,0.004308138,0.00431097
729,MpMbMpv,79,0,siteSC-6B,Y,194569.6103,437.9218351,0.004308138,0.00431097
730,MpMbMpv,82,0,siteSC-7B,Y,213971.6585,437.9218351,0.004308138,0.00431097
731,ApAt,56,0,SC-8B,Y,237453.753,14550.62334,1.959890863,1.961545833
732,ApAt,58,0,siteSC-9A,Y,258694.6456,14550.62334,1.959890863,1.961545833
733,ApAt,59,0,siteSCoutlet170710,Y,263523.1099,14550.62334,1.959890863,1.961545833
734,ApAt,60,0,siteSCoutlet170807,Y,267972.9067,14550.62334,1.959890863,1.961545833
735,ApAt,79,0,siteSC-6B,Y,194569.6103,14550.62334,1.959890863,1.961545833
736,ApAt,82,0,siteSC-7B,Y,213971.6585,14550.62334,1.959890863,1.961545833
737,Cv,56,0,SC-8B,Y,237453.753,243.9231995,0.001687252,0.001688518
738,Cv,58,0,siteSC-9A,Y,258694.6456,243.9231995,0.001687252,0.001688518
739,Cv,59,0,siteSCoutlet170710,Y,263523.1099,243.9231995,0.001687252,0.001688518
740,Cv,60,0,siteSCoutlet170807,Y,267972.9067,243.9231995,0.001687252,0.001688518
741,Cv,79,0,siteSC-6B,Y,194569.6103,243.9231995,0.001687252,0.001688518
742,Cv,82,0,siteSC-7B,Y,213971.6585,243.9231995,0.001687252,0.001688518
743,MpMbMpv,56,0,SC-8B,Y,237453.753,7520.341,2.919684499,2.921956868
744,MpMbMpv,58,0,siteSC-9A,Y,258694.6456,7520.341,2.919684499,2.921956868
745,MpMbMpv,59,0,siteSCoutlet170710,Y,263523.1099,7520.341,2.919684499,2.921956868
746,MpMbMpv,60,0,siteSCoutlet170807,Y,267972.9067,7520.341,2.919684499,2.921956868
747,MpMbMpv,80,0,site9alt,Y,43408.06294,7520.341,2.919684499,2.921956868
748,MpMbMpv,82,0,siteSC-7B,Y,213971.6585,7520.341,2.919684499,2.921956868
749,Cx,56,0,SC-8B,Y,237453.753,888.1177036,0.029432205,0.029453342
750,Cx,58,0,siteSC-9A,Y,258694.6456,888.1177036,0.029432205,0.029453342
751,Cx,59,0,siteSCoutlet170710,Y,263523.1099,888.1177036,0.029432205,0.029453342
752,Cx,60,0,siteSCoutlet170807,Y,267972.9067,888.1177036,0.029432205,0.029453342
753,Cx,80,0,site9alt,Y,43408.06294,888.1177036,0.029432205,0.029453342
754,Cx,82,0,siteSC-7B,Y,213971.6585,888.1177036,0.029432205,0.029453342
755,Cx,56,0,SC-8B,Y,237453.753,19883.87247,4.351783921,4.355416652
756,Cx,58,0,siteSC-9A,Y,258694.6456,19883.87247,4.351783921,4.355416652
757,Cx,59,0,siteSCoutlet170710,Y,263523.1099,19883.87247,4.351783921,4.355416652
758,Cx,60,0,siteSCoutlet170807,Y,267972.9067,19883.87247,4.351783921,4.355416652
759,Cx,80,0,site9alt,Y,43408.06294,19883.87247,4.351783921,4.355416652
760,Cx,82,0,siteSC-7B,Y,213971.6585,19883.87247,4.351783921,4.355416652
761,MpMbMpv,56,0,SC-8B,Y,237453.753,9426.566691,3.832274365,3.835359391
762,MpMbMpv,58,0,siteSC-9A,Y,258694.6456,9426.566691,3.832274365,3.835359391
763,MpMbMpv,59,0,siteSCoutlet170710,Y,263523.1099,9426.566691,3.832274365,3.835359391
764,MpMbMpv,60,0,siteSCoutlet170807,Y,267972.9067,9426.566691,3.832274365,3.835359391
765,MpMbMpv,80,0,site9alt,Y,43408.06294,9426.566691,3.832274365,3.835359391
766,MpMbMpv,82,0,siteSC-7B,Y,213971.6585,9426.566691,3.832274365,3.835359391
767,MpMbMpv,56,0,SC-8B,Y,237453.753,84.8759574,0.000110332,0.000110362
768,MpMbMpv,58,0,siteSC-9A,Y,258694.6456,84.8759574,0.000110332,0.000110362
769,MpMbMpv,59,0,siteSCoutlet170710,Y,263523.1099,84.8759574,0.000110332,0.000110362
770,MpMbMpv,60,0,siteSCoutlet170807,Y,267972.9067,84.8759574,0.000110332,0.000110362
771,MpMbMpv,80,0,site9alt,Y,43408.06294,84.8759574,0.000110332,0.000110362
772,MpMbMpv,82,0,siteSC-7B,Y,213971.6585,84.8759574,0.000110332,0.000110362
773,Gp,56,0,SC-8B,Y,237453.753,1764.469641,0.111503218,0.111586957
774,Gp,58,0,siteSC-9A,Y,258694.6456,1764.469641,0.111503218,0.111586957
775,Gp,59,0,siteSCoutlet170710,Y,263523.1099,1764.469641,0.111503218,0.111586957
776,Gp,60,0,siteSCoutlet170807,Y,267972.9067,1764.469641,0.111503218,0.111586957
777,Gp,80,0,site9alt,Y,43408.06294,1764.469641,0.111503218,0.111586957
778,Gp,82,0,siteSC-7B,Y,213971.6585,1764.469641,0.111503218,0.111586957
779,MhMrMm,56,0,SC-8B,Y,237453.753,17831.08187,4.012407931,4.015663088
780,MhMrMm,58,0,siteSC-9A,Y,258694.6456,17831.08187,4.012407931,4.015663088
781,MhMrMm,59,0,siteSCoutlet170710,Y,263523.1099,17831.08187,4.012407931,4.015663088
782,MhMrMm,60,0,siteSCoutlet170807,Y,267972.9067,17831.08187,4.012407931,4.015663088
783,MhMrMm,80,0,site9alt,Y,43408.06294,17831.08187,4.012407931,4.015663088
784,MhMrMm,82,0,siteSC-7B,Y,213971.6585,17831.08187,4.012407931,4.015663088
785,MhMrMm,56,0,SC-8B,Y,237453.753,44645.86937,17.54347365,17.55736575
786,MhMrMm,58,0,siteSC-9A,Y,258694.6456,44645.86937,17.54347365,17.55736575
787,MhMrMm,59,0,siteSCoutlet170710,Y,263523.1099,44645.86937,17.54347365,17.55736575
788,MhMrMm,60,0,siteSCoutlet170807,Y,267972.9067,44645.86937,17.54347365,17.55736575
789,MhMrMm,80,0,site9alt,Y,43408.06294,44645.86937,17.54347365,17.55736575
790,MhMrMm,82,0,siteSC-7B,Y,213971.6585,44645.86937,17.54347365,17.55736575
791,Cx,56,0,SC-8B,Y,237453.753,3085.396181,0.378123199,0.378424609
792,Cx,58,0,siteSC-9A,Y,258694.6456,3085.396181,0.378123199,0.378424609
793,Cx,59,0,siteSCoutlet170710,Y,263523.1099,3085.396181,0.378123199,0.378424609
794,Cx,60,0,siteSCoutlet170807,Y,267972.9067,3085.396181,0.378123199,0.378424609
795,Cx,81,0,site6,Y,13039.93453,3085.396181,0.378123199,0.378424609
796,Cx,82,0,siteSC-7B,Y,213971.6585,3085.396181,0.378123199,0.378424609
797,MhMrMm,56,0,SC-8B,Y,237453.753,13679.26653,4.594003686,4.597660595
798,MhMrMm,58,0,siteSC-9A,Y,258694.6456,13679.26653,4.594003686,4.597660595
799,MhMrMm,59,0,siteSCoutlet170710,Y,263523.1099,13679.26653,4.594003686,4.597660595
800,MhMrMm,60,0,siteSCoutlet170807,Y,267972.9067,13679.26653,4.594003686,4.597660595
801,MhMrMm,81,0,site6,Y,13039.93453,13679.26653,4.594003686,4.597660595
802,MhMrMm,82,0,siteSC-7B,Y,213971.6585,13679.26653,4.594003686,4.597660595
803,MhMrMm,56,0,SC-8B,Y,237453.753,25883.57988,12.51777001,12.52787148
804,MhMrMm,56,0,SC-8B,Y,237453.753,25883.57988,12.51777001,12.52787148
805,MhMrMm,58,0,siteSC-9A,Y,258694.6456,25883.57988,12.51777001,12.52787148
806,MhMrMm,58,0,siteSC-9A,Y,258694.6456,25883.57988,12.51777001,12.52787148
807,MhMrMm,59,0,siteSCoutlet170710,Y,263523.1099,25883.57988,12.51777001,12.52787148
808,MhMrMm,59,0,siteSCoutlet170710,Y,263523.1099,25883.57988,12.51777001,12.52787148
809,MhMrMm,60,0,siteSCoutlet170807,Y,267972.9067,25883.57988,12.51777001,12.52787148
810,MhMrMm,60,0,siteSCoutlet170807,Y,267972.9067,25883.57988,12.51777001,12.52787148
811,MhMrMm,82,0,siteSC-7B,Y,213971.6585,25883.57988,12.51777001,12.52787148
812,MhMrMm,82,0,siteSC-7B,Y,213971.6585,25883.57988,12.51777001,12.52787148
813,Cx,56,0,SC-8B,Y,237453.753,101.1102713,0.000102474,0.000102563
814,MhMrMm,56,0,SC-8B,Y,237453.753,101.1102713,0.000102474,0.000102563
815,Cx,58,0,siteSC-9A,Y,258694.6456,101.1102713,0.000102474,0.000102563
816,MhMrMm,58,0,siteSC-9A,Y,258694.6456,101.1102713,0.000102474,0.000102563
817,Cx,59,0,siteSCoutlet170710,Y,263523.1099,101.1102713,0.000102474,0.000102563
818,MhMrMm,59,0,siteSCoutlet170710,Y,263523.1099,101.1102713,0.000102474,0.000102563
819,Cx,60,0,siteSCoutlet170807,Y,267972.9067,101.1102713,0.000102474,0.000102563
820,MhMrMm,60,0,siteSCoutlet170807,Y,267972.9067,101.1102713,0.000102474,0.000102563
821,Cx,82,0,siteSC-7B,Y,213971.6585,101.1102713,0.000102474,0.000102563
822,MhMrMm,82,0,siteSC-7B,Y,213971.6585,101.1102713,0.000102474,0.000102563
823,Mv,56,0,SC-8B,Y,237453.753,9588.776106,3.032295393,3.034665265
824,MhMrMm,56,0,SC-8B,Y,237453.753,9588.776106,3.032295393,3.034665265
825,Mv,58,0,siteSC-9A,Y,258694.6456,9588.776106,3.032295393,3.034665265
826,MhMrMm,58,0,siteSC-9A,Y,258694.6456,9588.776106,3.032295393,3.034665265
827,Mv,59,0,siteSCoutlet170710,Y,263523.1099,9588.776106,3.032295393,3.034665265
828,MhMrMm,59,0,siteSCoutlet170710,Y,263523.1099,9588.776106,3.032295393,3.034665265
829,Mv,60,0,siteSCoutlet170807,Y,267972.9067,9588.776106,3.032295393,3.034665265
830,MhMrMm,60,0,siteSCoutlet170807,Y,267972.9067,9588.776106,3.032295393,3.034665265
831,Mv,82,0,siteSC-7B,Y,213971.6585,9588.776106,3.032295393,3.034665265
832,MhMrMm,82,0,siteSC-7B,Y,213971.6585,9588.776106,3.032295393,3.034665265
833,Mv,56,0,SC-8B,Y,237453.753,2718.855325,0.183589908,0.18373206
834,MhMrMm,56,0,SC-8B,Y,237453.753,2718.855325,0.183589908,0.18373206
835,Mv,58,0,siteSC-9A,Y,258694.6456,2718.855325,0.183589908,0.18373206
836,MhMrMm,58,0,siteSC-9A,Y,258694.6456,2718.855325,0.183589908,0.18373206
837,Mv,59,0,siteSCoutlet170710,Y,263523.1099,2718.855325,0.183589908,0.18373206
838,MhMrMm,59,0,siteSCoutlet170710,Y,263523.1099,2718.855325,0.183589908,0.18373206
839,Mv,60,0,siteSCoutlet170807,Y,267972.9067,2718.855325,0.183589908,0.18373206
840,MhMrMm,60,0,siteSCoutlet170807,Y,267972.9067,2718.855325,0.183589908,0.18373206
841,Mv,82,0,siteSC-7B,Y,213971.6585,2718.855325,0.183589908,0.18373206
842,MhMrMm,82,0,siteSC-7B,Y,213971.6585,2718.855325,0.183589908,0.18373206
843,MpMbMpv,12,0,site48,Y,6349.769336,175.4190116,0.001047097,0.00104791
844,MpMbMpv,13,0,SDDNTS100150704,Y,6396.227028,175.4190116,0.001047097,0.00104791
845,MpMbMpv,14,0,SDDNTS200150704,Y,6690.215488,175.4190116,0.001047097,0.00104791
846,MpMbMpv,15,0,SDDNTS300150704,Y,6912.094798,175.4190116,0.001047097,0.00104791
847,MpMbMpv,16,0,SDDNTS400150704,Y,7087.512259,175.4190116,0.001047097,0.00104791
848,MpMbMpv,45,0,S3INTSINFLOW3160730,Y,35682.3182,175.4190116,0.001047097,0.00104791
849,MpMbMpv,46,0,S3DNTS7160730,Y,39206.58459,175.4190116,0.001047097,0.00104791
850,Cx,37,0,HAUPTS2160617,Y,18863.82625,2128.890212,0.195771375,0.195925529
851,Cx,38,0,HAUPTS22160726,Y,18972.16236,2128.890212,0.195771375,0.195925529
852,Cx,40,0,HADNTS3160726,Y,19759.42525,2128.890212,0.195771375,0.195925529
853,Cx,41,0,S2UPTS4160617,Y,21949.53018,2128.890212,0.195771375,0.195925529
854,Cx,43,0,S2DNTS5160617,Y,24551.93494,2128.890212,0.195771375,0.195925529
855,Cx,44,0,S3UPTS6160730,Y,25887.85677,2128.890212,0.195771375,0.195925529
856,Cx,46,0,S3DNTS7160730,Y,39206.58459,2128.890212,0.195771375,0.195925529
857,MpMbMpv,37,0,HAUPTS2160617,Y,18863.82625,4725.270821,0.265677936,0.265880499
858,MpMbMpv,38,0,HAUPTS22160726,Y,18972.16236,4725.270821,0.265677936,0.265880499
859,MpMbMpv,40,0,HADNTS3160726,Y,19759.42525,4725.270821,0.265677936,0.265880499
860,MpMbMpv,41,0,S2UPTS4160617,Y,21949.53018,4725.270821,0.265677936,0.265880499
861,MpMbMpv,43,0,S2DNTS5160617,Y,24551.93494,4725.270821,0.265677936,0.265880499
862,MpMbMpv,44,0,S3UPTS6160730,Y,25887.85677,4725.270821,0.265677936,0.265880499
863,MpMbMpv,46,0,S3DNTS7160730,Y,39206.58459,4725.270821,0.265677936,0.265880499
864,MhMrMm,50,0,site10,Y,82937.72067,28788.42799,13.00084865,13.01115299
865,MhMrMm,50,0,site10,Y,82937.72067,28788.42799,13.00084865,13.01115299
866,MhMrMm,54,0,siteDC-4,Y,127713.0386,28788.42799,13.00084865,13.01115299
867,MhMrMm,54,0,siteDC-4,Y,127713.0386,28788.42799,13.00084865,13.01115299
868,MhMrMm,56,0,SC-8B,Y,237453.753,28788.42799,13.00084865,13.01115299
869,MhMrMm,56,0,SC-8B,Y,237453.753,28788.42799,13.00084865,13.01115299
870,MhMrMm,58,0,siteSC-9A,Y,258694.6456,28788.42799,13.00084865,13.01115299
871,MhMrMm,58,0,siteSC-9A,Y,258694.6456,28788.42799,13.00084865,13.01115299
872,MhMrMm,59,0,siteSCoutlet170710,Y,263523.1099,28788.42799,13.00084865,13.01115299
873,MhMrMm,59,0,siteSCoutlet170710,Y,263523.1099,28788.42799,13.00084865,13.01115299
874,MhMrMm,60,0,siteSCoutlet170807,Y,267972.9067,28788.42799,13.00084865,13.01115299
875,MhMrMm,60,0,siteSCoutlet170807,Y,267972.9067,28788.42799,13.00084865,13.01115299
876,Cx,50,0,site10,Y,82937.72067,120.1181456,9.9388E-05,9.94681E-05
877,Cx,50,0,site10,Y,82937.72067,120.1181456,9.9388E-05,9.94681E-05
878,Cx,54,0,siteDC-4,Y,127713.0386,120.1181456,9.9388E-05,9.94681E-05
879,Cx,54,0,siteDC-4,Y,127713.0386,120.1181456,9.9388E-05,9.94681E-05
880,Cx,56,0,SC-8B,Y,237453.753,120.1181456,9.9388E-05,9.94681E-05
881,Cx,56,0,SC-8B,Y,237453.753,120.1181456,9.9388E-05,9.94681E-05
882,Cx,58,0,siteSC-9A,Y,258694.6456,120.1181456,9.9388E-05,9.94681E-05
883,Cx,58,0,siteSC-9A,Y,258694.6456,120.1181456,9.9388E-05,9.94681E-05
884,Cx,59,0,siteSCoutlet170710,Y,263523.1099,120.1181456,9.9388E-05,9.94681E-05
885,Cx,59,0,siteSCoutlet170710,Y,263523.1099,120.1181456,9.9388E-05,9.94681E-05
886,Cx,60,0,siteSCoutlet170807,Y,267972.9067,120.1181456,9.9388E-05,9.94681E-05
887,Cx,60,0,siteSCoutlet170807,Y,267972.9067,120.1181456,9.9388E-05,9.94681E-05
888,Cx,51,0,site7,Y,21892.46785,5962.165425,0.864467008,0.86512004
889,Cx,53,0,siteDC-3,Y,43137.1669,5962.165425,0.864467008,0.86512004
890,Cx,54,0,siteDC-4,Y,127713.0386,5962.165425,0.864467008,0.86512004
891,Cx,56,0,SC-8B,Y,237453.753,5962.165425,0.864467008,0.86512004
892,Cx,58,0,siteSC-9A,Y,258694.6456,5962.165425,0.864467008,0.86512004
893,Cx,59,0,siteSCoutlet170710,Y,263523.1099,5962.165425,0.864467008,0.86512004
894,Cx,60,0,siteSCoutlet170807,Y,267972.9067,5962.165425,0.864467008,0.86512004
895,Mv,51,0,site7,Y,21892.46785,24739.84671,10.329743,10.33805332
896,Mv,53,0,siteDC-3,Y,43137.1669,24739.84671,10.329743,10.33805332
897,Mv,54,0,siteDC-4,Y,127713.0386,24739.84671,10.329743,10.33805332
898,Mv,56,0,SC-8B,Y,237453.753,24739.84671,10.329743,10.33805332
899,Mv,58,0,siteSC-9A,Y,258694.6456,24739.84671,10.329743,10.33805332
900,Mv,59,0,siteSCoutlet170710,Y,263523.1099,24739.84671,10.329743,10.33805332
901,Mv,60,0,siteSCoutlet170807,Y,267972.9067,24739.84671,10.329743,10.33805332
902,MpMbMpv,52,0,site57,Y,9837.093023,2774.435692,0.078605089,0.078666376
903,MpMbMpv,53,0,siteDC-3,Y,43137.1669,2774.435692,0.078605089,0.078666376
904,MpMbMpv,54,0,siteDC-4,Y,127713.0386,2774.435692,0.078605089,0.078666376
905,MpMbMpv,56,0,SC-8B,Y,237453.753,2774.435692,0.078605089,0.078666376
906,MpMbMpv,58,0,siteSC-9A,Y,258694.6456,2774.435692,0.078605089,0.078666376
907,MpMbMpv,59,0,siteSCoutlet170710,Y,263523.1099,2774.435692,0.078605089,0.078666376
908,MpMbMpv,60,0,siteSCoutlet170807,Y,267972.9067,2774.435692,0.078605089,0.078666376
909,Cx,52,0,site57,Y,9837.093023,1557.212582,0.112122651,0.112208741
910,Cx,53,0,siteDC-3,Y,43137.1669,1557.212582,0.112122651,0.112208741
911,Cx,54,0,siteDC-4,Y,127713.0386,1557.212582,0.112122651,0.112208741
912,Cx,56,0,SC-8B,Y,237453.753,1557.212582,0.112122651,0.112208741
913,Cx,58,0,siteSC-9A,Y,258694.6456,1557.212582,0.112122651,0.112208741
914,Cx,59,0,siteSCoutlet170710,Y,263523.1099,1557.212582,0.112122651,0.112208741
915,Cx,60,0,siteSCoutlet170807,Y,267972.9067,1557.212582,0.112122651,0.112208741
916,Mv,52,0,site57,Y,9837.093023,4161.535247,0.401707656,0.402003751
917,Mv,53,0,siteDC-3,Y,43137.1669,4161.535247,0.401707656,0.402003751
918,Mv,54,0,siteDC-4,Y,127713.0386,4161.535247,0.401707656,0.402003751
919,Mv,56,0,SC-8B,Y,237453.753,4161.535247,0.401707656,0.402003751
920,Mv,58,0,siteSC-9A,Y,258694.6456,4161.535247,0.401707656,0.402003751
921,Mv,59,0,siteSCoutlet170710,Y,263523.1099,4161.535247,0.401707656,0.402003751
922,Mv,60,0,siteSCoutlet170807,Y,267972.9067,4161.535247,0.401707656,0.402003751
923,MhMrMm,52,0,site57,Y,9837.093023,8113.478031,1.878268861,1.879826655
924,MhMrMm,53,0,siteDC-3,Y,43137.1669,8113.478031,1.878268861,1.879826655
925,MhMrMm,54,0,siteDC-4,Y,127713.0386,8113.478031,1.878268861,1.879826655
926,MhMrMm,56,0,SC-8B,Y,237453.753,8113.478031,1.878268861,1.879826655
927,MhMrMm,58,0,siteSC-9A,Y,258694.6456,8113.478031,1.878268861,1.879826655
928,MhMrMm,59,0,siteSCoutlet170710,Y,263523.1099,8113.478031,1.878268861,1.879826655
929,MhMrMm,60,0,siteSCoutlet170807,Y,267972.9067,8113.478031,1.878268861,1.879826655
930,R/Cv,56,0,SC-8B,Y,237453.753,3869.846364,0.583661687,0.584104198
931,R/Cv,58,0,siteSC-9A,Y,258694.6456,3869.846364,0.583661687,0.584104198
932,R/Cv,59,0,siteSCoutlet170710,Y,263523.1099,3869.846364,0.583661687,0.584104198
933,R/Cv,60,0,siteSCoutlet170807,Y,267972.9067,3869.846364,0.583661687,0.584104198
934,R/Cv,75,0,site24,Y,13663.57841,3869.846364,0.583661687,0.584104198
935,R/Cv,79,0,siteSC-6B,Y,194569.6103,3869.846364,0.583661687,0.584104198
936,R/Cv,82,0,siteSC-7B,Y,213971.6585,3869.846364,0.583661687,0.584104198
937,R/Cv,56,0,SC-8B,Y,237453.753,1156.083386,0.076925702,0.076981862
938,R/Cv,58,0,siteSC-9A,Y,258694.6456,1156.083386,0.076925702,0.076981862
939,R/Cv,59,0,siteSCoutlet170710,Y,263523.1099,1156.083386,0.076925702,0.076981862
940,R/Cv,60,0,siteSCoutlet170807,Y,267972.9067,1156.083386,0.076925702,0.076981862
941,R/Cv,75,0,site24,Y,13663.57841,1156.083386,0.076925702,0.076981862
942,R/Cv,79,0,siteSC-6B,Y,194569.6103,1156.083386,0.076925702,0.076981862
943,R/Cv,82,0,siteSC-7B,Y,213971.6585,1156.083386,0.076925702,0.076981862
944,R/Cv,56,0,SC-8B,Y,237453.753,5028.697826,0.349687079,0.34995318
945,R/Cv,58,0,siteSC-9A,Y,258694.6456,5028.697826,0.349687079,0.34995318
946,R/Cv,59,0,siteSCoutlet170710,Y,263523.1099,5028.697826,0.349687079,0.34995318
947,R/Cv,60,0,siteSCoutlet170807,Y,267972.9067,5028.697826,0.349687079,0.34995318
948,R/Cv,75,0,site24,Y,13663.57841,5028.697826,0.349687079,0.34995318
949,R/Cv,79,0,siteSC-6B,Y,194569.6103,5028.697826,0.349687079,0.34995318
950,R/Cv,82,0,siteSC-7B,Y,213971.6585,5028.697826,0.349687079,0.34995318
951,MpMbMpv,56,0,SC-8B,Y,237453.753,12587.81465,2.651239413,2.653345971
952,MpMbMpv,58,0,siteSC-9A,Y,258694.6456,12587.81465,2.651239413,2.653345971
953,MpMbMpv,59,0,siteSCoutlet170710,Y,263523.1099,12587.81465,2.651239413,2.653345971
954,MpMbMpv,60,0,siteSCoutlet170807,Y,267972.9067,12587.81465,2.651239413,2.653345971
955,MpMbMpv,75,0,site24,Y,13663.57841,12587.81465,2.651239413,2.653345971
956,MpMbMpv,79,0,siteSC-6B,Y,194569.6103,12587.81465,2.651239413,2.653345971
957,MpMbMpv,82,0,siteSC-7B,Y,213971.6585,12587.81465,2.651239413,2.653345971
958,R/Cv,56,0,SC-8B,Y,237453.753,1641.410251,0.173557794,0.173680715
959,R/Cv,58,0,siteSC-9A,Y,258694.6456,1641.410251,0.173557794,0.173680715
960,R/Cv,59,0,siteSCoutlet170710,Y,263523.1099,1641.410251,0.173557794,0.173680715
961,R/Cv,60,0,siteSCoutlet170807,Y,267972.9067,1641.410251,0.173557794,0.173680715
962,R/Cv,76,0,site23,Y,26301.05699,1641.410251,0.173557794,0.173680715
963,R/Cv,79,0,siteSC-6B,Y,194569.6103,1641.410251,0.173557794,0.173680715
964,R/Cv,82,0,siteSC-7B,Y,213971.6585,1641.410251,0.173557794,0.173680715
965,R/Cv,56,0,SC-8B,Y,237453.753,2286.923268,0.179366457,0.179498331
966,R/Cv,58,0,siteSC-9A,Y,258694.6456,2286.923268,0.179366457,0.179498331
967,R/Cv,59,0,siteSCoutlet170710,Y,263523.1099,2286.923268,0.179366457,0.179498331
968,R/Cv,60,0,siteSCoutlet170807,Y,267972.9067,2286.923268,0.179366457,0.179498331
969,R/Cv,76,0,site23,Y,26301.05699,2286.923268,0.179366457,0.179498331
970,R/Cv,79,0,siteSC-6B,Y,194569.6103,2286.923268,0.179366457,0.179498331
971,R/Cv,82,0,siteSC-7B,Y,213971.6585,2286.923268,0.179366457,0.179498331
972,R/Cv,56,0,SC-8B,Y,237453.753,4825.964773,1.015112693,1.015850984
973,R/Cv,58,0,siteSC-9A,Y,258694.6456,4825.964773,1.015112693,1.015850984
974,R/Cv,59,0,siteSCoutlet170710,Y,263523.1099,4825.964773,1.015112693,1.015850984
975,R/Cv,60,0,siteSCoutlet170807,Y,267972.9067,4825.964773,1.015112693,1.015850984
976,R/Cv,76,0,site23,Y,26301.05699,4825.964773,1.015112693,1.015850984
977,R/Cv,79,0,siteSC-6B,Y,194569.6103,4825.964773,1.015112693,1.015850984
978,R/Cv,82,0,siteSC-7B,Y,213971.6585,4825.964773,1.015112693,1.015850984
979,R/Cv,56,0,SC-8B,Y,237453.753,4031.450631,0.49489277,0.495217069
980,R/Cv,58,0,siteSC-9A,Y,258694.6456,4031.450631,0.49489277,0.495217069
981,R/Cv,59,0,siteSCoutlet170710,Y,263523.1099,4031.450631,0.49489277,0.495217069
982,R/Cv,60,0,siteSCoutlet170807,Y,267972.9067,4031.450631,0.49489277,0.495217069
983,R/Cv,76,0,site23,Y,26301.05699,4031.450631,0.49489277,0.495217069
984,R/Cv,79,0,siteSC-6B,Y,194569.6103,4031.450631,0.49489277,0.495217069
985,R/Cv,82,0,siteSC-7B,Y,213971.6585,4031.450631,0.49489277,0.495217069
986,R/Cv,56,0,SC-8B,Y,237453.753,19404.92419,2.908614447,2.910737935
987,R/Cv,58,0,siteSC-9A,Y,258694.6456,19404.92419,2.908614447,2.910737935
988,R/Cv,59,0,siteSCoutlet170710,Y,263523.1099,19404.92419,2.908614447,2.910737935
989,R/Cv,60,0,siteSCoutlet170807,Y,267972.9067,19404.92419,2.908614447,2.910737935
990,R/Cv,76,0,site23,Y,26301.05699,19404.92419,2.908614447,2.910737935
991,R/Cv,79,0,siteSC-6B,Y,194569.6103,19404.92419,2.908614447,2.910737935
992,R/Cv,82,0,siteSC-7B,Y,213971.6585,19404.92419,2.908614447,2.910737935
993,MpMbMpv,56,0,SC-8B,Y,237453.753,33614.25711,9.023468186,9.031094748
994,MpMbMpv,58,0,siteSC-9A,Y,258694.6456,33614.25711,9.023468186,9.031094748
995,MpMbMpv,59,0,siteSCoutlet170710,Y,263523.1099,33614.25711,9.023468186,9.031094748
996,MpMbMpv,60,0,siteSCoutlet170807,Y,267972.9067,33614.25711,9.023468186,9.031094748
997,MpMbMpv,76,0,site23,Y,26301.05699,33614.25711,9.023468186,9.031094748
998,MpMbMpv,79,0,siteSC-6B,Y,194569.6103,33614.25711,9.023468186,9.031094748
999,MpMbMpv,82,0,siteSC-7B,Y,213971.6585,33614.25711,9.023468186,9.031094748
1000,ApAt,56,0,SC-8B,Y,237453.753,252.6861161,0.002179401,0.002180869
1001,ApAt,58,0,siteSC-9A,Y,258694.6456,252.6861161,0.002179401,0.002180869
1002,ApAt,59,0,siteSCoutlet170710,Y,263523.1099,252.6861161,0.002179401,0.002180869
1003,ApAt,60,0,siteSCoutlet170807,Y,267972.9067,252.6861161,0.002179401,0.002180869
1004,ApAt,78,0,siteSC-5B,Y,162850.4689,252.6861161,0.002179401,0.002180869
1005,ApAt,79,0,siteSC-6B,Y,194569.6103,252.6861161,0.002179401,0.002180869
1006,ApAt,82,0,siteSC-7B,Y,213971.6585,252.6861161,0.002179401,0.002180869
1007,R/Cv,56,0,SC-8B,Y,237453.753,7321.87401,1.253225797,1.254191775
1008,R/Cv,58,0,siteSC-9A,Y,258694.6456,7321.87401,1.253225797,1.254191775
1009,R/Cv,59,0,siteSCoutlet170710,Y,263523.1099,7321.87401,1.253225797,1.254191775
1010,R/Cv,60,0,siteSCoutlet170807,Y,267972.9067,7321.87401,1.253225797,1.254191775
1011,R/Cv,78,0,siteSC-5B,Y,162850.4689,7321.87401,1.253225797,1.254191775
1012,R/Cv,79,0,siteSC-6B,Y,194569.6103,7321.87401,1.253225797,1.254191775
1013,R/Cv,82,0,siteSC-7B,Y,213971.6585,7321.87401,1.253225797,1.254191775
1014,Mv,56,0,SC-8B,Y,237453.753,3304.251996,0.146097402,0.14620596
1015,Mv,58,0,siteSC-9A,Y,258694.6456,3304.251996,0.146097402,0.14620596
1016,Mv,59,0,siteSCoutlet170710,Y,263523.1099,3304.251996,0.146097402,0.14620596
1017,Mv,60,0,siteSCoutlet170807,Y,267972.9067,3304.251996,0.146097402,0.14620596
1018,Mv,78,0,siteSC-5B,Y,162850.4689,3304.251996,0.146097402,0.14620596
1019,Mv,79,0,siteSC-6B,Y,194569.6103,3304.251996,0.146097402,0.14620596
1020,Mv,82,0,siteSC-7B,Y,213971.6585,3304.251996,0.146097402,0.14620596
1021,Mv,56,0,SC-8B,Y,237453.753,6731.873465,1.242450529,1.243395439
1022,Mv,58,0,siteSC-9A,Y,258694.6456,6731.873465,1.242450529,1.243395439
1023,Mv,59,0,siteSCoutlet170710,Y,263523.1099,6731.873465,1.242450529,1.243395439
1024,Mv,60,0,siteSCoutlet170807,Y,267972.9067,6731.873465,1.242450529,1.243395439
1025,Mv,78,0,siteSC-5B,Y,162850.4689,6731.873465,1.242450529,1.243395439
1026,Mv,79,0,siteSC-6B,Y,194569.6103,6731.873465,1.242450529,1.243395439
1027,Mv,82,0,siteSC-7B,Y,213971.6585,6731.873465,1.242450529,1.243395439
1028,Mv,56,0,SC-8B,Y,237453.753,10274.28486,2.349978403,2.351739529
1029,Mv,58,0,siteSC-9A,Y,258694.6456,10274.28486,2.349978403,2.351739529
1030,Mv,59,0,siteSCoutlet170710,Y,263523.1099,10274.28486,2.349978403,2.351739529
1031,Mv,60,0,siteSCoutlet170807,Y,267972.9067,10274.28486,2.349978403,2.351739529
1032,Mv,78,0,siteSC-5B,Y,162850.4689,10274.28486,2.349978403,2.351739529
1033,Mv,79,0,siteSC-6B,Y,194569.6103,10274.28486,2.349978403,2.351739529
1034,Mv,82,0,siteSC-7B,Y,213971.6585,10274.28486,2.349978403,2.351739529
1035,Mv,56,0,SC-8B,Y,237453.753,6836.433453,1.181650622,1.182548786
1036,Mv,58,0,siteSC-9A,Y,258694.6456,6836.433453,1.181650622,1.182548786
1037,Mv,59,0,siteSCoutlet170710,Y,263523.1099,6836.433453,1.181650622,1.182548786
1038,Mv,60,0,siteSCoutlet170807,Y,267972.9067,6836.433453,1.181650622,1.182548786
1039,Mv,78,0,siteSC-5B,Y,162850.4689,6836.433453,1.181650622,1.182548786
1040,Mv,79,0,siteSC-6B,Y,194569.6103,6836.433453,1.181650622,1.182548786
1041,Mv,82,0,siteSC-7B,Y,213971.6585,6836.433453,1.181650622,1.182548786
1042,Mv,56,0,SC-8B,Y,237453.753,5026.669405,0.971273788,0.972023377
1043,Mv,58,0,siteSC-9A,Y,258694.6456,5026.669405,0.971273788,0.972023377
1044,Mv,59,0,siteSCoutlet170710,Y,263523.1099,5026.669405,0.971273788,0.972023377
1045,Mv,60,0,siteSCoutlet170807,Y,267972.9067,5026.669405,0.971273788,0.972023377
1046,Mv,78,0,siteSC-5B,Y,162850.4689,5026.669405,0.971273788,0.972023377
1047,Mv,79,0,siteSC-6B,Y,194569.6103,5026.669405,0.971273788,0.972023377
1048,Mv,82,0,siteSC-7B,Y,213971.6585,5026.669405,0.971273788,0.972023377
1049,MhMrMm,56,0,SC-8B,Y,237453.753,2787.108122,0.208016952,0.20816789
1050,MhMrMm,58,0,siteSC-9A,Y,258694.6456,2787.108122,0.208016952,0.20816789
1051,MhMrMm,59,0,siteSCoutlet170710,Y,263523.1099,2787.108122,0.208016952,0.20816789
1052,MhMrMm,60,0,siteSCoutlet170807,Y,267972.9067,2787.108122,0.208016952,0.20816789
1053,MhMrMm,78,0,siteSC-5B,Y,162850.4689,2787.108122,0.208016952,0.20816789
1054,MhMrMm,79,0,siteSC-6B,Y,194569.6103,2787.108122,0.208016952,0.20816789
1055,MhMrMm,82,0,siteSC-7B,Y,213971.6585,2787.108122,0.208016952,0.20816789
1056,Cx,56,0,SC-8B,Y,237453.753,12051.34498,3.612237189,3.615040564
1057,Cx,58,0,siteSC-9A,Y,258694.6456,12051.34498,3.612237189,3.615040564
1058,Cx,59,0,siteSCoutlet170710,Y,263523.1099,12051.34498,3.612237189,3.615040564
1059,Cx,60,0,siteSCoutlet170807,Y,267972.9067,12051.34498,3.612237189,3.615040564
1060,Cx,78,0,siteSC-5B,Y,162850.4689,12051.34498,3.612237189,3.615040564
1061,Cx,79,0,siteSC-6B,Y,194569.6103,12051.34498,3.612237189,3.615040564
1062,Cx,82,0,siteSC-7B,Y,213971.6585,12051.34498,3.612237189,3.615040564
1063,Cx,56,0,SC-8B,Y,237453.753,82.72535622,0.000236015,0.00023622
1064,Cx,58,0,siteSC-9A,Y,258694.6456,82.72535622,0.000236015,0.00023622
1065,Cx,59,0,siteSCoutlet170710,Y,263523.1099,82.72535622,0.000236015,0.00023622
1066,Cx,60,0,siteSCoutlet170807,Y,267972.9067,82.72535622,0.000236015,0.00023622
1067,Cx,78,0,siteSC-5B,Y,162850.4689,82.72535622,0.000236015,0.00023622
1068,Cx,79,0,siteSC-6B,Y,194569.6103,82.72535622,0.000236015,0.00023622
1069,Cx,82,0,siteSC-7B,Y,213971.6585,82.72535622,0.000236015,0.00023622
1070,MpMbMpv,56,0,SC-8B,Y,237453.753,11112.433,4.654744118,4.658388865
1071,MpMbMpv,58,0,siteSC-9A,Y,258694.6456,11112.433,4.654744118,4.658388865
1072,MpMbMpv,59,0,siteSCoutlet170710,Y,263523.1099,11112.433,4.654744118,4.658388865
1073,MpMbMpv,60,0,siteSCoutlet170807,Y,267972.9067,11112.433,4.654744118,4.658388865
1074,MpMbMpv,78,0,siteSC-5B,Y,162850.4689,11112.433,4.654744118,4.658388865
1075,MpMbMpv,79,0,siteSC-6B,Y,194569.6103,11112.433,4.654744118,4.658388865
1076,MpMbMpv,82,0,siteSC-7B,Y,213971.6585,11112.433,4.654744118,4.658388865
1077,MpMbMpv,56,0,SC-8B,Y,237453.753,12543.00111,4.83488638,4.83870658
1078,MpMbMpv,58,0,siteSC-9A,Y,258694.6456,12543.00111,4.83488638,4.83870658
1079,MpMbMpv,59,0,siteSCoutlet170710,Y,263523.1099,12543.00111,4.83488638,4.83870658
1080,MpMbMpv,60,0,siteSCoutlet170807,Y,267972.9067,12543.00111,4.83488638,4.83870658
1081,MpMbMpv,78,0,siteSC-5B,Y,162850.4689,12543.00111,4.83488638,4.83870658
1082,MpMbMpv,79,0,siteSC-6B,Y,194569.6103,12543.00111,4.83488638,4.83870658
1083,MpMbMpv,82,0,siteSC-7B,Y,213971.6585,12543.00111,4.83488638,4.83870658
1084,Cx,56,0,SC-8B,Y,237453.753,37067.4257,6.248665996,6.253487584
1085,Cx,58,0,siteSC-9A,Y,258694.6456,37067.4257,6.248665996,6.253487584
1086,Cx,59,0,siteSCoutlet170710,Y,263523.1099,37067.4257,6.248665996,6.253487584
1087,Cx,60,0,siteSCoutlet170807,Y,267972.9067,37067.4257,6.248665996,6.253487584
1088,Cx,78,0,siteSC-5B,Y,162850.4689,37067.4257,6.248665996,6.253487584
1089,Cx,79,0,siteSC-6B,Y,194569.6103,37067.4257,6.248665996,6.253487584
1090,Cx,82,0,siteSC-7B,Y,213971.6585,37067.4257,6.248665996,6.253487584
1091,Cx,56,0,SC-8B,Y,237453.753,117.4989527,8.61381E-05,8.60907E-05
1092,Cx,58,0,siteSC-9A,Y,258694.6456,117.4989527,8.61381E-05,8.60907E-05
1093,Cx,59,0,siteSCoutlet170710,Y,263523.1099,117.4989527,8.61381E-05,8.60907E-05
1094,Cx,60,0,siteSCoutlet170807,Y,267972.9067,117.4989527,8.61381E-05,8.60907E-05
1095,Cx,78,0,siteSC-5B,Y,162850.4689,117.4989527,8.61381E-05,8.60907E-05
1096,Cx,79,0,siteSC-6B,Y,194569.6103,117.4989527,8.61381E-05,8.60907E-05
1097,Cx,82,0,siteSC-7B,Y,213971.6585,117.4989527,8.61381E-05,8.60907E-05
1098,At,56,0,SC-8B,Y,237453.753,1542.029697,0.035490049,0.035516898
1099,At,58,0,siteSC-9A,Y,258694.6456,1542.029697,0.035490049,0.035516898
1100,At,59,0,siteSCoutlet170710,Y,263523.1099,1542.029697,0.035490049,0.035516898
1101,At,60,0,siteSCoutlet170807,Y,267972.9067,1542.029697,0.035490049,0.035516898
1102,At,78,0,siteSC-5B,Y,162850.4689,1542.029697,0.035490049,0.035516898
1103,At,79,0,siteSC-6B,Y,194569.6103,1542.029697,0.035490049,0.035516898
1104,At,82,0,siteSC-7B,Y,213971.6585,1542.029697,0.035490049,0.035516898
1105,MpMbMpv,56,0,SC-8B,Y,237453.753,14.19569358,2.66217E-06,2.66483E-06
1106,MpMbMpv,58,0,siteSC-9A,Y,258694.6456,14.19569358,2.66217E-06,2.66483E-06
1107,MpMbMpv,59,0,siteSCoutlet170710,Y,263523.1099,14.19569358,2.66217E-06,2.66483E-06
1108,MpMbMpv,60,0,siteSCoutlet170807,Y,267972.9067,14.19569358,2.66217E-06,2.66483E-06
1109,MpMbMpv,78,0,siteSC-5B,Y,162850.4689,14.19569358,2.66217E-06,2.66483E-06
1110,MpMbMpv,79,0,siteSC-6B,Y,194569.6103,14.19569358,2.66217E-06,2.66483E-06
1111,MpMbMpv,82,0,siteSC-7B,Y,213971.6585,14.19569358,2.66217E-06,2.66483E-06
1112,At,56,0,SC-8B,Y,237453.753,2765.484837,0.233526033,0.233702386
1113,At,58,0,siteSC-9A,Y,258694.6456,2765.484837,0.233526033,0.233702386
1114,At,59,0,siteSCoutlet170710,Y,263523.1099,2765.484837,0.233526033,0.233702386
1115,At,60,0,siteSCoutlet170807,Y,267972.9067,2765.484837,0.233526033,0.233702386
1116,At,78,0,siteSC-5B,Y,162850.4689,2765.484837,0.233526033,0.233702386
1117,At,79,0,siteSC-6B,Y,194569.6103,2765.484837,0.233526033,0.233702386
1118,At,82,0,siteSC-7B,Y,213971.6585,2765.484837,0.233526033,0.233702386
1119,At,56,0,SC-8B,Y,237453.753,3425.737728,0.100561341,0.100639748
1120,At,58,0,siteSC-9A,Y,258694.6456,3425.737728,0.100561341,0.100639748
1121,At,59,0,siteSCoutlet170710,Y,263523.1099,3425.737728,0.100561341,0.100639748
1122,At,60,0,siteSCoutlet170807,Y,267972.9067,3425.737728,0.100561341,0.100639748
1123,At,78,0,siteSC-5B,Y,162850.4689,3425.737728,0.100561341,0.100639748
1124,At,79,0,siteSC-6B,Y,194569.6103,3425.737728,0.100561341,0.100639748
1125,At,82,0,siteSC-7B,Y,213971.6585,3425.737728,0.100561341,0.100639748
1126,At,56,0,SC-8B,Y,237453.753,12074.63047,2.5576967,2.559432351
1127,At,58,0,siteSC-9A,Y,258694.6456,12074.63047,2.5576967,2.559432351
1128,At,59,0,siteSCoutlet170710,Y,263523.1099,12074.63047,2.5576967,2.559432351
1129,At,60,0,siteSCoutlet170807,Y,267972.9067,12074.63047,2.5576967,2.559432351
1130,At,78,0,siteSC-5B,Y,162850.4689,12074.63047,2.5576967,2.559432351
1131,At,79,0,siteSC-6B,Y,194569.6103,12074.63047,2.5576967,2.559432351
1132,At,82,0,siteSC-7B,Y,213971.6585,12074.63047,2.5576967,2.559432351
1133,ApAt,56,0,SC-8B,Y,237453.753,28354.56324,6.900656181,6.906574613
1134,ApAt,58,0,siteSC-9A,Y,258694.6456,28354.56324,6.900656181,6.906574613
1135,ApAt,59,0,siteSCoutlet170710,Y,263523.1099,28354.56324,6.900656181,6.906574613
1136,ApAt,60,0,siteSCoutlet170807,Y,267972.9067,28354.56324,6.900656181,6.906574613
1137,ApAt,78,0,siteSC-5B,Y,162850.4689,28354.56324,6.900656181,6.906574613
1138,ApAt,79,0,siteSC-6B,Y,194569.6103,28354.56324,6.900656181,6.906574613
1139,ApAt,82,0,siteSC-7B,Y,213971.6585,28354.56324,6.900656181,6.906574613
1140,ApAt,56,0,SC-8B,Y,237453.753,8.964527127,9.00016E-08,9.03174E-08
1141,ApAt,58,0,siteSC-9A,Y,258694.6456,8.964527127,9.00016E-08,9.03174E-08
1142,ApAt,59,0,siteSCoutlet170710,Y,263523.1099,8.964527127,9.00016E-08,9.03174E-08
1143,ApAt,60,0,siteSCoutlet170807,Y,267972.9067,8.964527127,9.00016E-08,9.03174E-08
1144,ApAt,78,0,siteSC-5B,Y,162850.4689,8.964527127,9.00016E-08,9.03174E-08
1145,ApAt,79,0,siteSC-6B,Y,194569.6103,8.964527127,9.00016E-08,9.03174E-08
1146,ApAt,82,0,siteSC-7B,Y,213971.6585,8.964527127,9.00016E-08,9.03174E-08
1147,Cx,56,0,SC-8B,Y,237453.753,19.68394508,1.05696E-05,1.05774E-05
1148,Cx,58,0,siteSC-9A,Y,258694.6456,19.68394508,1.05696E-05,1.05774E-05
1149,Cx,59,0,siteSCoutlet170710,Y,263523.1099,19.68394508,1.05696E-05,1.05774E-05
1150,Cx,60,0,siteSCoutlet170807,Y,267972.9067,19.68394508,1.05696E-05,1.05774E-05
1151,Cx,78,0,siteSC-5B,Y,162850.4689,19.68394508,1.05696E-05,1.05774E-05
1152,Cx,79,0,siteSC-6B,Y,194569.6103,19.68394508,1.05696E-05,1.05774E-05
1153,Cx,82,0,siteSC-7B,Y,213971.6585,19.68394508,1.05696E-05,1.05774E-05
1154,Cx,56,0,SC-8B,Y,237453.753,5437.777706,0.563387045,0.563791369
1155,Cx,58,0,siteSC-9A,Y,258694.6456,5437.777706,0.563387045,0.563791369
1156,Cx,59,0,siteSCoutlet170710,Y,263523.1099,5437.777706,0.563387045,0.563791369
1157,Cx,60,0,siteSCoutlet170807,Y,267972.9067,5437.777706,0.563387045,0.563791369
1158,Cx,78,0,siteSC-5B,Y,162850.4689,5437.777706,0.563387045,0.563791369
1159,Cx,79,0,siteSC-6B,Y,194569.6103,5437.777706,0.563387045,0.563791369
1160,Cx,82,0,siteSC-7B,Y,213971.6585,5437.777706,0.563387045,0.563791369
1161,MhMrMm,56,0,SC-8B,Y,237453.753,20653.49806,7.528382442,7.534339473
1162,MhMrMm,58,0,siteSC-9A,Y,258694.6456,20653.49806,7.528382442,7.534339473
1163,MhMrMm,59,0,siteSCoutlet170710,Y,263523.1099,20653.49806,7.528382442,7.534339473
1164,MhMrMm,60,0,siteSCoutlet170807,Y,267972.9067,20653.49806,7.528382442,7.534339473
1165,MhMrMm,78,0,siteSC-5B,Y,162850.4689,20653.49806,7.528382442,7.534339473
1166,MhMrMm,79,0,siteSC-6B,Y,194569.6103,20653.49806,7.528382442,7.534339473
1167,MhMrMm,82,0,siteSC-7B,Y,213971.6585,20653.49806,7.528382442,7.534339473
1168,At,56,0,SC-8B,Y,237453.753,11295.61622,2.484292724,2.486120068
1169,At,58,0,siteSC-9A,Y,258694.6456,11295.61622,2.484292724,2.486120068
1170,At,59,0,siteSCoutlet170710,Y,263523.1099,11295.61622,2.484292724,2.486120068
1171,At,60,0,siteSCoutlet170807,Y,267972.9067,11295.61622,2.484292724,2.486120068
1172,At,78,0,siteSC-5B,Y,162850.4689,11295.61622,2.484292724,2.486120068
1173,At,79,0,siteSC-6B,Y,194569.6103,11295.61622,2.484292724,2.486120068
1174,At,82,0,siteSC-7B,Y,213971.6585,11295.61622,2.484292724,2.486120068
1175,MhMrMm,56,0,SC-8B,Y,237453.753,9544.179443,1.273082548,1.27407702
1176,MhMrMm,58,0,siteSC-9A,Y,258694.6456,9544.179443,1.273082548,1.27407702
1177,MhMrMm,59,0,siteSCoutlet170710,Y,263523.1099,9544.179443,1.273082548,1.27407702
1178,MhMrMm,60,0,siteSCoutlet170807,Y,267972.9067,9544.179443,1.273082548,1.27407702
1179,MhMrMm,78,0,siteSC-5B,Y,162850.4689,9544.179443,1.273082548,1.27407702
1180,MhMrMm,79,0,siteSC-6B,Y,194569.6103,9544.179443,1.273082548,1.27407702
1181,MhMrMm,82,0,siteSC-7B,Y,213971.6585,9544.179443,1.273082548,1.27407702
1182,MpMbMpv,56,0,SC-8B,Y,237453.753,48903.64382,26.93864849,26.96132391
1183,MpMbMpv,58,0,siteSC-9A,Y,258694.6456,48903.64382,26.93864849,26.96132391
1184,MpMbMpv,59,0,siteSCoutlet170710,Y,263523.1099,48903.64382,26.93864849,26.96132391
1185,MpMbMpv,60,0,siteSCoutlet170807,Y,267972.9067,48903.64382,26.93864849,26.96132391
1186,MpMbMpv,78,0,siteSC-5B,Y,162850.4689,48903.64382,26.93864849,26.96132391
1187,MpMbMpv,79,0,siteSC-6B,Y,194569.6103,48903.64382,26.93864849,26.96132391
1188,MpMbMpv,82,0,siteSC-7B,Y,213971.6585,48903.64382,26.93864849,26.96132391
1189,Gt,56,0,SC-8B,Y,237453.753,5218.685037,0.715987853,0.716522848
1190,Gt,58,0,siteSC-9A,Y,258694.6456,5218.685037,0.715987853,0.716522848
1191,Gt,59,0,siteSCoutlet170710,Y,263523.1099,5218.685037,0.715987853,0.716522848
1192,Gt,60,0,siteSCoutlet170807,Y,267972.9067,5218.685037,0.715987853,0.716522848
1193,Gt,78,0,siteSC-5B,Y,162850.4689,5218.685037,0.715987853,0.716522848
1194,Gt,79,0,siteSC-6B,Y,194569.6103,5218.685037,0.715987853,0.716522848
1195,Gt,82,0,siteSC-7B,Y,213971.6585,5218.685037,0.715987853,0.716522848
1196,Gt,56,0,SC-8B,Y,237453.753,1381.249826,0.101630509,0.101705275
1197,Gt,58,0,siteSC-9A,Y,258694.6456,1381.249826,0.101630509,0.101705275
1198,Gt,59,0,siteSCoutlet170710,Y,263523.1099,1381.249826,0.101630509,0.101705275
1199,Gt,60,0,siteSCoutlet170807,Y,267972.9067,1381.249826,0.101630509,0.101705275
1200,Gt,78,0,siteSC-5B,Y,162850.4689,1381.249826,0.101630509,0.101705275
1201,Gt,79,0,siteSC-6B,Y,194569.6103,1381.249826,0.101630509,0.101705275
1202,Gt,82,0,siteSC-7B,Y,213971.6585,1381.249826,0.101630509,0.101705275
1203,Af,56,0,SC-8B,Y,237453.753,10571.33451,1.942816838,1.944266091
1204,Af,58,0,siteSC-9A,Y,258694.6456,10571.33451,1.942816838,1.944266091
1205,Af,59,0,siteSCoutlet170710,Y,263523.1099,10571.33451,1.942816838,1.944266091
1206,Af,60,0,siteSCoutlet170807,Y,267972.9067,10571.33451,1.942816838,1.944266091
1207,Af,78,0,siteSC-5B,Y,162850.4689,10571.33451,1.942816838,1.944266091
1208,Af,79,0,siteSC-6B,Y,194569.6103,10571.33451,1.942816838,1.944266091
1209,Af,82,0,siteSC-7B,Y,213971.6585,10571.33451,1.942816838,1.944266091
1210,MhMrMm,56,0,SC-8B,Y,237453.753,1523.172249,0.142164358,0.142265729
1211,MhMrMm,58,0,siteSC-9A,Y,258694.6456,1523.172249,0.142164358,0.142265729
1212,MhMrMm,59,0,siteSCoutlet170710,Y,263523.1099,1523.172249,0.142164358,0.142265729
1213,MhMrMm,60,0,siteSCoutlet170807,Y,267972.9067,1523.172249,0.142164358,0.142265729
1214,MhMrMm,78,0,siteSC-5B,Y,162850.4689,1523.172249,0.142164358,0.142265729
1215,MhMrMm,79,0,siteSC-6B,Y,194569.6103,1523.172249,0.142164358,0.142265729
1216,MhMrMm,82,0,siteSC-7B,Y,213971.6585,1523.172249,0.142164358,0.142265729
1217,fOpOfPO,56,0,SC-8B,Y,237453.753,5546.225356,0.706312125,0.706856375
1218,fOpOfPO,58,0,siteSC-9A,Y,258694.6456,5546.225356,0.706312125,0.706856375
1219,fOpOfPO,59,0,siteSCoutlet170710,Y,263523.1099,5546.225356,0.706312125,0.706856375
1220,fOpOfPO,60,0,siteSCoutlet170807,Y,267972.9067,5546.225356,0.706312125,0.706856375
1221,fOpOfPO,78,0,siteSC-5B,Y,162850.4689,5546.225356,0.706312125,0.706856375
1222,fOpOfPO,79,0,siteSC-6B,Y,194569.6103,5546.225356,0.706312125,0.706856375
1223,fOpOfPO,82,0,siteSC-7B,Y,213971.6585,5546.225356,0.706312125,0.706856375
1224,fOpOfPO,56,0,SC-8B,Y,237453.753,12392.15665,1.738168528,1.739517713
1225,fOpOfPO,58,0,siteSC-9A,Y,258694.6456,12392.15665,1.738168528,1.739517713
1226,fOpOfPO,59,0,siteSCoutlet170710,Y,263523.1099,12392.15665,1.738168528,1.739517713
1227,fOpOfPO,60,0,siteSCoutlet170807,Y,267972.9067,12392.15665,1.738168528,1.739517713
1228,fOpOfPO,78,0,siteSC-5B,Y,162850.4689,12392.15665,1.738168528,1.739517713
1229,fOpOfPO,79,0,siteSC-6B,Y,194569.6103,12392.15665,1.738168528,1.739517713
1230,fOpOfPO,82,0,siteSC-7B,Y,213971.6585,12392.15665,1.738168528,1.739517713
1231,MhMrMm,56,0,SC-8B,Y,237453.753,44676.89484,21.3338101,21.35084925
1232,MhMrMm,58,0,siteSC-9A,Y,258694.6456,44676.89484,21.3338101,21.35084925
1233,MhMrMm,59,0,siteSCoutlet170710,Y,263523.1099,44676.89484,21.3338101,21.35084925
1234,MhMrMm,60,0,siteSCoutlet170807,Y,267972.9067,44676.89484,21.3338101,21.35084925
1235,MhMrMm,78,0,siteSC-5B,Y,162850.4689,44676.89484,21.3338101,21.35084925
1236,MhMrMm,79,0,siteSC-6B,Y,194569.6103,44676.89484,21.3338101,21.35084925
1237,MhMrMm,82,0,siteSC-7B,Y,213971.6585,44676.89484,21.3338101,21.35084925
1238,fOpOfPO,56,0,SC-8B,Y,237453.753,7235.847092,0.857547376,0.858193331
1239,fOpOfPO,58,0,siteSC-9A,Y,258694.6456,7235.847092,0.857547376,0.858193331
1240,fOpOfPO,59,0,siteSCoutlet170710,Y,263523.1099,7235.847092,0.857547376,0.858193331
1241,fOpOfPO,60,0,siteSCoutlet170807,Y,267972.9067,7235.847092,0.857547376,0.858193331
1242,fOpOfPO,78,0,siteSC-5B,Y,162850.4689,7235.847092,0.857547376,0.858193331
1243,fOpOfPO,79,0,siteSC-6B,Y,194569.6103,7235.847092,0.857547376,0.858193331
1244,fOpOfPO,82,0,siteSC-7B,Y,213971.6585,7235.847092,0.857547376,0.858193331
1245,ApAt,56,0,SC-8B,Y,237453.753,21932.39219,3.560517665,3.5631362
1246,ApAt,58,0,siteSC-9A,Y,258694.6456,21932.39219,3.560517665,3.5631362
1247,ApAt,59,0,siteSCoutlet170710,Y,263523.1099,21932.39219,3.560517665,3.5631362
1248,ApAt,60,0,siteSCoutlet170807,Y,267972.9067,21932.39219,3.560517665,3.5631362
1249,ApAt,78,0,siteSC-5B,Y,162850.4689,21932.39219,3.560517665,3.5631362
1250,ApAt,79,0,siteSC-6B,Y,194569.6103,21932.39219,3.560517665,3.5631362
1251,ApAt,82,0,siteSC-7B,Y,213971.6585,21932.39219,3.560517665,3.5631362
1252,MpMbMpv,56,0,SC-8B,Y,237453.753,100.0455729,1.74879E-05,1.74189E-05
1253,MpMbMpv,58,0,siteSC-9A,Y,258694.6456,100.0455729,1.74879E-05,1.74189E-05
1254,MpMbMpv,59,0,siteSCoutlet170710,Y,263523.1099,100.0455729,1.74879E-05,1.74189E-05
1255,MpMbMpv,60,0,siteSCoutlet170807,Y,267972.9067,100.0455729,1.74879E-05,1.74189E-05
1256,MpMbMpv,78,0,siteSC-5B,Y,162850.4689,100.0455729,1.74879E-05,1.74189E-05
1257,MpMbMpv,79,0,siteSC-6B,Y,194569.6103,100.0455729,1.74879E-05,1.74189E-05
1258,MpMbMpv,82,0,siteSC-7B,Y,213971.6585,100.0455729,1.74879E-05,1.74189E-05
1259,MhMrMm,56,0,SC-8B,Y,237453.753,2317.060032,0.137055035,0.137163478
1260,MhMrMm,58,0,siteSC-9A,Y,258694.6456,2317.060032,0.137055035,0.137163478
1261,MhMrMm,59,0,siteSCoutlet170710,Y,263523.1099,2317.060032,0.137055035,0.137163478
1262,MhMrMm,60,0,siteSCoutlet170807,Y,267972.9067,2317.060032,0.137055035,0.137163478
1263,MhMrMm,78,0,siteSC-5B,Y,162850.4689,2317.060032,0.137055035,0.137163478
1264,MhMrMm,79,0,siteSC-6B,Y,194569.6103,2317.060032,0.137055035,0.137163478
1265,MhMrMm,82,0,siteSC-7B,Y,213971.6585,2317.060032,0.137055035,0.137163478
1266,MhMrMm,56,0,SC-8B,Y,237453.753,21517.04117,11.25246595,11.26162511
1267,MhMrMm,58,0,siteSC-9A,Y,258694.6456,21517.04117,11.25246595,11.26162511
1268,MhMrMm,59,0,siteSCoutlet170710,Y,263523.1099,21517.04117,11.25246595,11.26162511
1269,MhMrMm,60,0,siteSCoutlet170807,Y,267972.9067,21517.04117,11.25246595,11.26162511
1270,MhMrMm,78,0,siteSC-5B,Y,162850.4689,21517.04117,11.25246595,11.26162511
1271,MhMrMm,79,0,siteSC-6B,Y,194569.6103,21517.04117,11.25246595,11.26162511
1272,MhMrMm,82,0,siteSC-7B,Y,213971.6585,21517.04117,11.25246595,11.26162511
1273,Mv,56,0,SC-8B,Y,237453.753,285.8298729,0.000727276,0.000727407
1274,MpMbMpv,56,0,SC-8B,Y,237453.753,285.8298729,0.000727276,0.000727407
1275,Mv,58,0,siteSC-9A,Y,258694.6456,285.8298729,0.000727276,0.000727407
1276,MpMbMpv,58,0,siteSC-9A,Y,258694.6456,285.8298729,0.000727276,0.000727407
1277,Mv,59,0,siteSCoutlet170710,Y,263523.1099,285.8298729,0.000727276,0.000727407
1278,MpMbMpv,59,0,siteSCoutlet170710,Y,263523.1099,285.8298729,0.000727276,0.000727407
1279,Mv,60,0,siteSCoutlet170807,Y,267972.9067,285.8298729,0.000727276,0.000727407
1280,MpMbMpv,60,0,siteSCoutlet170807,Y,267972.9067,285.8298729,0.000727276,0.000727407
1281,Mv,79,0,siteSC-6B,Y,194569.6103,285.8298729,0.000727276,0.000727407
1282,MpMbMpv,79,0,siteSC-6B,Y,194569.6103,285.8298729,0.000727276,0.000727407
1283,Mv,82,0,siteSC-7B,Y,213971.6585,285.8298729,0.000727276,0.000727407
1284,MpMbMpv,82,0,siteSC-7B,Y,213971.6585,285.8298729,0.000727276,0.000727407
1285,MhMrMm,56,0,SC-8B,Y,237453.753,6079.618804,0.940920695,0.941674856
1286,MhMrMm,56,0,SC-8B,Y,237453.753,6079.618804,0.940920695,0.941674856
1287,MhMrMm,58,0,siteSC-9A,Y,258694.6456,6079.618804,0.940920695,0.941674856
1288,MhMrMm,58,0,siteSC-9A,Y,258694.6456,6079.618804,0.940920695,0.941674856
1289,MhMrMm,59,0,siteSCoutlet170710,Y,263523.1099,6079.618804,0.940920695,0.941674856
1290,MhMrMm,59,0,siteSCoutlet170710,Y,263523.1099,6079.618804,0.940920695,0.941674856
1291,MhMrMm,60,0,siteSCoutlet170807,Y,267972.9067,6079.618804,0.940920695,0.941674856
1292,MhMrMm,60,0,siteSCoutlet170807,Y,267972.9067,6079.618804,0.940920695,0.941674856
1293,MhMrMm,79,0,siteSC-6B,Y,194569.6103,6079.618804,0.940920695,0.941674856
1294,MhMrMm,79,0,siteSC-6B,Y,194569.6103,6079.618804,0.940920695,0.941674856
1295,MhMrMm,82,0,siteSC-7B,Y,213971.6585,6079.618804,0.940920695,0.941674856
1296,MhMrMm,82,0,siteSC-7B,Y,213971.6585,6079.618804,0.940920695,0.941674856
1297,Mv,56,0,SC-8B,Y,237453.753,1.020905782,1.70283E-08,1.70416E-08
1298,MpMbMpv,56,0,SC-8B,Y,237453.753,1.020905782,1.70283E-08,1.70416E-08
1299,Mv,58,0,siteSC-9A,Y,258694.6456,1.020905782,1.70283E-08,1.70416E-08
1300,MpMbMpv,58,0,siteSC-9A,Y,258694.6456,1.020905782,1.70283E-08,1.70416E-08
1301,Mv,59,0,siteSCoutlet170710,Y,263523.1099,1.020905782,1.70283E-08,1.70416E-08
1302,MpMbMpv,59,0,siteSCoutlet170710,Y,263523.1099,1.020905782,1.70283E-08,1.70416E-08
1303,Mv,60,0,siteSCoutlet170807,Y,267972.9067,1.020905782,1.70283E-08,1.70416E-08
1304,MpMbMpv,60,0,siteSCoutlet170807,Y,267972.9067,1.020905782,1.70283E-08,1.70416E-08
1305,Mv,79,0,siteSC-6B,Y,194569.6103,1.020905782,1.70283E-08,1.70416E-08
1306,MpMbMpv,79,0,siteSC-6B,Y,194569.6103,1.020905782,1.70283E-08,1.70416E-08
1307,Mv,82,0,siteSC-7B,Y,213971.6585,1.020905782,1.70283E-08,1.70416E-08
1308,MpMbMpv,82,0,siteSC-7B,Y,213971.6585,1.020905782,1.70283E-08,1.70416E-08
1309,MpMbMpv,56,0,SC-8B,Y,237453.753,193.6379192,0.000748764,0.00074902
1310,Cx,56,0,SC-8B,Y,237453.753,193.6379192,0.000748764,0.00074902
1311,MpMbMpv,58,0,siteSC-9A,Y,258694.6456,193.6379192,0.000748764,0.00074902
1312,Cx,58,0,siteSC-9A,Y,258694.6456,193.6379192,0.000748764,0.00074902
1313,MpMbMpv,59,0,siteSCoutlet170710,Y,263523.1099,193.6379192,0.000748764,0.00074902
1314,Cx,59,0,siteSCoutlet170710,Y,263523.1099,193.6379192,0.000748764,0.00074902
1315,MpMbMpv,60,0,siteSCoutlet170807,Y,267972.9067,193.6379192,0.000748764,0.00074902
1316,Cx,60,0,siteSCoutlet170807,Y,267972.9067,193.6379192,0.000748764,0.00074902
1317,MpMbMpv,79,0,siteSC-6B,Y,194569.6103,193.6379192,0.000748764,0.00074902
1318,Cx,79,0,siteSC-6B,Y,194569.6103,193.6379192,0.000748764,0.00074902
1319,MpMbMpv,82,0,siteSC-7B,Y,213971.6585,193.6379192,0.000748764,0.00074902
1320,Cx,82,0,siteSC-7B,Y,213971.6585,193.6379192,0.000748764,0.00074902
1321,Gt,56,0,SC-8B,Y,237453.753,19.18303163,1.62281E-13,0
1322,MpMbMpv,56,0,SC-8B,Y,237453.753,19.18303163,1.62281E-13,0
1323,Gt,58,0,siteSC-9A,Y,258694.6456,19.18303163,1.62281E-13,0
1324,MpMbMpv,58,0,siteSC-9A,Y,258694.6456,19.18303163,1.62281E-13,0
1325,Gt,59,0,siteSCoutlet170710,Y,263523.1099,19.18303163,1.62281E-13,0
1326,MpMbMpv,59,0,siteSCoutlet170710,Y,263523.1099,19.18303163,1.62281E-13,0
1327,Gt,60,0,siteSCoutlet170807,Y,267972.9067,19.18303163,1.62281E-13,0
1328,MpMbMpv,60,0,siteSCoutlet170807,Y,267972.9067,19.18303163,1.62281E-13,0
1329,Gt,79,0,siteSC-6B,Y,194569.6103,19.18303163,1.62281E-13,0
1330,MpMbMpv,79,0,siteSC-6B,Y,194569.6103,19.18303163,1.62281E-13,0
1331,Gt,82,0,siteSC-7B,Y,213971.6585,19.18303163,1.62281E-13,0
1332,MpMbMpv,82,0,siteSC-7B,Y,213971.6585,19.18303163,1.62281E-13,0
1333,MpMbMpv,56,0,SC-8B,Y,237453.753,504.8636454,0.000847377,0.000847373
1334,MpMbMpv,56,0,SC-8B,Y,237453.753,504.8636454,0.000847377,0.000847373
1335,MpMbMpv,58,0,siteSC-9A,Y,258694.6456,504.8636454,0.000847377,0.000847373
1336,MpMbMpv,58,0,siteSC-9A,Y,258694.6456,504.8636454,0.000847377,0.000847373
1337,MpMbMpv,59,0,siteSCoutlet170710,Y,263523.1099,504.8636454,0.000847377,0.000847373
1338,MpMbMpv,59,0,siteSCoutlet170710,Y,263523.1099,504.8636454,0.000847377,0.000847373
1339,MpMbMpv,60,0,siteSCoutlet170807,Y,267972.9067,504.8636454,0.000847377,0.000847373
1340,MpMbMpv,60,0,siteSCoutlet170807,Y,267972.9067,504.8636454,0.000847377,0.000847373
1341,MpMbMpv,79,0,siteSC-6B,Y,194569.6103,504.8636454,0.000847377,0.000847373
1342,MpMbMpv,79,0,siteSC-6B,Y,194569.6103,504.8636454,0.000847377,0.000847373
1343,MpMbMpv,82,0,siteSC-7B,Y,213971.6585,504.8636454,0.000847377,0.000847373
1344,MpMbMpv,82,0,siteSC-7B,Y,213971.6585,504.8636454,0.000847377,0.000847373
1345,Cx,56,0,SC-8B,Y,237453.753,208.4946522,0.001190882,0.001191701
1346,MhMrMm,56,0,SC-8B,Y,237453.753,208.4946522,0.001190882,0.001191701
1347,Cx,58,0,siteSC-9A,Y,258694.6456,208.4946522,0.001190882,0.001191701
1348,MhMrMm,58,0,siteSC-9A,Y,258694.6456,208.4946522,0.001190882,0.001191701
1349,Cx,59,0,siteSCoutlet170710,Y,263523.1099,208.4946522,0.001190882,0.001191701
1350,MhMrMm,59,0,siteSCoutlet170710,Y,263523.1099,208.4946522,0.001190882,0.001191701
1351,Cx,60,0,siteSCoutlet170807,Y,267972.9067,208.4946522,0.001190882,0.001191701
1352,MhMrMm,60,0,siteSCoutlet170807,Y,267972.9067,208.4946522,0.001190882,0.001191701
1353,Cx,79,0,siteSC-6B,Y,194569.6103,208.4946522,0.001190882,0.001191701
1354,MhMrMm,79,0,siteSC-6B,Y,194569.6103,208.4946522,0.001190882,0.001191701
1355,Cx,82,0,siteSC-7B,Y,213971.6585,208.4946522,0.001190882,0.001191701
1356,MhMrMm,82,0,siteSC-7B,Y,213971.6585,208.4946522,0.001190882,0.001191701
1357,Mv,56,0,SC-8B,Y,237453.753,9014.27869,1.222844129,1.223807717
1358,MhMrMm,56,0,SC-8B,Y,237453.753,9014.27869,1.222844129,1.223807717
1359,Mv,58,0,siteSC-9A,Y,258694.6456,9014.27869,1.222844129,1.223807717
1360,MhMrMm,58,0,siteSC-9A,Y,258694.6456,9014.27869,1.222844129,1.223807717
1361,Mv,59,0,siteSCoutlet170710,Y,263523.1099,9014.27869,1.222844129,1.223807717
1362,MhMrMm,59,0,siteSCoutlet170710,Y,263523.1099,9014.27869,1.222844129,1.223807717
1363,Mv,60,0,siteSCoutlet170807,Y,267972.9067,9014.27869,1.222844129,1.223807717
1364,MhMrMm,60,0,siteSCoutlet170807,Y,267972.9067,9014.27869,1.222844129,1.223807717
1365,Mv,79,0,siteSC-6B,Y,194569.6103,9014.27869,1.222844129,1.223807717
1366,MhMrMm,79,0,siteSC-6B,Y,194569.6103,9014.27869,1.222844129,1.223807717
1367,Mv,82,0,siteSC-7B,Y,213971.6585,9014.27869,1.222844129,1.223807717
1368,MhMrMm,82,0,siteSC-7B,Y,213971.6585,9014.27869,1.222844129,1.223807717
1369,Mv,11,0,SDDN150704,Y,6210.417495,3549.483274,0.063501734,0.063550875
1370,Mv,12,0,site48,Y,6349.769336,3549.483274,0.063501734,0.063550875
1371,Mv,13,0,SDDNTS100150704,Y,6396.227028,3549.483274,0.063501734,0.063550875
1372,Mv,14,0,SDDNTS200150704,Y,6690.215488,3549.483274,0.063501734,0.063550875
1373,Mv,15,0,SDDNTS300150704,Y,6912.094798,3549.483274,0.063501734,0.063550875
1374,Mv,16,0,SDDNTS400150704,Y,7087.512259,3549.483274,0.063501734,0.063550875
1375,Mv,45,0,S3INTSINFLOW3160730,Y,35682.3182,3549.483274,0.063501734,0.063550875
1376,Mv,46,0,S3DNTS7160730,Y,39206.58459,3549.483274,0.063501734,0.063550875
1377,MpMbMpv,11,0,SDDN150704,Y,6210.417495,2990.829822,0.10158953,0.101670027
1378,MpMbMpv,12,0,site48,Y,6349.769336,2990.829822,0.10158953,0.101670027
1379,MpMbMpv,13,0,SDDNTS100150704,Y,6396.227028,2990.829822,0.10158953,0.101670027
1380,MpMbMpv,14,0,SDDNTS200150704,Y,6690.215488,2990.829822,0.10158953,0.101670027
1381,MpMbMpv,15,0,SDDNTS300150704,Y,6912.094798,2990.829822,0.10158953,0.101670027
1382,MpMbMpv,16,0,SDDNTS400150704,Y,7087.512259,2990.829822,0.10158953,0.101670027
1383,MpMbMpv,45,0,S3INTSINFLOW3160730,Y,35682.3182,2990.829822,0.10158953,0.101670027
1384,MpMbMpv,46,0,S3DNTS7160730,Y,39206.58459,2990.829822,0.10158953,0.101670027
1385,MpMbMpv,11,0,SDDN150704,Y,6210.417495,147.4712318,0.000730404,0.000730867
1386,MpMbMpv,12,0,site48,Y,6349.769336,147.4712318,0.000730404,0.000730867
1387,MpMbMpv,13,0,SDDNTS100150704,Y,6396.227028,147.4712318,0.000730404,0.000730867
1388,MpMbMpv,14,0,SDDNTS200150704,Y,6690.215488,147.4712318,0.000730404,0.000730867
1389,MpMbMpv,15,0,SDDNTS300150704,Y,6912.094798,147.4712318,0.000730404,0.000730867
1390,MpMbMpv,16,0,SDDNTS400150704,Y,7087.512259,147.4712318,0.000730404,0.000730867
1391,MpMbMpv,45,0,S3INTSINFLOW3160730,Y,35682.3182,147.4712318,0.000730404,0.000730867
1392,MpMbMpv,46,0,S3DNTS7160730,Y,39206.58459,147.4712318,0.000730404,0.000730867
1393,Cx,36,0,SEDNTS1000150821,Y,17106.99654,792.3746868,0.011232157,0.011240792
1394,Cx,37,0,HAUPTS2160617,Y,18863.82625,792.3746868,0.011232157,0.011240792
1395,Cx,38,0,HAUPTS22160726,Y,18972.16236,792.3746868,0.011232157,0.011240792
1396,Cx,40,0,HADNTS3160726,Y,19759.42525,792.3746868,0.011232157,0.011240792
1397,Cx,41,0,S2UPTS4160617,Y,21949.53018,792.3746868,0.011232157,0.011240792
1398,Cx,43,0,S2DNTS5160617,Y,24551.93494,792.3746868,0.011232157,0.011240792
1399,Cx,44,0,S3UPTS6160730,Y,25887.85677,792.3746868,0.011232157,0.011240792
1400,Cx,46,0,S3DNTS7160730,Y,39206.58459,792.3746868,0.011232157,0.011240792
1401,MpMbMpv,36,0,SEDNTS1000150821,Y,17106.99654,1479.186205,0.022947119,0.022965397
1402,MpMbMpv,37,0,HAUPTS2160617,Y,18863.82625,1479.186205,0.022947119,0.022965397
1403,MpMbMpv,38,0,HAUPTS22160726,Y,18972.16236,1479.186205,0.022947119,0.022965397
1404,MpMbMpv,40,0,HADNTS3160726,Y,19759.42525,1479.186205,0.022947119,0.022965397
1405,MpMbMpv,41,0,S2UPTS4160617,Y,21949.53018,1479.186205,0.022947119,0.022965397
1406,MpMbMpv,43,0,S2DNTS5160617,Y,24551.93494,1479.186205,0.022947119,0.022965397
1407,MpMbMpv,44,0,S3UPTS6160730,Y,25887.85677,1479.186205,0.022947119,0.022965397
1408,MpMbMpv,46,0,S3DNTS7160730,Y,39206.58459,1479.186205,0.022947119,0.022965397
1409,MpMbMpv,56,0,SC-8B,Y,237453.753,11809.42689,2.5846985,2.58668253
1410,MpMbMpv,58,0,siteSC-9A,Y,258694.6456,11809.42689,2.5846985,2.58668253
1411,MpMbMpv,59,0,siteSCoutlet170710,Y,263523.1099,11809.42689,2.5846985,2.58668253
1412,MpMbMpv,60,0,siteSCoutlet170807,Y,267972.9067,11809.42689,2.5846985,2.58668253
1413,MpMbMpv,68,0,site20,Y,12077.91629,11809.42689,2.5846985,2.58668253
1414,MpMbMpv,78,0,siteSC-5B,Y,162850.4689,11809.42689,2.5846985,2.58668253
1415,MpMbMpv,79,0,siteSC-6B,Y,194569.6103,11809.42689,2.5846985,2.58668253
1416,MpMbMpv,82,0,siteSC-7B,Y,213971.6585,11809.42689,2.5846985,2.58668253
1417,MhMrMm,56,0,SC-8B,Y,237453.753,1841.216054,0.068773239,0.06882749
1418,MhMrMm,58,0,siteSC-9A,Y,258694.6456,1841.216054,0.068773239,0.06882749
1419,MhMrMm,59,0,siteSCoutlet170710,Y,263523.1099,1841.216054,0.068773239,0.06882749
1420,MhMrMm,60,0,siteSCoutlet170807,Y,267972.9067,1841.216054,0.068773239,0.06882749
1421,MhMrMm,68,0,site20,Y,12077.91629,1841.216054,0.068773239,0.06882749
1422,MhMrMm,78,0,siteSC-5B,Y,162850.4689,1841.216054,0.068773239,0.06882749
1423,MhMrMm,79,0,siteSC-6B,Y,194569.6103,1841.216054,0.068773239,0.06882749
1424,MhMrMm,82,0,siteSC-7B,Y,213971.6585,1841.216054,0.068773239,0.06882749
1425,Ct,56,0,SC-8B,Y,237453.753,934.5765601,0.027000017,0.027018963
1426,Ct,58,0,siteSC-9A,Y,258694.6456,934.5765601,0.027000017,0.027018963
1427,Ct,59,0,siteSCoutlet170710,Y,263523.1099,934.5765601,0.027000017,0.027018963
1428,Ct,60,0,siteSCoutlet170807,Y,267972.9067,934.5765601,0.027000017,0.027018963
1429,Ct,69,0,site19,Y,22391.73955,934.5765601,0.027000017,0.027018963
1430,Ct,78,0,siteSC-5B,Y,162850.4689,934.5765601,0.027000017,0.027018963
1431,Ct,79,0,siteSC-6B,Y,194569.6103,934.5765601,0.027000017,0.027018963
1432,Ct,82,0,siteSC-7B,Y,213971.6585,934.5765601,0.027000017,0.027018963
1433,MpMbMpv,56,0,SC-8B,Y,237453.753,14536.8149,3.81372796,3.816613726
1434,MpMbMpv,58,0,siteSC-9A,Y,258694.6456,14536.8149,3.81372796,3.816613726
1435,MpMbMpv,59,0,siteSCoutlet170710,Y,263523.1099,14536.8149,3.81372796,3.816613726
1436,MpMbMpv,60,0,siteSCoutlet170807,Y,267972.9067,14536.8149,3.81372796,3.816613726
1437,MpMbMpv,69,0,site19,Y,22391.73955,14536.8149,3.81372796,3.816613726
1438,MpMbMpv,78,0,siteSC-5B,Y,162850.4689,14536.8149,3.81372796,3.816613726
1439,MpMbMpv,79,0,siteSC-6B,Y,194569.6103,14536.8149,3.81372796,3.816613726
1440,MpMbMpv,82,0,siteSC-7B,Y,213971.6585,14536.8149,3.81372796,3.816613726
1441,Cx,56,0,SC-8B,Y,237453.753,10209.6948,1.550221558,1.551343603
1442,Cx,58,0,siteSC-9A,Y,258694.6456,10209.6948,1.550221558,1.551343603
1443,Cx,59,0,siteSCoutlet170710,Y,263523.1099,10209.6948,1.550221558,1.551343603
1444,Cx,60,0,siteSCoutlet170807,Y,267972.9067,10209.6948,1.550221558,1.551343603
1445,Cx,69,0,site19,Y,22391.73955,10209.6948,1.550221558,1.551343603
1446,Cx,78,0,siteSC-5B,Y,162850.4689,10209.6948,1.550221558,1.551343603
1447,Cx,79,0,siteSC-6B,Y,194569.6103,10209.6948,1.550221558,1.551343603
1448,Cx,82,0,siteSC-7B,Y,213971.6585,10209.6948,1.550221558,1.551343603
1449,Ct,56,0,SC-8B,Y,237453.753,5474.272706,0.722294796,0.722851595
1450,Ct,58,0,siteSC-9A,Y,258694.6456,5474.272706,0.722294796,0.722851595
1451,Ct,59,0,siteSCoutlet170710,Y,263523.1099,5474.272706,0.722294796,0.722851595
1452,Ct,60,0,siteSCoutlet170807,Y,267972.9067,5474.272706,0.722294796,0.722851595
1453,Ct,69,0,site19,Y,22391.73955,5474.272706,0.722294796,0.722851595
1454,Ct,78,0,siteSC-5B,Y,162850.4689,5474.272706,0.722294796,0.722851595
1455,Ct,79,0,siteSC-6B,Y,194569.6103,5474.272706,0.722294796,0.722851595
1456,Ct,82,0,siteSC-7B,Y,213971.6585,5474.272706,0.722294796,0.722851595
1457,Mv,56,0,SC-8B,Y,237453.753,596.1354229,0.005257355,0.005261095
1458,Mv,58,0,siteSC-9A,Y,258694.6456,596.1354229,0.005257355,0.005261095
1459,Mv,59,0,siteSCoutlet170710,Y,263523.1099,596.1354229,0.005257355,0.005261095
1460,Mv,60,0,siteSCoutlet170807,Y,267972.9067,596.1354229,0.005257355,0.005261095
1461,Mv,69,0,site19,Y,22391.73955,596.1354229,0.005257355,0.005261095
1462,Mv,78,0,siteSC-5B,Y,162850.4689,596.1354229,0.005257355,0.005261095
1463,Mv,79,0,siteSC-6B,Y,194569.6103,596.1354229,0.005257355,0.005261095
1464,Mv,82,0,siteSC-7B,Y,213971.6585,596.1354229,0.005257355,0.005261095
1465,R/Cv,56,0,SC-8B,Y,237453.753,12021.54529,1.975239589,1.976761261
1466,R/Cv,58,0,siteSC-9A,Y,258694.6456,12021.54529,1.975239589,1.976761261
1467,R/Cv,59,0,siteSCoutlet170710,Y,263523.1099,12021.54529,1.975239589,1.976761261
1468,R/Cv,60,0,siteSCoutlet170807,Y,267972.9067,12021.54529,1.975239589,1.976761261
1469,R/Cv,69,0,site19,Y,22391.73955,12021.54529,1.975239589,1.976761261
1470,R/Cv,78,0,siteSC-5B,Y,162850.4689,12021.54529,1.975239589,1.976761261
1471,R/Cv,79,0,siteSC-6B,Y,194569.6103,12021.54529,1.975239589,1.976761261
1472,R/Cv,82,0,siteSC-7B,Y,213971.6585,12021.54529,1.975239589,1.976761261
1473,Mv,56,0,SC-8B,Y,237453.753,5582.775346,0.467293993,0.467648336
1474,Mv,58,0,siteSC-9A,Y,258694.6456,5582.775346,0.467293993,0.467648336
1475,Mv,59,0,siteSCoutlet170710,Y,263523.1099,5582.775346,0.467293993,0.467648336
1476,Mv,60,0,siteSCoutlet170807,Y,267972.9067,5582.775346,0.467293993,0.467648336
1477,Mv,69,0,site19,Y,22391.73955,5582.775346,0.467293993,0.467648336
1478,Mv,78,0,siteSC-5B,Y,162850.4689,5582.775346,0.467293993,0.467648336
1479,Mv,79,0,siteSC-6B,Y,194569.6103,5582.775346,0.467293993,0.467648336
1480,Mv,82,0,siteSC-7B,Y,213971.6585,5582.775346,0.467293993,0.467648336
1481,Mv,56,0,SC-8B,Y,237453.753,18260.6825,5.492546166,5.496720995
1482,Mv,58,0,siteSC-9A,Y,258694.6456,18260.6825,5.492546166,5.496720995
1483,Mv,59,0,siteSCoutlet170710,Y,263523.1099,18260.6825,5.492546166,5.496720995
1484,Mv,60,0,siteSCoutlet170807,Y,267972.9067,18260.6825,5.492546166,5.496720995
1485,Mv,70,0,site5,Y,25525.5358,18260.6825,5.492546166,5.496720995
1486,Mv,78,0,siteSC-5B,Y,162850.4689,18260.6825,5.492546166,5.496720995
1487,Mv,79,0,siteSC-6B,Y,194569.6103,18260.6825,5.492546166,5.496720995
1488,Mv,82,0,siteSC-7B,Y,213971.6585,18260.6825,5.492546166,5.496720995
1489,MpMbMpv,56,0,SC-8B,Y,237453.753,19101.65892,7.955522233,7.961727741
1490,MpMbMpv,58,0,siteSC-9A,Y,258694.6456,19101.65892,7.955522233,7.961727741
1491,MpMbMpv,59,0,siteSCoutlet170710,Y,263523.1099,19101.65892,7.955522233,7.961727741
1492,MpMbMpv,60,0,siteSCoutlet170807,Y,267972.9067,19101.65892,7.955522233,7.961727741
1493,MpMbMpv,70,0,site5,Y,25525.5358,19101.65892,7.955522233,7.961727741
1494,MpMbMpv,78,0,siteSC-5B,Y,162850.4689,19101.65892,7.955522233,7.961727741
1495,MpMbMpv,79,0,siteSC-6B,Y,194569.6103,19101.65892,7.955522233,7.961727741
1496,MpMbMpv,82,0,siteSC-7B,Y,213971.6585,19101.65892,7.955522233,7.961727741
1497,Ct,56,0,SC-8B,Y,237453.753,7339.77704,1.280101084,1.281057156
1498,Ct,58,0,siteSC-9A,Y,258694.6456,7339.77704,1.280101084,1.281057156
1499,Ct,59,0,siteSCoutlet170710,Y,263523.1099,7339.77704,1.280101084,1.281057156
1500,Ct,60,0,siteSCoutlet170807,Y,267972.9067,7339.77704,1.280101084,1.281057156
1501,Ct,70,0,site5,Y,25525.5358,7339.77704,1.280101084,1.281057156
1502,Ct,78,0,siteSC-5B,Y,162850.4689,7339.77704,1.280101084,1.281057156
1503,Ct,79,0,siteSC-6B,Y,194569.6103,7339.77704,1.280101084,1.281057156
1504,Ct,82,0,siteSC-7B,Y,213971.6585,7339.77704,1.280101084,1.281057156
1505,Mv,56,0,SC-8B,Y,237453.753,10503.51444,3.368313532,3.370889827
1506,Mv,58,0,siteSC-9A,Y,258694.6456,10503.51444,3.368313532,3.370889827
1507,Mv,59,0,siteSCoutlet170710,Y,263523.1099,10503.51444,3.368313532,3.370889827
1508,Mv,60,0,siteSCoutlet170807,Y,267972.9067,10503.51444,3.368313532,3.370889827
1509,Mv,70,0,site5,Y,25525.5358,10503.51444,3.368313532,3.370889827
1510,Mv,78,0,siteSC-5B,Y,162850.4689,10503.51444,3.368313532,3.370889827
1511,Mv,79,0,siteSC-6B,Y,194569.6103,10503.51444,3.368313532,3.370889827
1512,Mv,82,0,siteSC-7B,Y,213971.6585,10503.51444,3.368313532,3.370889827
1513,ApAt,56,0,SC-8B,Y,237453.753,20113.74539,2.574769494,2.577031878
1514,ApAt,58,0,siteSC-9A,Y,258694.6456,20113.74539,2.574769494,2.577031878
1515,ApAt,59,0,siteSCoutlet170710,Y,263523.1099,20113.74539,2.574769494,2.577031878
1516,ApAt,60,0,siteSCoutlet170807,Y,267972.9067,20113.74539,2.574769494,2.577031878
1517,ApAt,71,0,site36,Y,54545.36664,20113.74539,2.574769494,2.577031878
1518,ApAt,78,0,siteSC-5B,Y,162850.4689,20113.74539,2.574769494,2.577031878
1519,ApAt,79,0,siteSC-6B,Y,194569.6103,20113.74539,2.574769494,2.577031878
1520,ApAt,82,0,siteSC-7B,Y,213971.6585,20113.74539,2.574769494,2.577031878
1521,R/Cv,56,0,SC-8B,Y,237453.753,3193.268043,0.569918042,0.570326705
1522,R/Cv,58,0,siteSC-9A,Y,258694.6456,3193.268043,0.569918042,0.570326705
1523,R/Cv,59,0,siteSCoutlet170710,Y,263523.1099,3193.268043,0.569918042,0.570326705
1524,R/Cv,60,0,siteSCoutlet170807,Y,267972.9067,3193.268043,0.569918042,0.570326705
1525,R/Cv,71,0,site36,Y,54545.36664,3193.268043,0.569918042,0.570326705
1526,R/Cv,78,0,siteSC-5B,Y,162850.4689,3193.268043,0.569918042,0.570326705
1527,R/Cv,79,0,siteSC-6B,Y,194569.6103,3193.268043,0.569918042,0.570326705
1528,R/Cv,82,0,siteSC-7B,Y,213971.6585,3193.268043,0.569918042,0.570326705
1529,R/Cv,56,0,SC-8B,Y,237453.753,8586.904743,2.071698925,2.0732288
1530,R/Cv,58,0,siteSC-9A,Y,258694.6456,8586.904743,2.071698925,2.0732288
1531,R/Cv,59,0,siteSCoutlet170710,Y,263523.1099,8586.904743,2.071698925,2.0732288
1532,R/Cv,60,0,siteSCoutlet170807,Y,267972.9067,8586.904743,2.071698925,2.0732288
1533,R/Cv,71,0,site36,Y,54545.36664,8586.904743,2.071698925,2.0732288
1534,R/Cv,78,0,siteSC-5B,Y,162850.4689,8586.904743,2.071698925,2.0732288
1535,R/Cv,79,0,siteSC-6B,Y,194569.6103,8586.904743,2.071698925,2.0732288
1536,R/Cv,82,0,siteSC-7B,Y,213971.6585,8586.904743,2.071698925,2.0732288
1537,Mv,56,0,SC-8B,Y,237453.753,6760.310897,0.648684584,0.649201829
1538,Mv,58,0,siteSC-9A,Y,258694.6456,6760.310897,0.648684584,0.649201829
1539,Mv,59,0,siteSCoutlet170710,Y,263523.1099,6760.310897,0.648684584,0.649201829
1540,Mv,60,0,siteSCoutlet170807,Y,267972.9067,6760.310897,0.648684584,0.649201829
1541,Mv,71,0,site36,Y,54545.36664,6760.310897,0.648684584,0.649201829
1542,Mv,78,0,siteSC-5B,Y,162850.4689,6760.310897,0.648684584,0.649201829
1543,Mv,79,0,siteSC-6B,Y,194569.6103,6760.310897,0.648684584,0.649201829
1544,Mv,82,0,siteSC-7B,Y,213971.6585,6760.310897,0.648684584,0.649201829
1545,Cx,56,0,SC-8B,Y,237453.753,13.28023133,4.17125E-06,4.18682E-06
1546,Cx,58,0,siteSC-9A,Y,258694.6456,13.28023133,4.17125E-06,4.18682E-06
1547,Cx,59,0,siteSCoutlet170710,Y,263523.1099,13.28023133,4.17125E-06,4.18682E-06
1548,Cx,60,0,siteSCoutlet170807,Y,267972.9067,13.28023133,4.17125E-06,4.18682E-06
1549,Cx,71,0,site36,Y,54545.36664,13.28023133,4.17125E-06,4.18682E-06
1550,Cx,78,0,siteSC-5B,Y,162850.4689,13.28023133,4.17125E-06,4.18682E-06
1551,Cx,79,0,siteSC-6B,Y,194569.6103,13.28023133,4.17125E-06,4.18682E-06
1552,Cx,82,0,siteSC-7B,Y,213971.6585,13.28023133,4.17125E-06,4.18682E-06
1553,MhMrMm,56,0,SC-8B,Y,237453.753,2306.738098,0.244378404,0.244564271
1554,MhMrMm,58,0,siteSC-9A,Y,258694.6456,2306.738098,0.244378404,0.244564271
1555,MhMrMm,59,0,siteSCoutlet170710,Y,263523.1099,2306.738098,0.244378404,0.244564271
1556,MhMrMm,60,0,siteSCoutlet170807,Y,267972.9067,2306.738098,0.244378404,0.244564271
1557,MhMrMm,71,0,site36,Y,54545.36664,2306.738098,0.244378404,0.244564271
1558,MhMrMm,78,0,siteSC-5B,Y,162850.4689,2306.738098,0.244378404,0.244564271
1559,MhMrMm,79,0,siteSC-6B,Y,194569.6103,2306.738098,0.244378404,0.244564271
1560,MhMrMm,82,0,siteSC-7B,Y,213971.6585,2306.738098,0.244378404,0.244564271
1561,MpMbMpv,56,0,SC-8B,Y,237453.753,65336.97139,20.17858929,20.19464481
1562,MpMbMpv,58,0,siteSC-9A,Y,258694.6456,65336.97139,20.17858929,20.19464481
1563,MpMbMpv,59,0,siteSCoutlet170710,Y,263523.1099,65336.97139,20.17858929,20.19464481
1564,MpMbMpv,60,0,siteSCoutlet170807,Y,267972.9067,65336.97139,20.17858929,20.19464481
1565,MpMbMpv,71,0,site36,Y,54545.36664,65336.97139,20.17858929,20.19464481
1566,MpMbMpv,78,0,siteSC-5B,Y,162850.4689,65336.97139,20.17858929,20.19464481
1567,MpMbMpv,79,0,siteSC-6B,Y,194569.6103,65336.97139,20.17858929,20.19464481
1568,MpMbMpv,82,0,siteSC-7B,Y,213971.6585,65336.97139,20.17858929,20.19464481
1569,MpMbMpv,56,0,SC-8B,Y,237453.753,82.33054328,6.70725E-05,6.71292E-05
1570,MpMbMpv,58,0,siteSC-9A,Y,258694.6456,82.33054328,6.70725E-05,6.71292E-05
1571,MpMbMpv,59,0,siteSCoutlet170710,Y,263523.1099,82.33054328,6.70725E-05,6.71292E-05
1572,MpMbMpv,60,0,siteSCoutlet170807,Y,267972.9067,82.33054328,6.70725E-05,6.71292E-05
1573,MpMbMpv,71,0,site36,Y,54545.36664,82.33054328,6.70725E-05,6.71292E-05
1574,MpMbMpv,78,0,siteSC-5B,Y,162850.4689,82.33054328,6.70725E-05,6.71292E-05
1575,MpMbMpv,79,0,siteSC-6B,Y,194569.6103,82.33054328,6.70725E-05,6.71292E-05
1576,MpMbMpv,82,0,siteSC-7B,Y,213971.6585,82.33054328,6.70725E-05,6.71292E-05
1577,Mv,56,0,SC-8B,Y,237453.753,14733.52906,2.973300111,2.975667358
1578,Mv,58,0,siteSC-9A,Y,258694.6456,14733.52906,2.973300111,2.975667358
1579,Mv,59,0,siteSCoutlet170710,Y,263523.1099,14733.52906,2.973300111,2.975667358
1580,Mv,60,0,siteSCoutlet170807,Y,267972.9067,14733.52906,2.973300111,2.975667358
1581,Mv,71,0,site36,Y,54545.36664,14733.52906,2.973300111,2.975667358
1582,Mv,78,0,siteSC-5B,Y,162850.4689,14733.52906,2.973300111,2.975667358
1583,Mv,79,0,siteSC-6B,Y,194569.6103,14733.52906,2.973300111,2.975667358
1584,Mv,82,0,siteSC-7B,Y,213971.6585,14733.52906,2.973300111,2.975667358
1585,R/Cv,56,0,SC-8B,Y,237453.753,1330.551829,0.126653747,0.126741704
1586,R/Cv,58,0,siteSC-9A,Y,258694.6456,1330.551829,0.126653747,0.126741704
1587,R/Cv,59,0,siteSCoutlet170710,Y,263523.1099,1330.551829,0.126653747,0.126741704
1588,R/Cv,60,0,siteSCoutlet170807,Y,267972.9067,1330.551829,0.126653747,0.126741704
1589,R/Cv,71,0,site36,Y,54545.36664,1330.551829,0.126653747,0.126741704
1590,R/Cv,78,0,siteSC-5B,Y,162850.4689,1330.551829,0.126653747,0.126741704
1591,R/Cv,79,0,siteSC-6B,Y,194569.6103,1330.551829,0.126653747,0.126741704
1592,R/Cv,82,0,siteSC-7B,Y,213971.6585,1330.551829,0.126653747,0.126741704
1593,R/Cv,56,0,SC-8B,Y,237453.753,2208.701685,0.368947824,0.369209269
1594,R/Cv,58,0,siteSC-9A,Y,258694.6456,2208.701685,0.368947824,0.369209269
1595,R/Cv,59,0,siteSCoutlet170710,Y,263523.1099,2208.701685,0.368947824,0.369209269
1596,R/Cv,60,0,siteSCoutlet170807,Y,267972.9067,2208.701685,0.368947824,0.369209269
1597,R/Cv,71,0,site36,Y,54545.36664,2208.701685,0.368947824,0.369209269
1598,R/Cv,78,0,siteSC-5B,Y,162850.4689,2208.701685,0.368947824,0.369209269
1599,R/Cv,79,0,siteSC-6B,Y,194569.6103,2208.701685,0.368947824,0.369209269
1600,R/Cv,82,0,siteSC-7B,Y,213971.6585,2208.701685,0.368947824,0.369209269
1601,Cx,56,0,SC-8B,Y,237453.753,11820.44941,1.889990294,1.891526303
1602,Cx,58,0,siteSC-9A,Y,258694.6456,11820.44941,1.889990294,1.891526303
1603,Cx,59,0,siteSCoutlet170710,Y,263523.1099,11820.44941,1.889990294,1.891526303
1604,Cx,60,0,siteSCoutlet170807,Y,267972.9067,11820.44941,1.889990294,1.891526303
1605,Cx,71,0,site36,Y,54545.36664,11820.44941,1.889990294,1.891526303
1606,Cx,78,0,siteSC-5B,Y,162850.4689,11820.44941,1.889990294,1.891526303
1607,Cx,79,0,siteSC-6B,Y,194569.6103,11820.44941,1.889990294,1.891526303
1608,Cx,82,0,siteSC-7B,Y,213971.6585,11820.44941,1.889990294,1.891526303
1609,MpMbMpv,56,0,SC-8B,Y,237453.753,181.4521356,0.000769913,0.000770471
1610,MpMbMpv,58,0,siteSC-9A,Y,258694.6456,181.4521356,0.000769913,0.000770471
1611,MpMbMpv,59,0,siteSCoutlet170710,Y,263523.1099,181.4521356,0.000769913,0.000770471
1612,MpMbMpv,60,0,siteSCoutlet170807,Y,267972.9067,181.4521356,0.000769913,0.000770471
1613,MpMbMpv,71,0,site36,Y,54545.36664,181.4521356,0.000769913,0.000770471
1614,MpMbMpv,78,0,siteSC-5B,Y,162850.4689,181.4521356,0.000769913,0.000770471
1615,MpMbMpv,79,0,siteSC-6B,Y,194569.6103,181.4521356,0.000769913,0.000770471
1616,MpMbMpv,82,0,siteSC-7B,Y,213971.6585,181.4521356,0.000769913,0.000770471
1617,MpMbMpv,56,0,SC-8B,Y,237453.753,833.558912,0.006756682,0.006758071
1618,MpMbMpv,58,0,siteSC-9A,Y,258694.6456,833.558912,0.006756682,0.006758071
1619,MpMbMpv,59,0,siteSCoutlet170710,Y,263523.1099,833.558912,0.006756682,0.006758071
1620,MpMbMpv,60,0,siteSCoutlet170807,Y,267972.9067,833.558912,0.006756682,0.006758071
1621,MpMbMpv,71,0,site36,Y,54545.36664,833.558912,0.006756682,0.006758071
1622,MpMbMpv,78,0,siteSC-5B,Y,162850.4689,833.558912,0.006756682,0.006758071
1623,MpMbMpv,79,0,siteSC-6B,Y,194569.6103,833.558912,0.006756682,0.006758071
1624,MpMbMpv,82,0,siteSC-7B,Y,213971.6585,833.558912,0.006756682,0.006758071
1625,R/Cv,56,0,SC-8B,Y,237453.753,2917.190269,0.33497752,0.33523103
1626,R/Cv,58,0,siteSC-9A,Y,258694.6456,2917.190269,0.33497752,0.33523103
1627,R/Cv,59,0,siteSCoutlet170710,Y,263523.1099,2917.190269,0.33497752,0.33523103
1628,R/Cv,60,0,siteSCoutlet170807,Y,267972.9067,2917.190269,0.33497752,0.33523103
1629,R/Cv,71,0,site36,Y,54545.36664,2917.190269,0.33497752,0.33523103
1630,R/Cv,78,0,siteSC-5B,Y,162850.4689,2917.190269,0.33497752,0.33523103
1631,R/Cv,79,0,siteSC-6B,Y,194569.6103,2917.190269,0.33497752,0.33523103
1632,R/Cv,82,0,siteSC-7B,Y,213971.6585,2917.190269,0.33497752,0.33523103
1633,R/Cv,56,0,SC-8B,Y,237453.753,30478.16702,10.48190341,10.48973511
1634,R/Cv,58,0,siteSC-9A,Y,258694.6456,30478.16702,10.48190341,10.48973511
1635,R/Cv,59,0,siteSCoutlet170710,Y,263523.1099,30478.16702,10.48190341,10.48973511
1636,R/Cv,60,0,siteSCoutlet170807,Y,267972.9067,30478.16702,10.48190341,10.48973511
1637,R/Cv,71,0,site36,Y,54545.36664,30478.16702,10.48190341,10.48973511
1638,R/Cv,78,0,siteSC-5B,Y,162850.4689,30478.16702,10.48190341,10.48973511
1639,R/Cv,79,0,siteSC-6B,Y,194569.6103,30478.16702,10.48190341,10.48973511
1640,R/Cv,82,0,siteSC-7B,Y,213971.6585,30478.16702,10.48190341,10.48973511
1641,ApAt,56,0,SC-8B,Y,237453.753,10299.60268,1.265308873,1.266217815
1642,ApAt,58,0,siteSC-9A,Y,258694.6456,10299.60268,1.265308873,1.266217815
1643,ApAt,59,0,siteSCoutlet170710,Y,263523.1099,10299.60268,1.265308873,1.266217815
1644,ApAt,60,0,siteSCoutlet170807,Y,267972.9067,10299.60268,1.265308873,1.266217815
1645,ApAt,72,0,site37,Y,45537.58056,10299.60268,1.265308873,1.266217815
1646,ApAt,78,0,siteSC-5B,Y,162850.4689,10299.60268,1.265308873,1.266217815
1647,ApAt,79,0,siteSC-6B,Y,194569.6103,10299.60268,1.265308873,1.266217815
1648,ApAt,82,0,siteSC-7B,Y,213971.6585,10299.60268,1.265308873,1.266217815
1649,R/Cv,56,0,SC-8B,Y,237453.753,538.5095187,0.010245098,0.01025288
1650,R/Cv,58,0,siteSC-9A,Y,258694.6456,538.5095187,0.010245098,0.01025288
1651,R/Cv,59,0,siteSCoutlet170710,Y,263523.1099,538.5095187,0.010245098,0.01025288
1652,R/Cv,60,0,siteSCoutlet170807,Y,267972.9067,538.5095187,0.010245098,0.01025288
1653,R/Cv,72,0,site37,Y,45537.58056,538.5095187,0.010245098,0.01025288
1654,R/Cv,78,0,siteSC-5B,Y,162850.4689,538.5095187,0.010245098,0.01025288
1655,R/Cv,79,0,siteSC-6B,Y,194569.6103,538.5095187,0.010245098,0.01025288
1656,R/Cv,82,0,siteSC-7B,Y,213971.6585,538.5095187,0.010245098,0.01025288
1657,Mv,56,0,SC-8B,Y,237453.753,2533.81978,0.167738564,0.167866787
1658,Mv,58,0,siteSC-9A,Y,258694.6456,2533.81978,0.167738564,0.167866787
1659,Mv,59,0,siteSCoutlet170710,Y,263523.1099,2533.81978,0.167738564,0.167866787
1660,Mv,60,0,siteSCoutlet170807,Y,267972.9067,2533.81978,0.167738564,0.167866787
1661,Mv,72,0,site37,Y,45537.58056,2533.81978,0.167738564,0.167866787
1662,Mv,78,0,siteSC-5B,Y,162850.4689,2533.81978,0.167738564,0.167866787
1663,Mv,79,0,siteSC-6B,Y,194569.6103,2533.81978,0.167738564,0.167866787
1664,Mv,82,0,siteSC-7B,Y,213971.6585,2533.81978,0.167738564,0.167866787
1665,Mv,56,0,SC-8B,Y,237453.753,9339.131235,2.380800069,2.382514578
1666,Mv,58,0,siteSC-9A,Y,258694.6456,9339.131235,2.380800069,2.382514578
1667,Mv,59,0,siteSCoutlet170710,Y,263523.1099,9339.131235,2.380800069,2.382514578
1668,Mv,60,0,siteSCoutlet170807,Y,267972.9067,9339.131235,2.380800069,2.382514578
1669,Mv,72,0,site37,Y,45537.58056,9339.131235,2.380800069,2.382514578
1670,Mv,78,0,siteSC-5B,Y,162850.4689,9339.131235,2.380800069,2.382514578
1671,Mv,79,0,siteSC-6B,Y,194569.6103,9339.131235,2.380800069,2.382514578
1672,Mv,82,0,siteSC-7B,Y,213971.6585,9339.131235,2.380800069,2.382514578
1673,Ct,56,0,SC-8B,Y,237453.753,2776.846706,0.071218876,0.071260921
1674,Ct,58,0,siteSC-9A,Y,258694.6456,2776.846706,0.071218876,0.071260921
1675,Ct,59,0,siteSCoutlet170710,Y,263523.1099,2776.846706,0.071218876,0.071260921
1676,Ct,60,0,siteSCoutlet170807,Y,267972.9067,2776.846706,0.071218876,0.071260921
1677,Ct,72,0,site37,Y,45537.58056,2776.846706,0.071218876,0.071260921
1678,Ct,78,0,siteSC-5B,Y,162850.4689,2776.846706,0.071218876,0.071260921
1679,Ct,79,0,siteSC-6B,Y,194569.6103,2776.846706,0.071218876,0.071260921
1680,Ct,82,0,siteSC-7B,Y,213971.6585,2776.846706,0.071218876,0.071260921
1681,Cx,56,0,SC-8B,Y,237453.753,61.67341414,0.000139159,0.000139277
1682,Cx,58,0,siteSC-9A,Y,258694.6456,61.67341414,0.000139159,0.000139277
1683,Cx,59,0,siteSCoutlet170710,Y,263523.1099,61.67341414,0.000139159,0.000139277
1684,Cx,60,0,siteSCoutlet170807,Y,267972.9067,61.67341414,0.000139159,0.000139277
1685,Cx,72,0,site37,Y,45537.58056,61.67341414,0.000139159,0.000139277
1686,Cx,78,0,siteSC-5B,Y,162850.4689,61.67341414,0.000139159,0.000139277
1687,Cx,79,0,siteSC-6B,Y,194569.6103,61.67341414,0.000139159,0.000139277
1688,Cx,82,0,siteSC-7B,Y,213971.6585,61.67341414,0.000139159,0.000139277
1689,MpMbMpv,56,0,SC-8B,Y,237453.753,26284.24718,8.699618151,8.706242073
1690,MpMbMpv,58,0,siteSC-9A,Y,258694.6456,26284.24718,8.699618151,8.706242073
1691,MpMbMpv,59,0,siteSCoutlet170710,Y,263523.1099,26284.24718,8.699618151,8.706242073
1692,MpMbMpv,60,0,siteSCoutlet170807,Y,267972.9067,26284.24718,8.699618151,8.706242073
1693,MpMbMpv,72,0,site37,Y,45537.58056,26284.24718,8.699618151,8.706242073
1694,MpMbMpv,78,0,siteSC-5B,Y,162850.4689,26284.24718,8.699618151,8.706242073
1695,MpMbMpv,79,0,siteSC-6B,Y,194569.6103,26284.24718,8.699618151,8.706242073
1696,MpMbMpv,82,0,siteSC-7B,Y,213971.6585,26284.24718,8.699618151,8.706242073
1697,Cx,56,0,SC-8B,Y,237453.753,527.9975502,0.00484859,0.004852832
1698,Cx,58,0,siteSC-9A,Y,258694.6456,527.9975502,0.00484859,0.004852832
1699,Cx,59,0,siteSCoutlet170710,Y,263523.1099,527.9975502,0.00484859,0.004852832
1700,Cx,60,0,siteSCoutlet170807,Y,267972.9067,527.9975502,0.00484859,0.004852832
1701,Cx,72,0,site37,Y,45537.58056,527.9975502,0.00484859,0.004852832
1702,Cx,78,0,siteSC-5B,Y,162850.4689,527.9975502,0.00484859,0.004852832
1703,Cx,79,0,siteSC-6B,Y,194569.6103,527.9975502,0.00484859,0.004852832
1704,Cx,82,0,siteSC-7B,Y,213971.6585,527.9975502,0.00484859,0.004852832
1705,Mv,56,0,SC-8B,Y,237453.753,15405.13704,2.524361184,2.526300652
1706,Mv,58,0,siteSC-9A,Y,258694.6456,15405.13704,2.524361184,2.526300652
1707,Mv,59,0,siteSCoutlet170710,Y,263523.1099,15405.13704,2.524361184,2.526300652
1708,Mv,60,0,siteSCoutlet170807,Y,267972.9067,15405.13704,2.524361184,2.526300652
1709,Mv,72,0,site37,Y,45537.58056,15405.13704,2.524361184,2.526300652
1710,Mv,78,0,siteSC-5B,Y,162850.4689,15405.13704,2.524361184,2.526300652
1711,Mv,79,0,siteSC-6B,Y,194569.6103,15405.13704,2.524361184,2.526300652
1712,Mv,82,0,siteSC-7B,Y,213971.6585,15405.13704,2.524361184,2.526300652
1713,R/Cv,56,0,SC-8B,Y,237453.753,14631.29598,2.836395832,2.838602015
1714,R/Cv,58,0,siteSC-9A,Y,258694.6456,14631.29598,2.836395832,2.838602015
1715,R/Cv,59,0,siteSCoutlet170710,Y,263523.1099,14631.29598,2.836395832,2.838602015
1716,R/Cv,60,0,siteSCoutlet170807,Y,267972.9067,14631.29598,2.836395832,2.838602015
1717,R/Cv,72,0,site37,Y,45537.58056,14631.29598,2.836395832,2.838602015
1718,R/Cv,78,0,siteSC-5B,Y,162850.4689,14631.29598,2.836395832,2.838602015
1719,R/Cv,79,0,siteSC-6B,Y,194569.6103,14631.29598,2.836395832,2.838602015
1720,R/Cv,82,0,siteSC-7B,Y,213971.6585,14631.29598,2.836395832,2.838602015
1721,R/Cv,56,0,SC-8B,Y,237453.753,264.2803836,0.001388549,0.001389097
1722,R/Cv,58,0,siteSC-9A,Y,258694.6456,264.2803836,0.001388549,0.001389097
1723,R/Cv,59,0,siteSCoutlet170710,Y,263523.1099,264.2803836,0.001388549,0.001389097
1724,R/Cv,60,0,siteSCoutlet170807,Y,267972.9067,264.2803836,0.001388549,0.001389097
1725,R/Cv,72,0,site37,Y,45537.58056,264.2803836,0.001388549,0.001389097
1726,R/Cv,78,0,siteSC-5B,Y,162850.4689,264.2803836,0.001388549,0.001389097
1727,R/Cv,79,0,siteSC-6B,Y,194569.6103,264.2803836,0.001388549,0.001389097
1728,R/Cv,82,0,siteSC-7B,Y,213971.6585,264.2803836,0.001388549,0.001389097
1729,MhMrMm,56,0,SC-8B,Y,237453.753,16571.68656,7.870514044,7.87694147
1730,MhMrMm,58,0,siteSC-9A,Y,258694.6456,16571.68656,7.870514044,7.87694147
1731,MhMrMm,59,0,siteSCoutlet170710,Y,263523.1099,16571.68656,7.870514044,7.87694147
1732,MhMrMm,60,0,siteSCoutlet170807,Y,267972.9067,16571.68656,7.870514044,7.87694147
1733,MhMrMm,72,0,site37,Y,45537.58056,16571.68656,7.870514044,7.87694147
1734,MhMrMm,78,0,siteSC-5B,Y,162850.4689,16571.68656,7.870514044,7.87694147
1735,MhMrMm,79,0,siteSC-6B,Y,194569.6103,16571.68656,7.870514044,7.87694147
1736,MhMrMm,82,0,siteSC-7B,Y,213971.6585,16571.68656,7.870514044,7.87694147
1737,MpMbMpv,56,0,SC-8B,Y,237453.753,10371.16517,3.608838362,3.611632336
1738,MpMbMpv,58,0,siteSC-9A,Y,258694.6456,10371.16517,3.608838362,3.611632336
1739,MpMbMpv,59,0,siteSCoutlet170710,Y,263523.1099,10371.16517,3.608838362,3.611632336
1740,MpMbMpv,60,0,siteSCoutlet170807,Y,267972.9067,10371.16517,3.608838362,3.611632336
1741,MpMbMpv,73,0,site38,Y,12122.56923,10371.16517,3.608838362,3.611632336
1742,MpMbMpv,78,0,siteSC-5B,Y,162850.4689,10371.16517,3.608838362,3.611632336
1743,MpMbMpv,79,0,siteSC-6B,Y,194569.6103,10371.16517,3.608838362,3.611632336
1744,MpMbMpv,82,0,siteSC-7B,Y,213971.6585,10371.16517,3.608838362,3.611632336
1745,MhMrMm,56,0,SC-8B,Y,237453.753,6059.702056,0.563942744,0.564406788
1746,MhMrMm,58,0,siteSC-9A,Y,258694.6456,6059.702056,0.563942744,0.564406788
1747,MhMrMm,59,0,siteSCoutlet170710,Y,263523.1099,6059.702056,0.563942744,0.564406788
1748,MhMrMm,60,0,siteSCoutlet170807,Y,267972.9067,6059.702056,0.563942744,0.564406788
1749,MhMrMm,73,0,site38,Y,12122.56923,6059.702056,0.563942744,0.564406788
1750,MhMrMm,78,0,siteSC-5B,Y,162850.4689,6059.702056,0.563942744,0.564406788
1751,MhMrMm,79,0,siteSC-6B,Y,194569.6103,6059.702056,0.563942744,0.564406788
1752,MhMrMm,82,0,siteSC-7B,Y,213971.6585,6059.702056,0.563942744,0.564406788
1753,MhMrMm,56,0,SC-8B,Y,237453.753,27.38565759,2.90277E-05,2.90536E-05
1754,MhMrMm,58,0,siteSC-9A,Y,258694.6456,27.38565759,2.90277E-05,2.90536E-05
1755,MhMrMm,59,0,siteSCoutlet170710,Y,263523.1099,27.38565759,2.90277E-05,2.90536E-05
1756,MhMrMm,60,0,siteSCoutlet170807,Y,267972.9067,27.38565759,2.90277E-05,2.90536E-05
1757,MhMrMm,73,0,site38,Y,12122.56923,27.38565759,2.90277E-05,2.90536E-05
1758,MhMrMm,78,0,siteSC-5B,Y,162850.4689,27.38565759,2.90277E-05,2.90536E-05
1759,MhMrMm,79,0,siteSC-6B,Y,194569.6103,27.38565759,2.90277E-05,2.90536E-05
1760,MhMrMm,82,0,siteSC-7B,Y,213971.6585,27.38565759,2.90277E-05,2.90536E-05
1761,MhMrMm,56,0,SC-8B,Y,237453.753,191.7902314,0.000508069,0.000508122
1762,MhMrMm,58,0,siteSC-9A,Y,258694.6456,191.7902314,0.000508069,0.000508122
1763,MhMrMm,59,0,siteSCoutlet170710,Y,263523.1099,191.7902314,0.000508069,0.000508122
1764,MhMrMm,60,0,siteSCoutlet170807,Y,267972.9067,191.7902314,0.000508069,0.000508122
1765,MhMrMm,73,0,site38,Y,12122.56923,191.7902314,0.000508069,0.000508122
1766,MhMrMm,78,0,siteSC-5B,Y,162850.4689,191.7902314,0.000508069,0.000508122
1767,MhMrMm,79,0,siteSC-6B,Y,194569.6103,191.7902314,0.000508069,0.000508122
1768,MhMrMm,82,0,siteSC-7B,Y,213971.6585,191.7902314,0.000508069,0.000508122
1769,R/Cv,56,0,SC-8B,Y,237453.753,1616.808979,0.107896321,0.107971354
1770,R/Cv,58,0,siteSC-9A,Y,258694.6456,1616.808979,0.107896321,0.107971354
1771,R/Cv,59,0,siteSCoutlet170710,Y,263523.1099,1616.808979,0.107896321,0.107971354
1772,R/Cv,60,0,siteSCoutlet170807,Y,267972.9067,1616.808979,0.107896321,0.107971354
1773,R/Cv,74,0,siteSC-4B,Y,112154.2356,1616.808979,0.107896321,0.107971354
1774,R/Cv,78,0,siteSC-5B,Y,162850.4689,1616.808979,0.107896321,0.107971354
1775,R/Cv,79,0,siteSC-6B,Y,194569.6103,1616.808979,0.107896321,0.107971354
1776,R/Cv,82,0,siteSC-7B,Y,213971.6585,1616.808979,0.107896321,0.107971354
1777,R/Cv,56,0,SC-8B,Y,237453.753,3485.264885,0.421434755,0.421747434
1778,R/Cv,58,0,siteSC-9A,Y,258694.6456,3485.264885,0.421434755,0.421747434
1779,R/Cv,59,0,siteSCoutlet170710,Y,263523.1099,3485.264885,0.421434755,0.421747434
1780,R/Cv,60,0,siteSCoutlet170807,Y,267972.9067,3485.264885,0.421434755,0.421747434
1781,R/Cv,74,0,siteSC-4B,Y,112154.2356,3485.264885,0.421434755,0.421747434
1782,R/Cv,78,0,siteSC-5B,Y,162850.4689,3485.264885,0.421434755,0.421747434
1783,R/Cv,79,0,siteSC-6B,Y,194569.6103,3485.264885,0.421434755,0.421747434
1784,R/Cv,82,0,siteSC-7B,Y,213971.6585,3485.264885,0.421434755,0.421747434
1785,R/Cv,56,0,SC-8B,Y,237453.753,1562.630547,0.161457742,0.161574546
1786,R/Cv,58,0,siteSC-9A,Y,258694.6456,1562.630547,0.161457742,0.161574546
1787,R/Cv,59,0,siteSCoutlet170710,Y,263523.1099,1562.630547,0.161457742,0.161574546
1788,R/Cv,60,0,siteSCoutlet170807,Y,267972.9067,1562.630547,0.161457742,0.161574546
1789,R/Cv,74,0,siteSC-4B,Y,112154.2356,1562.630547,0.161457742,0.161574546
1790,R/Cv,78,0,siteSC-5B,Y,162850.4689,1562.630547,0.161457742,0.161574546
1791,R/Cv,79,0,siteSC-6B,Y,194569.6103,1562.630547,0.161457742,0.161574546
1792,R/Cv,82,0,siteSC-7B,Y,213971.6585,1562.630547,0.161457742,0.161574546
1793,R/Cv,56,0,SC-8B,Y,237453.753,6294.982072,1.457243832,1.458330479
1794,R/Cv,58,0,siteSC-9A,Y,258694.6456,6294.982072,1.457243832,1.458330479
1795,R/Cv,59,0,siteSCoutlet170710,Y,263523.1099,6294.982072,1.457243832,1.458330479
1796,R/Cv,60,0,siteSCoutlet170807,Y,267972.9067,6294.982072,1.457243832,1.458330479
1797,R/Cv,74,0,siteSC-4B,Y,112154.2356,6294.982072,1.457243832,1.458330479
1798,R/Cv,78,0,siteSC-5B,Y,162850.4689,6294.982072,1.457243832,1.458330479
1799,R/Cv,79,0,siteSC-6B,Y,194569.6103,6294.982072,1.457243832,1.458330479
1800,R/Cv,82,0,siteSC-7B,Y,213971.6585,6294.982072,1.457243832,1.458330479
1801,R/Cv,56,0,SC-8B,Y,237453.753,9676.883107,2.204500264,2.206161817
1802,R/Cv,58,0,siteSC-9A,Y,258694.6456,9676.883107,2.204500264,2.206161817
1803,R/Cv,59,0,siteSCoutlet170710,Y,263523.1099,9676.883107,2.204500264,2.206161817
1804,R/Cv,60,0,siteSCoutlet170807,Y,267972.9067,9676.883107,2.204500264,2.206161817
1805,R/Cv,74,0,siteSC-4B,Y,112154.2356,9676.883107,2.204500264,2.206161817
1806,R/Cv,78,0,siteSC-5B,Y,162850.4689,9676.883107,2.204500264,2.206161817
1807,R/Cv,79,0,siteSC-6B,Y,194569.6103,9676.883107,2.204500264,2.206161817
1808,R/Cv,82,0,siteSC-7B,Y,213971.6585,9676.883107,2.204500264,2.206161817
1809,R/Cv,56,0,SC-8B,Y,237453.753,9353.429717,1.987399216,1.9889176
1810,R/Cv,58,0,siteSC-9A,Y,258694.6456,9353.429717,1.987399216,1.9889176
1811,R/Cv,59,0,siteSCoutlet170710,Y,263523.1099,9353.429717,1.987399216,1.9889176
1812,R/Cv,60,0,siteSCoutlet170807,Y,267972.9067,9353.429717,1.987399216,1.9889176
1813,R/Cv,74,0,siteSC-4B,Y,112154.2356,9353.429717,1.987399216,1.9889176
1814,R/Cv,78,0,siteSC-5B,Y,162850.4689,9353.429717,1.987399216,1.9889176
1815,R/Cv,79,0,siteSC-6B,Y,194569.6103,9353.429717,1.987399216,1.9889176
1816,R/Cv,82,0,siteSC-7B,Y,213971.6585,9353.429717,1.987399216,1.9889176
1817,Mv,56,0,SC-8B,Y,237453.753,15914.32933,1.911355296,1.913044971
1818,Mv,58,0,siteSC-9A,Y,258694.6456,15914.32933,1.911355296,1.913044971
1819,Mv,59,0,siteSCoutlet170710,Y,263523.1099,15914.32933,1.911355296,1.913044971
1820,Mv,60,0,siteSCoutlet170807,Y,267972.9067,15914.32933,1.911355296,1.913044971
1821,Mv,74,0,siteSC-4B,Y,112154.2356,15914.32933,1.911355296,1.913044971
1822,Mv,78,0,siteSC-5B,Y,162850.4689,15914.32933,1.911355296,1.913044971
1823,Mv,79,0,siteSC-6B,Y,194569.6103,15914.32933,1.911355296,1.913044971
1824,Mv,82,0,siteSC-7B,Y,213971.6585,15914.32933,1.911355296,1.913044971
1825,Mv,56,0,SC-8B,Y,237453.753,12318.44723,4.717786369,4.721258262
1826,Mv,58,0,siteSC-9A,Y,258694.6456,12318.44723,4.717786369,4.721258262
1827,Mv,59,0,siteSCoutlet170710,Y,263523.1099,12318.44723,4.717786369,4.721258262
1828,Mv,60,0,siteSCoutlet170807,Y,267972.9067,12318.44723,4.717786369,4.721258262
1829,Mv,74,0,siteSC-4B,Y,112154.2356,12318.44723,4.717786369,4.721258262
1830,Mv,78,0,siteSC-5B,Y,162850.4689,12318.44723,4.717786369,4.721258262
1831,Mv,79,0,siteSC-6B,Y,194569.6103,12318.44723,4.717786369,4.721258262
1832,Mv,82,0,siteSC-7B,Y,213971.6585,12318.44723,4.717786369,4.721258262
1833,Mv,56,0,SC-8B,Y,237453.753,19819.28197,10.43143251,10.43935851
1834,Mv,58,0,siteSC-9A,Y,258694.6456,19819.28197,10.43143251,10.43935851
1835,Mv,59,0,siteSCoutlet170710,Y,263523.1099,19819.28197,10.43143251,10.43935851
1836,Mv,60,0,siteSCoutlet170807,Y,267972.9067,19819.28197,10.43143251,10.43935851
1837,Mv,74,0,siteSC-4B,Y,112154.2356,19819.28197,10.43143251,10.43935851
1838,Mv,78,0,siteSC-5B,Y,162850.4689,19819.28197,10.43143251,10.43935851
1839,Mv,79,0,siteSC-6B,Y,194569.6103,19819.28197,10.43143251,10.43935851
1840,Mv,82,0,siteSC-7B,Y,213971.6585,19819.28197,10.43143251,10.43935851
1841,Mv,56,0,SC-8B,Y,237453.753,9677.248778,0.553494187,0.553925269
1842,Mv,58,0,siteSC-9A,Y,258694.6456,9677.248778,0.553494187,0.553925269
1843,Mv,59,0,siteSCoutlet170710,Y,263523.1099,9677.248778,0.553494187,0.553925269
1844,Mv,60,0,siteSCoutlet170807,Y,267972.9067,9677.248778,0.553494187,0.553925269
1845,Mv,74,0,siteSC-4B,Y,112154.2356,9677.248778,0.553494187,0.553925269
1846,Mv,78,0,siteSC-5B,Y,162850.4689,9677.248778,0.553494187,0.553925269
1847,Mv,79,0,siteSC-6B,Y,194569.6103,9677.248778,0.553494187,0.553925269
1848,Mv,82,0,siteSC-7B,Y,213971.6585,9677.248778,0.553494187,0.553925269
1849,Cx,56,0,SC-8B,Y,237453.753,1143.416645,0.0197025,0.019715944
1850,Cx,58,0,siteSC-9A,Y,258694.6456,1143.416645,0.0197025,0.019715944
1851,Cx,59,0,siteSCoutlet170710,Y,263523.1099,1143.416645,0.0197025,0.019715944
1852,Cx,60,0,siteSCoutlet170807,Y,267972.9067,1143.416645,0.0197025,0.019715944
1853,Cx,74,0,siteSC-4B,Y,112154.2356,1143.416645,0.0197025,0.019715944
1854,Cx,78,0,siteSC-5B,Y,162850.4689,1143.416645,0.0197025,0.019715944
1855,Cx,79,0,siteSC-6B,Y,194569.6103,1143.416645,0.0197025,0.019715944
1856,Cx,82,0,siteSC-7B,Y,213971.6585,1143.416645,0.0197025,0.019715944
1857,Cv,56,0,SC-8B,Y,237453.753,4803.81887,1.064443542,1.065228583
1858,Cv,58,0,siteSC-9A,Y,258694.6456,4803.81887,1.064443542,1.065228583
1859,Cv,59,0,siteSCoutlet170710,Y,263523.1099,4803.81887,1.064443542,1.065228583
1860,Cv,60,0,siteSCoutlet170807,Y,267972.9067,4803.81887,1.064443542,1.065228583
1861,Cv,74,0,siteSC-4B,Y,112154.2356,4803.81887,1.064443542,1.065228583
1862,Cv,78,0,siteSC-5B,Y,162850.4689,4803.81887,1.064443542,1.065228583
1863,Cv,79,0,siteSC-6B,Y,194569.6103,4803.81887,1.064443542,1.065228583
1864,Cv,82,0,siteSC-7B,Y,213971.6585,4803.81887,1.064443542,1.065228583
1865,MpMbMpv,56,0,SC-8B,Y,237453.753,238.5744164,0.00067704,0.00067759
1866,MpMbMpv,58,0,siteSC-9A,Y,258694.6456,238.5744164,0.00067704,0.00067759
1867,MpMbMpv,59,0,siteSCoutlet170710,Y,263523.1099,238.5744164,0.00067704,0.00067759
1868,MpMbMpv,60,0,siteSCoutlet170807,Y,267972.9067,238.5744164,0.00067704,0.00067759
1869,MpMbMpv,74,0,siteSC-4B,Y,112154.2356,238.5744164,0.00067704,0.00067759
1870,MpMbMpv,78,0,siteSC-5B,Y,162850.4689,238.5744164,0.00067704,0.00067759
1871,MpMbMpv,79,0,siteSC-6B,Y,194569.6103,238.5744164,0.00067704,0.00067759
1872,MpMbMpv,82,0,siteSC-7B,Y,213971.6585,238.5744164,0.00067704,0.00067759
1873,MpMbMpv,56,0,SC-8B,Y,237453.753,81425.30147,41.72925946,41.76168642
1874,MpMbMpv,58,0,siteSC-9A,Y,258694.6456,81425.30147,41.72925946,41.76168642
1875,MpMbMpv,59,0,siteSCoutlet170710,Y,263523.1099,81425.30147,41.72925946,41.76168642
1876,MpMbMpv,60,0,siteSCoutlet170807,Y,267972.9067,81425.30147,41.72925946,41.76168642
1877,MpMbMpv,74,0,siteSC-4B,Y,112154.2356,81425.30147,41.72925946,41.76168642
1878,MpMbMpv,78,0,siteSC-5B,Y,162850.4689,81425.30147,41.72925946,41.76168642
1879,MpMbMpv,79,0,siteSC-6B,Y,194569.6103,81425.30147,41.72925946,41.76168642
1880,MpMbMpv,82,0,siteSC-7B,Y,213971.6585,81425.30147,41.72925946,41.76168642
1881,MpMbMpv,56,0,SC-8B,Y,237453.753,154.9076565,0.000607364,0.000607843
1882,MpMbMpv,58,0,siteSC-9A,Y,258694.6456,154.9076565,0.000607364,0.000607843
1883,MpMbMpv,59,0,siteSCoutlet170710,Y,263523.1099,154.9076565,0.000607364,0.000607843
1884,MpMbMpv,60,0,siteSCoutlet170807,Y,267972.9067,154.9076565,0.000607364,0.000607843
1885,MpMbMpv,74,0,siteSC-4B,Y,112154.2356,154.9076565,0.000607364,0.000607843
1886,MpMbMpv,78,0,siteSC-5B,Y,162850.4689,154.9076565,0.000607364,0.000607843
1887,MpMbMpv,79,0,siteSC-6B,Y,194569.6103,154.9076565,0.000607364,0.000607843
1888,MpMbMpv,82,0,siteSC-7B,Y,213971.6585,154.9076565,0.000607364,0.000607843
1889,MpMbMpv,56,0,SC-8B,Y,237453.753,1170.305376,0.008462896,0.008459233
1890,MpMbMpv,58,0,siteSC-9A,Y,258694.6456,1170.305376,0.008462896,0.008459233
1891,MpMbMpv,59,0,siteSCoutlet170710,Y,263523.1099,1170.305376,0.008462896,0.008459233
1892,MpMbMpv,60,0,siteSCoutlet170807,Y,267972.9067,1170.305376,0.008462896,0.008459233
1893,MpMbMpv,74,0,siteSC-4B,Y,112154.2356,1170.305376,0.008462896,0.008459233
1894,MpMbMpv,78,0,siteSC-5B,Y,162850.4689,1170.305376,0.008462896,0.008459233
1895,MpMbMpv,79,0,siteSC-6B,Y,194569.6103,1170.305376,0.008462896,0.008459233
1896,MpMbMpv,82,0,siteSC-7B,Y,213971.6585,1170.305376,0.008462896,0.008459233
1897,At,56,0,SC-8B,Y,237453.753,13913.16603,2.585405917,2.587515905
1898,At,58,0,siteSC-9A,Y,258694.6456,13913.16603,2.585405917,2.587515905
1899,At,59,0,siteSCoutlet170710,Y,263523.1099,13913.16603,2.585405917,2.587515905
1900,At,60,0,siteSCoutlet170807,Y,267972.9067,13913.16603,2.585405917,2.587515905
1901,At,74,0,siteSC-4B,Y,112154.2356,13913.16603,2.585405917,2.587515905
1902,At,78,0,siteSC-5B,Y,162850.4689,13913.16603,2.585405917,2.587515905
1903,At,79,0,siteSC-6B,Y,194569.6103,13913.16603,2.585405917,2.587515905
1904,At,82,0,siteSC-7B,Y,213971.6585,13913.16603,2.585405917,2.587515905
1905,At,56,0,SC-8B,Y,237453.753,59.19933079,3.06562E-05,3.0697E-05
1906,At,58,0,siteSC-9A,Y,258694.6456,59.19933079,3.06562E-05,3.0697E-05
1907,At,59,0,siteSCoutlet170710,Y,263523.1099,59.19933079,3.06562E-05,3.0697E-05
1908,At,60,0,siteSCoutlet170807,Y,267972.9067,59.19933079,3.06562E-05,3.0697E-05
1909,At,74,0,siteSC-4B,Y,112154.2356,59.19933079,3.06562E-05,3.0697E-05
1910,At,78,0,siteSC-5B,Y,162850.4689,59.19933079,3.06562E-05,3.0697E-05
1911,At,79,0,siteSC-6B,Y,194569.6103,59.19933079,3.06562E-05,3.0697E-05
1912,At,82,0,siteSC-7B,Y,213971.6585,59.19933079,3.06562E-05,3.0697E-05
1913,ApAt,56,0,SC-8B,Y,237453.753,353.5995303,0.001923379,0.001924599
1914,ApAt,58,0,siteSC-9A,Y,258694.6456,353.5995303,0.001923379,0.001924599
1915,ApAt,59,0,siteSCoutlet170710,Y,263523.1099,353.5995303,0.001923379,0.001924599
1916,ApAt,60,0,siteSCoutlet170807,Y,267972.9067,353.5995303,0.001923379,0.001924599
1917,ApAt,74,0,siteSC-4B,Y,112154.2356,353.5995303,0.001923379,0.001924599
1918,ApAt,78,0,siteSC-5B,Y,162850.4689,353.5995303,0.001923379,0.001924599
1919,ApAt,79,0,siteSC-6B,Y,194569.6103,353.5995303,0.001923379,0.001924599
1920,ApAt,82,0,siteSC-7B,Y,213971.6585,353.5995303,0.001923379,0.001924599
1921,MpMbMpv,56,0,SC-8B,Y,237453.753,17165.88577,7.056351088,7.062004599
1922,MpMbMpv,58,0,siteSC-9A,Y,258694.6456,17165.88577,7.056351088,7.062004599
1923,MpMbMpv,59,0,siteSCoutlet170710,Y,263523.1099,17165.88577,7.056351088,7.062004599
1924,MpMbMpv,60,0,siteSCoutlet170807,Y,267972.9067,17165.88577,7.056351088,7.062004599
1925,MpMbMpv,74,0,siteSC-4B,Y,112154.2356,17165.88577,7.056351088,7.062004599
1926,MpMbMpv,78,0,siteSC-5B,Y,162850.4689,17165.88577,7.056351088,7.062004599
1927,MpMbMpv,79,0,siteSC-6B,Y,194569.6103,17165.88577,7.056351088,7.062004599
1928,MpMbMpv,82,0,siteSC-7B,Y,213971.6585,17165.88577,7.056351088,7.062004599
1929,MhMrMm,56,0,SC-8B,Y,237453.753,2706.756842,0.301959311,0.302194207
1930,MhMrMm,58,0,siteSC-9A,Y,258694.6456,2706.756842,0.301959311,0.302194207
1931,MhMrMm,59,0,siteSCoutlet170710,Y,263523.1099,2706.756842,0.301959311,0.302194207
1932,MhMrMm,60,0,siteSCoutlet170807,Y,267972.9067,2706.756842,0.301959311,0.302194207
1933,MhMrMm,74,0,siteSC-4B,Y,112154.2356,2706.756842,0.301959311,0.302194207
1934,MhMrMm,78,0,siteSC-5B,Y,162850.4689,2706.756842,0.301959311,0.302194207
1935,MhMrMm,79,0,siteSC-6B,Y,194569.6103,2706.756842,0.301959311,0.302194207
1936,MhMrMm,82,0,siteSC-7B,Y,213971.6585,2706.756842,0.301959311,0.302194207
1937,Cx,56,0,SC-8B,Y,237453.753,6684.971661,0.700979521,0.701496304
1938,Cx,58,0,siteSC-9A,Y,258694.6456,6684.971661,0.700979521,0.701496304
1939,Cx,59,0,siteSCoutlet170710,Y,263523.1099,6684.971661,0.700979521,0.701496304
1940,Cx,60,0,siteSCoutlet170807,Y,267972.9067,6684.971661,0.700979521,0.701496304
1941,Cx,74,0,siteSC-4B,Y,112154.2356,6684.971661,0.700979521,0.701496304
1942,Cx,78,0,siteSC-5B,Y,162850.4689,6684.971661,0.700979521,0.701496304
1943,Cx,79,0,siteSC-6B,Y,194569.6103,6684.971661,0.700979521,0.701496304
1944,Cx,82,0,siteSC-7B,Y,213971.6585,6684.971661,0.700979521,0.701496304
1945,Cy,56,0,SC-8B,Y,237453.753,1992.008187,0.10875717,0.108841582
1946,Cy,58,0,siteSC-9A,Y,258694.6456,1992.008187,0.10875717,0.108841582
1947,Cy,59,0,siteSCoutlet170710,Y,263523.1099,1992.008187,0.10875717,0.108841582
1948,Cy,60,0,siteSCoutlet170807,Y,267972.9067,1992.008187,0.10875717,0.108841582
1949,Cy,74,0,siteSC-4B,Y,112154.2356,1992.008187,0.10875717,0.108841582
1950,Cy,78,0,siteSC-5B,Y,162850.4689,1992.008187,0.10875717,0.108841582
1951,Cy,79,0,siteSC-6B,Y,194569.6103,1992.008187,0.10875717,0.108841582
1952,Cy,82,0,siteSC-7B,Y,213971.6585,1992.008187,0.10875717,0.108841582
1953,Cv,56,0,SC-8B,Y,237453.753,5176.52078,0.805488059,0.806117197
1954,Cv,58,0,siteSC-9A,Y,258694.6456,5176.52078,0.805488059,0.806117197
1955,Cv,59,0,siteSCoutlet170710,Y,263523.1099,5176.52078,0.805488059,0.806117197
1956,Cv,60,0,siteSCoutlet170807,Y,267972.9067,5176.52078,0.805488059,0.806117197
1957,Cv,74,0,siteSC-4B,Y,112154.2356,5176.52078,0.805488059,0.806117197
1958,Cv,78,0,siteSC-5B,Y,162850.4689,5176.52078,0.805488059,0.806117197
1959,Cv,79,0,siteSC-6B,Y,194569.6103,5176.52078,0.805488059,0.806117197
1960,Cv,82,0,siteSC-7B,Y,213971.6585,5176.52078,0.805488059,0.806117197
1961,MhMrMm,56,0,SC-8B,Y,237453.753,40.26888995,1.22096E-05,1.22073E-05
1962,Cx,56,0,SC-8B,Y,237453.753,40.26888995,1.22096E-05,1.22073E-05
1963,MhMrMm,58,0,siteSC-9A,Y,258694.6456,40.26888995,1.22096E-05,1.22073E-05
1964,Cx,58,0,siteSC-9A,Y,258694.6456,40.26888995,1.22096E-05,1.22073E-05
1965,MhMrMm,59,0,siteSCoutlet170710,Y,263523.1099,40.26888995,1.22096E-05,1.22073E-05
1966,Cx,59,0,siteSCoutlet170710,Y,263523.1099,40.26888995,1.22096E-05,1.22073E-05
1967,MhMrMm,60,0,siteSCoutlet170807,Y,267972.9067,40.26888995,1.22096E-05,1.22073E-05
1968,Cx,60,0,siteSCoutlet170807,Y,267972.9067,40.26888995,1.22096E-05,1.22073E-05
1969,MhMrMm,78,0,siteSC-5B,Y,162850.4689,40.26888995,1.22096E-05,1.22073E-05
1970,Cx,78,0,siteSC-5B,Y,162850.4689,40.26888995,1.22096E-05,1.22073E-05
1971,MhMrMm,79,0,siteSC-6B,Y,194569.6103,40.26888995,1.22096E-05,1.22073E-05
1972,Cx,79,0,siteSC-6B,Y,194569.6103,40.26888995,1.22096E-05,1.22073E-05
1973,MhMrMm,82,0,siteSC-7B,Y,213971.6585,40.26888995,1.22096E-05,1.22073E-05
1974,Cx,82,0,siteSC-7B,Y,213971.6585,40.26888995,1.22096E-05,1.22073E-05
1975,MhMrMm,56,0,SC-8B,Y,237453.753,35110.80361,9.421925773,9.429338645
1976,MhMrMm,56,0,SC-8B,Y,237453.753,35110.80361,9.421925773,9.429338645
1977,MhMrMm,58,0,siteSC-9A,Y,258694.6456,35110.80361,9.421925773,9.429338645
1978,MhMrMm,58,0,siteSC-9A,Y,258694.6456,35110.80361,9.421925773,9.429338645
1979,MhMrMm,59,0,siteSCoutlet170710,Y,263523.1099,35110.80361,9.421925773,9.429338645
1980,MhMrMm,59,0,siteSCoutlet170710,Y,263523.1099,35110.80361,9.421925773,9.429338645
1981,MhMrMm,60,0,siteSCoutlet170807,Y,267972.9067,35110.80361,9.421925773,9.429338645
1982,MhMrMm,60,0,siteSCoutlet170807,Y,267972.9067,35110.80361,9.421925773,9.429338645
1983,MhMrMm,78,0,siteSC-5B,Y,162850.4689,35110.80361,9.421925773,9.429338645
1984,MhMrMm,78,0,siteSC-5B,Y,162850.4689,35110.80361,9.421925773,9.429338645
1985,MhMrMm,79,0,siteSC-6B,Y,194569.6103,35110.80361,9.421925773,9.429338645
1986,MhMrMm,79,0,siteSC-6B,Y,194569.6103,35110.80361,9.421925773,9.429338645
1987,MhMrMm,82,0,siteSC-7B,Y,213971.6585,35110.80361,9.421925773,9.429338645
1988,MhMrMm,82,0,siteSC-7B,Y,213971.6585,35110.80361,9.421925773,9.429338645
1989,Gt,56,0,SC-8B,Y,237453.753,2727.692473,0.399961725,0.400261115
1990,MhMrMm,56,0,SC-8B,Y,237453.753,2727.692473,0.399961725,0.400261115
1991,Gt,58,0,siteSC-9A,Y,258694.6456,2727.692473,0.399961725,0.400261115
1992,MhMrMm,58,0,siteSC-9A,Y,258694.6456,2727.692473,0.399961725,0.400261115
1993,Gt,59,0,siteSCoutlet170710,Y,263523.1099,2727.692473,0.399961725,0.400261115
1994,MhMrMm,59,0,siteSCoutlet170710,Y,263523.1099,2727.692473,0.399961725,0.400261115
1995,Gt,60,0,siteSCoutlet170807,Y,267972.9067,2727.692473,0.399961725,0.400261115
1996,MhMrMm,60,0,siteSCoutlet170807,Y,267972.9067,2727.692473,0.399961725,0.400261115
1997,Gt,78,0,siteSC-5B,Y,162850.4689,2727.692473,0.399961725,0.400261115
1998,MhMrMm,78,0,siteSC-5B,Y,162850.4689,2727.692473,0.399961725,0.400261115
1999,Gt,79,0,siteSC-6B,Y,194569.6103,2727.692473,0.399961725,0.400261115
2000,MhMrMm,79,0,siteSC-6B,Y,194569.6103,2727.692473,0.399961725,0.400261115
2001,Gt,82,0,siteSC-7B,Y,213971.6585,2727.692473,0.399961725,0.400261115
2002,MhMrMm,82,0,siteSC-7B,Y,213971.6585,2727.692473,0.399961725,0.400261115
2003,Cx,56,0,SC-8B,Y,237453.753,55.45617372,1.55414E-05,1.55488E-05
2004,MpMbMpv,56,0,SC-8B,Y,237453.753,55.45617372,1.55414E-05,1.55488E-05
2005,Cx,58,0,siteSC-9A,Y,258694.6456,55.45617372,1.55414E-05,1.55488E-05
2006,MpMbMpv,58,0,siteSC-9A,Y,258694.6456,55.45617372,1.55414E-05,1.55488E-05
2007,Cx,59,0,siteSCoutlet170710,Y,263523.1099,55.45617372,1.55414E-05,1.55488E-05
2008,MpMbMpv,59,0,siteSCoutlet170710,Y,263523.1099,55.45617372,1.55414E-05,1.55488E-05
2009,Cx,60,0,siteSCoutlet170807,Y,267972.9067,55.45617372,1.55414E-05,1.55488E-05
2010,MpMbMpv,60,0,siteSCoutlet170807,Y,267972.9067,55.45617372,1.55414E-05,1.55488E-05
2011,Cx,78,0,siteSC-5B,Y,162850.4689,55.45617372,1.55414E-05,1.55488E-05
2012,MpMbMpv,78,0,siteSC-5B,Y,162850.4689,55.45617372,1.55414E-05,1.55488E-05
2013,Cx,79,0,siteSC-6B,Y,194569.6103,55.45617372,1.55414E-05,1.55488E-05
2014,MpMbMpv,79,0,siteSC-6B,Y,194569.6103,55.45617372,1.55414E-05,1.55488E-05
2015,Cx,82,0,siteSC-7B,Y,213971.6585,55.45617372,1.55414E-05,1.55488E-05
2016,MpMbMpv,82,0,siteSC-7B,Y,213971.6585,55.45617372,1.55414E-05,1.55488E-05
2017,MpMbMpv,56,0,SC-8B,Y,237453.753,21.76725904,1.13419E-05,1.13481E-05
2018,At,56,0,SC-8B,Y,237453.753,21.76725904,1.13419E-05,1.13481E-05
2019,MpMbMpv,58,0,siteSC-9A,Y,258694.6456,21.76725904,1.13419E-05,1.13481E-05
2020,At,58,0,siteSC-9A,Y,258694.6456,21.76725904,1.13419E-05,1.13481E-05
2021,MpMbMpv,59,0,siteSCoutlet170710,Y,263523.1099,21.76725904,1.13419E-05,1.13481E-05
2022,At,59,0,siteSCoutlet170710,Y,263523.1099,21.76725904,1.13419E-05,1.13481E-05
2023,MpMbMpv,60,0,siteSCoutlet170807,Y,267972.9067,21.76725904,1.13419E-05,1.13481E-05
2024,At,60,0,siteSCoutlet170807,Y,267972.9067,21.76725904,1.13419E-05,1.13481E-05
2025,MpMbMpv,78,0,siteSC-5B,Y,162850.4689,21.76725904,1.13419E-05,1.13481E-05
2026,At,78,0,siteSC-5B,Y,162850.4689,21.76725904,1.13419E-05,1.13481E-05
2027,MpMbMpv,79,0,siteSC-6B,Y,194569.6103,21.76725904,1.13419E-05,1.13481E-05
2028,At,79,0,siteSC-6B,Y,194569.6103,21.76725904,1.13419E-05,1.13481E-05
2029,MpMbMpv,82,0,siteSC-7B,Y,213971.6585,21.76725904,1.13419E-05,1.13481E-05
2030,At,82,0,siteSC-7B,Y,213971.6585,21.76725904,1.13419E-05,1.13481E-05
2031,Cx,56,0,SC-8B,Y,237453.753,88.90076332,4.471E-05,4.46887E-05
2032,Af,56,0,SC-8B,Y,237453.753,88.90076332,4.471E-05,4.46887E-05
2033,Cx,58,0,siteSC-9A,Y,258694.6456,88.90076332,4.471E-05,4.46887E-05
2034,Af,58,0,siteSC-9A,Y,258694.6456,88.90076332,4.471E-05,4.46887E-05
2035,Cx,59,0,siteSCoutlet170710,Y,263523.1099,88.90076332,4.471E-05,4.46887E-05
2036,Af,59,0,siteSCoutlet170710,Y,263523.1099,88.90076332,4.471E-05,4.46887E-05
2037,Cx,60,0,siteSCoutlet170807,Y,267972.9067,88.90076332,4.471E-05,4.46887E-05
2038,Af,60,0,siteSCoutlet170807,Y,267972.9067,88.90076332,4.471E-05,4.46887E-05
2039,Cx,78,0,siteSC-5B,Y,162850.4689,88.90076332,4.471E-05,4.46887E-05
2040,Af,78,0,siteSC-5B,Y,162850.4689,88.90076332,4.471E-05,4.46887E-05
2041,Cx,79,0,siteSC-6B,Y,194569.6103,88.90076332,4.471E-05,4.46887E-05
2042,Af,79,0,siteSC-6B,Y,194569.6103,88.90076332,4.471E-05,4.46887E-05
2043,Cx,82,0,siteSC-7B,Y,213971.6585,88.90076332,4.471E-05,4.46887E-05
2044,Af,82,0,siteSC-7B,Y,213971.6585,88.90076332,4.471E-05,4.46887E-05
2045,Mv,56,0,SC-8B,Y,237453.753,11847.26134,1.502344397,1.503576263
2046,MhMrMm,56,0,SC-8B,Y,237453.753,11847.26134,1.502344397,1.503576263
2047,Mv,58,0,siteSC-9A,Y,258694.6456,11847.26134,1.502344397,1.503576263
2048,MhMrMm,58,0,siteSC-9A,Y,258694.6456,11847.26134,1.502344397,1.503576263
2049,Mv,59,0,siteSCoutlet170710,Y,263523.1099,11847.26134,1.502344397,1.503576263
2050,MhMrMm,59,0,siteSCoutlet170710,Y,263523.1099,11847.26134,1.502344397,1.503576263
2051,Mv,60,0,siteSCoutlet170807,Y,267972.9067,11847.26134,1.502344397,1.503576263
2052,MhMrMm,60,0,siteSCoutlet170807,Y,267972.9067,11847.26134,1.502344397,1.503576263
2053,Mv,78,0,siteSC-5B,Y,162850.4689,11847.26134,1.502344397,1.503576263
2054,MhMrMm,78,0,siteSC-5B,Y,162850.4689,11847.26134,1.502344397,1.503576263
2055,Mv,79,0,siteSC-6B,Y,194569.6103,11847.26134,1.502344397,1.503576263
2056,MhMrMm,79,0,siteSC-6B,Y,194569.6103,11847.26134,1.502344397,1.503576263
2057,Mv,82,0,siteSC-7B,Y,213971.6585,11847.26134,1.502344397,1.503576263
2058,MhMrMm,82,0,siteSC-7B,Y,213971.6585,11847.26134,1.502344397,1.503576263
2059,At,56,0,SC-8B,Y,237453.753,2915.441911,0.412601953,0.412892949
2060,MhMrMm,56,0,SC-8B,Y,237453.753,2915.441911,0.412601953,0.412892949
2061,At,58,0,siteSC-9A,Y,258694.6456,2915.441911,0.412601953,0.412892949
2062,MhMrMm,58,0,siteSC-9A,Y,258694.6456,2915.441911,0.412601953,0.412892949
2063,At,59,0,siteSCoutlet170710,Y,263523.1099,2915.441911,0.412601953,0.412892949
2064,MhMrMm,59,0,siteSCoutlet170710,Y,263523.1099,2915.441911,0.412601953,0.412892949
2065,At,60,0,siteSCoutlet170807,Y,267972.9067,2915.441911,0.412601953,0.412892949
2066,MhMrMm,60,0,siteSCoutlet170807,Y,267972.9067,2915.441911,0.412601953,0.412892949
2067,At,78,0,siteSC-5B,Y,162850.4689,2915.441911,0.412601953,0.412892949
2068,MhMrMm,78,0,siteSC-5B,Y,162850.4689,2915.441911,0.412601953,0.412892949
2069,At,79,0,siteSC-6B,Y,194569.6103,2915.441911,0.412601953,0.412892949
2070,MhMrMm,79,0,siteSC-6B,Y,194569.6103,2915.441911,0.412601953,0.412892949
2071,At,82,0,siteSC-7B,Y,213971.6585,2915.441911,0.412601953,0.412892949
2072,MhMrMm,82,0,siteSC-7B,Y,213971.6585,2915.441911,0.412601953,0.412892949
2073,At,56,0,SC-8B,Y,237453.753,5646.566428,0.629525985,0.62994803
2074,MhMrMm,56,0,SC-8B,Y,237453.753,5646.566428,0.629525985,0.62994803
2075,At,58,0,siteSC-9A,Y,258694.6456,5646.566428,0.629525985,0.62994803
2076,MhMrMm,58,0,siteSC-9A,Y,258694.6456,5646.566428,0.629525985,0.62994803
2077,At,59,0,siteSCoutlet170710,Y,263523.1099,5646.566428,0.629525985,0.62994803
2078,MhMrMm,59,0,siteSCoutlet170710,Y,263523.1099,5646.566428,0.629525985,0.62994803
2079,At,60,0,siteSCoutlet170807,Y,267972.9067,5646.566428,0.629525985,0.62994803
2080,MhMrMm,60,0,siteSCoutlet170807,Y,267972.9067,5646.566428,0.629525985,0.62994803
2081,At,78,0,siteSC-5B,Y,162850.4689,5646.566428,0.629525985,0.62994803
2082,MhMrMm,78,0,siteSC-5B,Y,162850.4689,5646.566428,0.629525985,0.62994803
2083,At,79,0,siteSC-6B,Y,194569.6103,5646.566428,0.629525985,0.62994803
2084,MhMrMm,79,0,siteSC-6B,Y,194569.6103,5646.566428,0.629525985,0.62994803
2085,At,82,0,siteSC-7B,Y,213971.6585,5646.566428,0.629525985,0.62994803
2086,MhMrMm,82,0,siteSC-7B,Y,213971.6585,5646.566428,0.629525985,0.62994803
2087,Gt,56,0,SC-8B,Y,237453.753,915.7023478,0.044190311,0.044224006
2088,MhMrMm,56,0,SC-8B,Y,237453.753,915.7023478,0.044190311,0.044224006
2089,Gt,58,0,siteSC-9A,Y,258694.6456,915.7023478,0.044190311,0.044224006
2090,MhMrMm,58,0,siteSC-9A,Y,258694.6456,915.7023478,0.044190311,0.044224006
2091,Gt,59,0,siteSCoutlet170710,Y,263523.1099,915.7023478,0.044190311,0.044224006
2092,MhMrMm,59,0,siteSCoutlet170710,Y,263523.1099,915.7023478,0.044190311,0.044224006
2093,Gt,60,0,siteSCoutlet170807,Y,267972.9067,915.7023478,0.044190311,0.044224006
2094,MhMrMm,60,0,siteSCoutlet170807,Y,267972.9067,915.7023478,0.044190311,0.044224006
2095,Gt,78,0,siteSC-5B,Y,162850.4689,915.7023478,0.044190311,0.044224006
2096,MhMrMm,78,0,siteSC-5B,Y,162850.4689,915.7023478,0.044190311,0.044224006
2097,Gt,79,0,siteSC-6B,Y,194569.6103,915.7023478,0.044190311,0.044224006
2098,MhMrMm,79,0,siteSC-6B,Y,194569.6103,915.7023478,0.044190311,0.044224006
2099,Gt,82,0,siteSC-7B,Y,213971.6585,915.7023478,0.044190311,0.044224006
2100,MhMrMm,82,0,siteSC-7B,Y,213971.6585,915.7023478,0.044190311,0.044224006
2101,Gt,56,0,SC-8B,Y,237453.753,2108.781864,0.205937102,0.206099968
2102,MhMrMm,56,0,SC-8B,Y,237453.753,2108.781864,0.205937102,0.206099968
2103,Gt,58,0,siteSC-9A,Y,258694.6456,2108.781864,0.205937102,0.206099968
2104,MhMrMm,58,0,siteSC-9A,Y,258694.6456,2108.781864,0.205937102,0.206099968
2105,Gt,59,0,siteSCoutlet170710,Y,263523.1099,2108.781864,0.205937102,0.206099968
2106,MhMrMm,59,0,siteSCoutlet170710,Y,263523.1099,2108.781864,0.205937102,0.206099968
2107,Gt,60,0,siteSCoutlet170807,Y,267972.9067,2108.781864,0.205937102,0.206099968
2108,MhMrMm,60,0,siteSCoutlet170807,Y,267972.9067,2108.781864,0.205937102,0.206099968
2109,Gt,78,0,siteSC-5B,Y,162850.4689,2108.781864,0.205937102,0.206099968
2110,MhMrMm,78,0,siteSC-5B,Y,162850.4689,2108.781864,0.205937102,0.206099968
2111,Gt,79,0,siteSC-6B,Y,194569.6103,2108.781864,0.205937102,0.206099968
2112,MhMrMm,79,0,siteSC-6B,Y,194569.6103,2108.781864,0.205937102,0.206099968
2113,Gt,82,0,siteSC-7B,Y,213971.6585,2108.781864,0.205937102,0.206099968
2114,MhMrMm,82,0,siteSC-7B,Y,213971.6585,2108.781864,0.205937102,0.206099968
2115,Gt,56,0,SC-8B,Y,237453.753,6196.212079,1.005607738,1.006356818
2116,MhMrMm,56,0,SC-8B,Y,237453.753,6196.212079,1.005607738,1.006356818
2117,Gt,58,0,siteSC-9A,Y,258694.6456,6196.212079,1.005607738,1.006356818
2118,MhMrMm,58,0,siteSC-9A,Y,258694.6456,6196.212079,1.005607738,1.006356818
2119,Gt,59,0,siteSCoutlet170710,Y,263523.1099,6196.212079,1.005607738,1.006356818
2120,MhMrMm,59,0,siteSCoutlet170710,Y,263523.1099,6196.212079,1.005607738,1.006356818
2121,Gt,60,0,siteSCoutlet170807,Y,267972.9067,6196.212079,1.005607738,1.006356818
2122,MhMrMm,60,0,siteSCoutlet170807,Y,267972.9067,6196.212079,1.005607738,1.006356818
2123,Gt,78,0,siteSC-5B,Y,162850.4689,6196.212079,1.005607738,1.006356818
2124,MhMrMm,78,0,siteSC-5B,Y,162850.4689,6196.212079,1.005607738,1.006356818
2125,Gt,79,0,siteSC-6B,Y,194569.6103,6196.212079,1.005607738,1.006356818
2126,MhMrMm,79,0,siteSC-6B,Y,194569.6103,6196.212079,1.005607738,1.006356818
2127,Gt,82,0,siteSC-7B,Y,213971.6585,6196.212079,1.005607738,1.006356818
2128,MhMrMm,82,0,siteSC-7B,Y,213971.6585,6196.212079,1.005607738,1.006356818
2129,Gt,56,0,SC-8B,Y,237453.753,1480.61754,0.110682567,0.110767038
2130,MhMrMm,56,0,SC-8B,Y,237453.753,1480.61754,0.110682567,0.110767038
2131,Gt,58,0,siteSC-9A,Y,258694.6456,1480.61754,0.110682567,0.110767038
2132,MhMrMm,58,0,siteSC-9A,Y,258694.6456,1480.61754,0.110682567,0.110767038
2133,Gt,59,0,siteSCoutlet170710,Y,263523.1099,1480.61754,0.110682567,0.110767038
2134,MhMrMm,59,0,siteSCoutlet170710,Y,263523.1099,1480.61754,0.110682567,0.110767038
2135,Gt,60,0,siteSCoutlet170807,Y,267972.9067,1480.61754,0.110682567,0.110767038
2136,MhMrMm,60,0,siteSCoutlet170807,Y,267972.9067,1480.61754,0.110682567,0.110767038
2137,Gt,78,0,siteSC-5B,Y,162850.4689,1480.61754,0.110682567,0.110767038
2138,MhMrMm,78,0,siteSC-5B,Y,162850.4689,1480.61754,0.110682567,0.110767038
2139,Gt,79,0,siteSC-6B,Y,194569.6103,1480.61754,0.110682567,0.110767038
2140,MhMrMm,79,0,siteSC-6B,Y,194569.6103,1480.61754,0.110682567,0.110767038
2141,Gt,82,0,siteSC-7B,Y,213971.6585,1480.61754,0.110682567,0.110767038
2142,MhMrMm,82,0,siteSC-7B,Y,213971.6585,1480.61754,0.110682567,0.110767038
2143,Gt,56,0,SC-8B,Y,237453.753,8707.842048,0.947019331,0.947756989
2144,MhMrMm,56,0,SC-8B,Y,237453.753,8707.842048,0.947019331,0.947756989
2145,Gt,58,0,siteSC-9A,Y,258694.6456,8707.842048,0.947019331,0.947756989
2146,MhMrMm,58,0,siteSC-9A,Y,258694.6456,8707.842048,0.947019331,0.947756989
2147,Gt,59,0,siteSCoutlet170710,Y,263523.1099,8707.842048,0.947019331,0.947756989
2148,MhMrMm,59,0,siteSCoutlet170710,Y,263523.1099,8707.842048,0.947019331,0.947756989
2149,Gt,60,0,siteSCoutlet170807,Y,267972.9067,8707.842048,0.947019331,0.947756989
2150,MhMrMm,60,0,siteSCoutlet170807,Y,267972.9067,8707.842048,0.947019331,0.947756989
2151,Gt,78,0,siteSC-5B,Y,162850.4689,8707.842048,0.947019331,0.947756989
2152,MhMrMm,78,0,siteSC-5B,Y,162850.4689,8707.842048,0.947019331,0.947756989
2153,Gt,79,0,siteSC-6B,Y,194569.6103,8707.842048,0.947019331,0.947756989
2154,MhMrMm,79,0,siteSC-6B,Y,194569.6103,8707.842048,0.947019331,0.947756989
2155,Gt,82,0,siteSC-7B,Y,213971.6585,8707.842048,0.947019331,0.947756989
2156,MhMrMm,82,0,siteSC-7B,Y,213971.6585,8707.842048,0.947019331,0.947756989
2157,Cx,56,0,SC-8B,Y,237453.753,7238.905882,0.874722582,0.875395972
2158,MhMrMm,56,0,SC-8B,Y,237453.753,7238.905882,0.874722582,0.875395972
2159,Cx,58,0,siteSC-9A,Y,258694.6456,7238.905882,0.874722582,0.875395972
2160,MhMrMm,58,0,siteSC-9A,Y,258694.6456,7238.905882,0.874722582,0.875395972
2161,Cx,59,0,siteSCoutlet170710,Y,263523.1099,7238.905882,0.874722582,0.875395972
2162,MhMrMm,59,0,siteSCoutlet170710,Y,263523.1099,7238.905882,0.874722582,0.875395972
2163,Cx,60,0,siteSCoutlet170807,Y,267972.9067,7238.905882,0.874722582,0.875395972
2164,MhMrMm,60,0,siteSCoutlet170807,Y,267972.9067,7238.905882,0.874722582,0.875395972
2165,Cx,78,0,siteSC-5B,Y,162850.4689,7238.905882,0.874722582,0.875395972
2166,MhMrMm,78,0,siteSC-5B,Y,162850.4689,7238.905882,0.874722582,0.875395972
2167,Cx,79,0,siteSC-6B,Y,194569.6103,7238.905882,0.874722582,0.875395972
2168,MhMrMm,79,0,siteSC-6B,Y,194569.6103,7238.905882,0.874722582,0.875395972
2169,Cx,82,0,siteSC-7B,Y,213971.6585,7238.905882,0.874722582,0.875395972
2170,MhMrMm,82,0,siteSC-7B,Y,213971.6585,7238.905882,0.874722582,0.875395972
2171,Cx,56,0,SC-8B,Y,237453.753,7527.14727,1.901080199,1.902656305
2172,MhMrMm,56,0,SC-8B,Y,237453.753,7527.14727,1.901080199,1.902656305
2173,Cx,58,0,siteSC-9A,Y,258694.6456,7527.14727,1.901080199,1.902656305
2174,MhMrMm,58,0,siteSC-9A,Y,258694.6456,7527.14727,1.901080199,1.902656305
2175,Cx,59,0,siteSCoutlet170710,Y,263523.1099,7527.14727,1.901080199,1.902656305
2176,MhMrMm,59,0,siteSCoutlet170710,Y,263523.1099,7527.14727,1.901080199,1.902656305
2177,Cx,60,0,siteSCoutlet170807,Y,267972.9067,7527.14727,1.901080199,1.902656305
2178,MhMrMm,60,0,siteSCoutlet170807,Y,267972.9067,7527.14727,1.901080199,1.902656305
2179,Cx,78,0,siteSC-5B,Y,162850.4689,7527.14727,1.901080199,1.902656305
2180,MhMrMm,78,0,siteSC-5B,Y,162850.4689,7527.14727,1.901080199,1.902656305
2181,Cx,79,0,siteSC-6B,Y,194569.6103,7527.14727,1.901080199,1.902656305
2182,MhMrMm,79,0,siteSC-6B,Y,194569.6103,7527.14727,1.901080199,1.902656305
2183,Cx,82,0,siteSC-7B,Y,213971.6585,7527.14727,1.901080199,1.902656305
2184,MhMrMm,82,0,siteSC-7B,Y,213971.6585,7527.14727,1.901080199,1.902656305
2185,Af,56,0,SC-8B,Y,237453.753,4063.218612,0.607780622,0.60827715
2186,MhMrMm,56,0,SC-8B,Y,237453.753,4063.218612,0.607780622,0.60827715
2187,Af,58,0,siteSC-9A,Y,258694.6456,4063.218612,0.607780622,0.60827715
2188,MhMrMm,58,0,siteSC-9A,Y,258694.6456,4063.218612,0.607780622,0.60827715
2189,Af,59,0,siteSCoutlet170710,Y,263523.1099,4063.218612,0.607780622,0.60827715
2190,MhMrMm,59,0,siteSCoutlet170710,Y,263523.1099,4063.218612,0.607780622,0.60827715
2191,Af,60,0,siteSCoutlet170807,Y,267972.9067,4063.218612,0.607780622,0.60827715
2192,MhMrMm,60,0,siteSCoutlet170807,Y,267972.9067,4063.218612,0.607780622,0.60827715
2193,Af,78,0,siteSC-5B,Y,162850.4689,4063.218612,0.607780622,0.60827715
2194,MhMrMm,78,0,siteSC-5B,Y,162850.4689,4063.218612,0.607780622,0.60827715
2195,Af,79,0,siteSC-6B,Y,194569.6103,4063.218612,0.607780622,0.60827715
2196,MhMrMm,79,0,siteSC-6B,Y,194569.6103,4063.218612,0.607780622,0.60827715
2197,Af,82,0,siteSC-7B,Y,213971.6585,4063.218612,0.607780622,0.60827715
2198,MhMrMm,82,0,siteSC-7B,Y,213971.6585,4063.218612,0.607780622,0.60827715
2199,Af,56,0,SC-8B,Y,237453.753,9842.168108,1.560718386,1.562002006
2200,MhMrMm,56,0,SC-8B,Y,237453.753,9842.168108,1.560718386,1.562002006
2201,Af,58,0,siteSC-9A,Y,258694.6456,9842.168108,1.560718386,1.562002006
2202,MhMrMm,58,0,siteSC-9A,Y,258694.6456,9842.168108,1.560718386,1.562002006
2203,Af,59,0,siteSCoutlet170710,Y,263523.1099,9842.168108,1.560718386,1.562002006
2204,MhMrMm,59,0,siteSCoutlet170710,Y,263523.1099,9842.168108,1.560718386,1.562002006
2205,Af,60,0,siteSCoutlet170807,Y,267972.9067,9842.168108,1.560718386,1.562002006
2206,MhMrMm,60,0,siteSCoutlet170807,Y,267972.9067,9842.168108,1.560718386,1.562002006
2207,Af,78,0,siteSC-5B,Y,162850.4689,9842.168108,1.560718386,1.562002006
2208,MhMrMm,78,0,siteSC-5B,Y,162850.4689,9842.168108,1.560718386,1.562002006
2209,Af,79,0,siteSC-6B,Y,194569.6103,9842.168108,1.560718386,1.562002006
2210,MhMrMm,79,0,siteSC-6B,Y,194569.6103,9842.168108,1.560718386,1.562002006
2211,Af,82,0,siteSC-7B,Y,213971.6585,9842.168108,1.560718386,1.562002006
2212,MhMrMm,82,0,siteSC-7B,Y,213971.6585,9842.168108,1.560718386,1.562002006
2213,Gt,56,0,SC-8B,Y,237453.753,3083.066406,0.52733654,0.527719855
2214,MhMrMm,56,0,SC-8B,Y,237453.753,3083.066406,0.52733654,0.527719855
2215,Gt,58,0,siteSC-9A,Y,258694.6456,3083.066406,0.52733654,0.527719855
2216,MhMrMm,58,0,siteSC-9A,Y,258694.6456,3083.066406,0.52733654,0.527719855
2217,Gt,59,0,siteSCoutlet170710,Y,263523.1099,3083.066406,0.52733654,0.527719855
2218,MhMrMm,59,0,siteSCoutlet170710,Y,263523.1099,3083.066406,0.52733654,0.527719855
2219,Gt,60,0,siteSCoutlet170807,Y,267972.9067,3083.066406,0.52733654,0.527719855
2220,MhMrMm,60,0,siteSCoutlet170807,Y,267972.9067,3083.066406,0.52733654,0.527719855
2221,Gt,78,0,siteSC-5B,Y,162850.4689,3083.066406,0.52733654,0.527719855
2222,MhMrMm,78,0,siteSC-5B,Y,162850.4689,3083.066406,0.52733654,0.527719855
2223,Gt,79,0,siteSC-6B,Y,194569.6103,3083.066406,0.52733654,0.527719855
2224,MhMrMm,79,0,siteSC-6B,Y,194569.6103,3083.066406,0.52733654,0.527719855
2225,Gt,82,0,siteSC-7B,Y,213971.6585,3083.066406,0.52733654,0.527719855
2226,MhMrMm,82,0,siteSC-7B,Y,213971.6585,3083.066406,0.52733654,0.527719855
2227,fOpOfPO,56,0,SC-8B,Y,237453.753,164.5773922,0.000468808,0.000469003
2228,MhMrMm,56,0,SC-8B,Y,237453.753,164.5773922,0.000468808,0.000469003
2229,fOpOfPO,58,0,siteSC-9A,Y,258694.6456,164.5773922,0.000468808,0.000469003
2230,MhMrMm,58,0,siteSC-9A,Y,258694.6456,164.5773922,0.000468808,0.000469003
2231,fOpOfPO,59,0,siteSCoutlet170710,Y,263523.1099,164.5773922,0.000468808,0.000469003
2232,MhMrMm,59,0,siteSCoutlet170710,Y,263523.1099,164.5773922,0.000468808,0.000469003
2233,fOpOfPO,60,0,siteSCoutlet170807,Y,267972.9067,164.5773922,0.000468808,0.000469003
2234,MhMrMm,60,0,siteSCoutlet170807,Y,267972.9067,164.5773922,0.000468808,0.000469003
2235,fOpOfPO,78,0,siteSC-5B,Y,162850.4689,164.5773922,0.000468808,0.000469003
2236,MhMrMm,78,0,siteSC-5B,Y,162850.4689,164.5773922,0.000468808,0.000469003
2237,fOpOfPO,79,0,siteSC-6B,Y,194569.6103,164.5773922,0.000468808,0.000469003
2238,MhMrMm,79,0,siteSC-6B,Y,194569.6103,164.5773922,0.000468808,0.000469003
2239,fOpOfPO,82,0,siteSC-7B,Y,213971.6585,164.5773922,0.000468808,0.000469003
2240,MhMrMm,82,0,siteSC-7B,Y,213971.6585,164.5773922,0.000468808,0.000469003
2241,Mv,10,0,SDUP150704,Y,5570.449787,5176.499122,0.889085053,0.889781383
2242,Mv,11,0,SDDN150704,Y,6210.417495,5176.499122,0.889085053,0.889781383
2243,Mv,12,0,site48,Y,6349.769336,5176.499122,0.889085053,0.889781383
2244,Mv,13,0,SDDNTS100150704,Y,6396.227028,5176.499122,0.889085053,0.889781383
2245,Mv,14,0,SDDNTS200150704,Y,6690.215488,5176.499122,0.889085053,0.889781383
2246,Mv,15,0,SDDNTS300150704,Y,6912.094798,5176.499122,0.889085053,0.889781383
2247,Mv,16,0,SDDNTS400150704,Y,7087.512259,5176.499122,0.889085053,0.889781383
2248,Mv,45,0,S3INTSINFLOW3160730,Y,35682.3182,5176.499122,0.889085053,0.889781383
2249,Mv,46,0,S3DNTS7160730,Y,39206.58459,5176.499122,0.889085053,0.889781383
2250,MpMbMpv,10,0,SDUP150704,Y,5570.449787,1592.941828,0.034170625,0.034194832
2251,MpMbMpv,11,0,SDDN150704,Y,6210.417495,1592.941828,0.034170625,0.034194832
2252,MpMbMpv,12,0,site48,Y,6349.769336,1592.941828,0.034170625,0.034194832
2253,MpMbMpv,13,0,SDDNTS100150704,Y,6396.227028,1592.941828,0.034170625,0.034194832
2254,MpMbMpv,14,0,SDDNTS200150704,Y,6690.215488,1592.941828,0.034170625,0.034194832
2255,MpMbMpv,15,0,SDDNTS300150704,Y,6912.094798,1592.941828,0.034170625,0.034194832
2256,MpMbMpv,16,0,SDDNTS400150704,Y,7087.512259,1592.941828,0.034170625,0.034194832
2257,MpMbMpv,45,0,S3INTSINFLOW3160730,Y,35682.3182,1592.941828,0.034170625,0.034194832
2258,MpMbMpv,46,0,S3DNTS7160730,Y,39206.58459,1592.941828,0.034170625,0.034194832
2259,MpMbMpv,19,0,SEDN160725,Y,13930.80574,36.10914172,1.89549E-08,0
2260,MpMbMpv,20,0,SEDN150706,Y,14165.54221,36.10914172,1.89549E-08,0
2261,MpMbMpv,21,0,SEDN160617,Y,14255.82075,36.10914172,1.89549E-08,0
2262,MpMbMpv,22,0,SEDNTS100150706,Y,14309.99018,36.10914172,1.89549E-08,0
2263,MpMbMpv,23,0,SEDNTS100150821,Y,14382.21565,36.10914172,1.89549E-08,0
2264,MpMbMpv,42,0,S2INTSINFLOW2160617,Y,21209.24344,36.10914172,1.89549E-08,0
2265,MpMbMpv,43,0,S2DNTS5160617,Y,24551.93494,36.10914172,1.89549E-08,0
2266,MpMbMpv,44,0,S3UPTS6160730,Y,25887.85677,36.10914172,1.89549E-08,0
2267,MpMbMpv,46,0,S3DNTS7160730,Y,39206.58459,36.10914172,1.89549E-08,0
2268,Cx,35,0,SEDNTS1000150706,Y,16970.26101,965.4450502,0.039391811,0.039422122
2269,Cx,36,0,SEDNTS1000150821,Y,17106.99654,965.4450502,0.039391811,0.039422122
2270,Cx,37,0,HAUPTS2160617,Y,18863.82625,965.4450502,0.039391811,0.039422122
2271,Cx,38,0,HAUPTS22160726,Y,18972.16236,965.4450502,0.039391811,0.039422122
2272,Cx,40,0,HADNTS3160726,Y,19759.42525,965.4450502,0.039391811,0.039422122
2273,Cx,41,0,S2UPTS4160617,Y,21949.53018,965.4450502,0.039391811,0.039422122
2274,Cx,43,0,S2DNTS5160617,Y,24551.93494,965.4450502,0.039391811,0.039422122
2275,Cx,44,0,S3UPTS6160730,Y,25887.85677,965.4450502,0.039391811,0.039422122
2276,Cx,46,0,S3DNTS7160730,Y,39206.58459,965.4450502,0.039391811,0.039422122
2277,MpMbMpv,35,0,SEDNTS1000150706,Y,16970.26101,2498.360617,0.09375989,0.093834327
2278,MpMbMpv,36,0,SEDNTS1000150821,Y,17106.99654,2498.360617,0.09375989,0.093834327
2279,MpMbMpv,37,0,HAUPTS2160617,Y,18863.82625,2498.360617,0.09375989,0.093834327
2280,MpMbMpv,38,0,HAUPTS22160726,Y,18972.16236,2498.360617,0.09375989,0.093834327
2281,MpMbMpv,40,0,HADNTS3160726,Y,19759.42525,2498.360617,0.09375989,0.093834327
2282,MpMbMpv,41,0,S2UPTS4160617,Y,21949.53018,2498.360617,0.09375989,0.093834327
2283,MpMbMpv,43,0,S2DNTS5160617,Y,24551.93494,2498.360617,0.09375989,0.093834327
2284,MpMbMpv,44,0,S3UPTS6160730,Y,25887.85677,2498.360617,0.09375989,0.093834327
2285,MpMbMpv,46,0,S3DNTS7160730,Y,39206.58459,2498.360617,0.09375989,0.093834327
2286,Mv,56,0,SC-8B,Y,237453.753,501.7748712,3.65618E-07,3.60456E-07
2287,Mv,58,0,siteSC-9A,Y,258694.6456,501.7748712,3.65618E-07,3.60456E-07
2288,Mv,59,0,siteSCoutlet170710,Y,263523.1099,501.7748712,3.65618E-07,3.60456E-07
2289,Mv,60,0,siteSCoutlet170807,Y,267972.9067,501.7748712,3.65618E-07,3.60456E-07
2290,Mv,64,0,site8,Y,26835.75552,501.7748712,3.65618E-07,3.60456E-07
2291,Mv,74,0,siteSC-4B,Y,112154.2356,501.7748712,3.65618E-07,3.60456E-07
2292,Mv,78,0,siteSC-5B,Y,162850.4689,501.7748712,3.65618E-07,3.60456E-07
2293,Mv,79,0,siteSC-6B,Y,194569.6103,501.7748712,3.65618E-07,3.60456E-07
2294,Mv,82,0,siteSC-7B,Y,213971.6585,501.7748712,3.65618E-07,3.60456E-07
2295,MpMbMpv,56,0,SC-8B,Y,237453.753,14652.89571,6.253979806,6.258622616
2296,MpMbMpv,58,0,siteSC-9A,Y,258694.6456,14652.89571,6.253979806,6.258622616
2297,MpMbMpv,59,0,siteSCoutlet170710,Y,263523.1099,14652.89571,6.253979806,6.258622616
2298,MpMbMpv,60,0,siteSCoutlet170807,Y,267972.9067,14652.89571,6.253979806,6.258622616
2299,MpMbMpv,65,0,site29,Y,24802.42351,14652.89571,6.253979806,6.258622616
2300,MpMbMpv,74,0,siteSC-4B,Y,112154.2356,14652.89571,6.253979806,6.258622616
2301,MpMbMpv,78,0,siteSC-5B,Y,162850.4689,14652.89571,6.253979806,6.258622616
2302,MpMbMpv,79,0,siteSC-6B,Y,194569.6103,14652.89571,6.253979806,6.258622616
2303,MpMbMpv,82,0,siteSC-7B,Y,213971.6585,14652.89571,6.253979806,6.258622616
2304,Cx,56,0,SC-8B,Y,237453.753,1624.879405,0.097981313,0.098051576
2305,Cx,58,0,siteSC-9A,Y,258694.6456,1624.879405,0.097981313,0.098051576
2306,Cx,59,0,siteSCoutlet170710,Y,263523.1099,1624.879405,0.097981313,0.098051576
2307,Cx,60,0,siteSCoutlet170807,Y,267972.9067,1624.879405,0.097981313,0.098051576
2308,Cx,65,0,site29,Y,24802.42351,1624.879405,0.097981313,0.098051576
2309,Cx,74,0,siteSC-4B,Y,112154.2356,1624.879405,0.097981313,0.098051576
2310,Cx,78,0,siteSC-5B,Y,162850.4689,1624.879405,0.097981313,0.098051576
2311,Cx,79,0,siteSC-6B,Y,194569.6103,1624.879405,0.097981313,0.098051576
2312,Cx,82,0,siteSC-7B,Y,213971.6585,1624.879405,0.097981313,0.098051576
2313,Cy,56,0,SC-8B,Y,237453.753,10559.55927,1.812554915,1.813891604
2314,Cy,58,0,siteSC-9A,Y,258694.6456,10559.55927,1.812554915,1.813891604
2315,Cy,59,0,siteSCoutlet170710,Y,263523.1099,10559.55927,1.812554915,1.813891604
2316,Cy,60,0,siteSCoutlet170807,Y,267972.9067,10559.55927,1.812554915,1.813891604
2317,Cy,65,0,site29,Y,24802.42351,10559.55927,1.812554915,1.813891604
2318,Cy,74,0,siteSC-4B,Y,112154.2356,10559.55927,1.812554915,1.813891604
2319,Cy,78,0,siteSC-5B,Y,162850.4689,10559.55927,1.812554915,1.813891604
2320,Cy,79,0,siteSC-6B,Y,194569.6103,10559.55927,1.812554915,1.813891604
2321,Cy,82,0,siteSC-7B,Y,213971.6585,10559.55927,1.812554915,1.813891604
2322,Cv,56,0,SC-8B,Y,237453.753,14895.01855,5.673811238,5.678096505
2323,Cv,58,0,siteSC-9A,Y,258694.6456,14895.01855,5.673811238,5.678096505
2324,Cv,59,0,siteSCoutlet170710,Y,263523.1099,14895.01855,5.673811238,5.678096505
2325,Cv,60,0,siteSCoutlet170807,Y,267972.9067,14895.01855,5.673811238,5.678096505
2326,Cv,65,0,site29,Y,24802.42351,14895.01855,5.673811238,5.678096505
2327,Cv,74,0,siteSC-4B,Y,112154.2356,14895.01855,5.673811238,5.678096505
2328,Cv,78,0,siteSC-5B,Y,162850.4689,14895.01855,5.673811238,5.678096505
2329,Cv,79,0,siteSC-6B,Y,194569.6103,14895.01855,5.673811238,5.678096505
2330,Cv,82,0,siteSC-7B,Y,213971.6585,14895.01855,5.673811238,5.678096505
2331,Mv,56,0,SC-8B,Y,237453.753,12856.3891,0.847672271,0.84826411
2332,Mv,58,0,siteSC-9A,Y,258694.6456,12856.3891,0.847672271,0.84826411
2333,Mv,59,0,siteSCoutlet170710,Y,263523.1099,12856.3891,0.847672271,0.84826411
2334,Mv,60,0,siteSCoutlet170807,Y,267972.9067,12856.3891,0.847672271,0.84826411
2335,Mv,67,0,siteSC-3B,Y,80412.83247,12856.3891,0.847672271,0.84826411
2336,Mv,74,0,siteSC-4B,Y,112154.2356,12856.3891,0.847672271,0.84826411
2337,Mv,78,0,siteSC-5B,Y,162850.4689,12856.3891,0.847672271,0.84826411
2338,Mv,79,0,siteSC-6B,Y,194569.6103,12856.3891,0.847672271,0.84826411
2339,Mv,82,0,siteSC-7B,Y,213971.6585,12856.3891,0.847672271,0.84826411
2340,Mv,56,0,SC-8B,Y,237453.753,18753.77123,6.639335703,6.644274405
2341,Mv,58,0,siteSC-9A,Y,258694.6456,18753.77123,6.639335703,6.644274405
2342,Mv,59,0,siteSCoutlet170710,Y,263523.1099,18753.77123,6.639335703,6.644274405
2343,Mv,60,0,siteSCoutlet170807,Y,267972.9067,18753.77123,6.639335703,6.644274405
2344,Mv,67,0,siteSC-3B,Y,80412.83247,18753.77123,6.639335703,6.644274405
2345,Mv,74,0,siteSC-4B,Y,112154.2356,18753.77123,6.639335703,6.644274405
2346,Mv,78,0,siteSC-5B,Y,162850.4689,18753.77123,6.639335703,6.644274405
2347,Mv,79,0,siteSC-6B,Y,194569.6103,18753.77123,6.639335703,6.644274405
2348,Mv,82,0,siteSC-7B,Y,213971.6585,18753.77123,6.639335703,6.644274405
2349,Mv,56,0,SC-8B,Y,237453.753,5076.208535,0.443546977,0.443879615
2350,Mv,58,0,siteSC-9A,Y,258694.6456,5076.208535,0.443546977,0.443879615
2351,Mv,59,0,siteSCoutlet170710,Y,263523.1099,5076.208535,0.443546977,0.443879615
2352,Mv,60,0,siteSCoutlet170807,Y,267972.9067,5076.208535,0.443546977,0.443879615
2353,Mv,67,0,siteSC-3B,Y,80412.83247,5076.208535,0.443546977,0.443879615
2354,Mv,74,0,siteSC-4B,Y,112154.2356,5076.208535,0.443546977,0.443879615
2355,Mv,78,0,siteSC-5B,Y,162850.4689,5076.208535,0.443546977,0.443879615
2356,Mv,79,0,siteSC-6B,Y,194569.6103,5076.208535,0.443546977,0.443879615
2357,Mv,82,0,siteSC-7B,Y,213971.6585,5076.208535,0.443546977,0.443879615
2358,At,56,0,SC-8B,Y,237453.753,14154.05799,1.926364257,1.927768209
2359,At,58,0,siteSC-9A,Y,258694.6456,14154.05799,1.926364257,1.927768209
2360,At,59,0,siteSCoutlet170710,Y,263523.1099,14154.05799,1.926364257,1.927768209
2361,At,60,0,siteSCoutlet170807,Y,267972.9067,14154.05799,1.926364257,1.927768209
2362,At,67,0,siteSC-3B,Y,80412.83247,14154.05799,1.926364257,1.927768209
2363,At,74,0,siteSC-4B,Y,112154.2356,14154.05799,1.926364257,1.927768209
2364,At,78,0,siteSC-5B,Y,162850.4689,14154.05799,1.926364257,1.927768209
2365,At,79,0,siteSC-6B,Y,194569.6103,14154.05799,1.926364257,1.927768209
2366,At,82,0,siteSC-7B,Y,213971.6585,14154.05799,1.926364257,1.927768209
2367,MpMbMpv,56,0,SC-8B,Y,237453.753,23607.79618,3.718564503,3.721407944
2368,MpMbMpv,58,0,siteSC-9A,Y,258694.6456,23607.79618,3.718564503,3.721407944
2369,MpMbMpv,59,0,siteSCoutlet170710,Y,263523.1099,23607.79618,3.718564503,3.721407944
2370,MpMbMpv,60,0,siteSCoutlet170807,Y,267972.9067,23607.79618,3.718564503,3.721407944
2371,MpMbMpv,67,0,siteSC-3B,Y,80412.83247,23607.79618,3.718564503,3.721407944
2372,MpMbMpv,74,0,siteSC-4B,Y,112154.2356,23607.79618,3.718564503,3.721407944
2373,MpMbMpv,78,0,siteSC-5B,Y,162850.4689,23607.79618,3.718564503,3.721407944
2374,MpMbMpv,79,0,siteSC-6B,Y,194569.6103,23607.79618,3.718564503,3.721407944
2375,MpMbMpv,82,0,siteSC-7B,Y,213971.6585,23607.79618,3.718564503,3.721407944
2376,Cv,56,0,SC-8B,Y,237453.753,20579.04516,5.884662696,5.889364731
2377,Cv,58,0,siteSC-9A,Y,258694.6456,20579.04516,5.884662696,5.889364731
2378,Cv,59,0,siteSCoutlet170710,Y,263523.1099,20579.04516,5.884662696,5.889364731
2379,Cv,60,0,siteSCoutlet170807,Y,267972.9067,20579.04516,5.884662696,5.889364731
2380,Cv,67,0,siteSC-3B,Y,80412.83247,20579.04516,5.884662696,5.889364731
2381,Cv,74,0,siteSC-4B,Y,112154.2356,20579.04516,5.884662696,5.889364731
2382,Cv,78,0,siteSC-5B,Y,162850.4689,20579.04516,5.884662696,5.889364731
2383,Cv,79,0,siteSC-6B,Y,194569.6103,20579.04516,5.884662696,5.889364731
2384,Cv,82,0,siteSC-7B,Y,213971.6585,20579.04516,5.884662696,5.889364731
2385,Cx,56,0,SC-8B,Y,237453.753,4540.027501,0.541935499,0.542402934
2386,R/Cv,56,0,SC-8B,Y,237453.753,4540.027501,0.541935499,0.542402934
2387,Cx,58,0,siteSC-9A,Y,258694.6456,4540.027501,0.541935499,0.542402934
2388,R/Cv,58,0,siteSC-9A,Y,258694.6456,4540.027501,0.541935499,0.542402934
2389,Cx,59,0,siteSCoutlet170710,Y,263523.1099,4540.027501,0.541935499,0.542402934
2390,R/Cv,59,0,siteSCoutlet170710,Y,263523.1099,4540.027501,0.541935499,0.542402934
2391,Cx,60,0,siteSCoutlet170807,Y,267972.9067,4540.027501,0.541935499,0.542402934
2392,R/Cv,60,0,siteSCoutlet170807,Y,267972.9067,4540.027501,0.541935499,0.542402934
2393,Cx,69,0,site19,Y,22391.73955,4540.027501,0.541935499,0.542402934
2394,R/Cv,69,0,site19,Y,22391.73955,4540.027501,0.541935499,0.542402934
2395,Cx,78,0,siteSC-5B,Y,162850.4689,4540.027501,0.541935499,0.542402934
2396,R/Cv,78,0,siteSC-5B,Y,162850.4689,4540.027501,0.541935499,0.542402934
2397,Cx,79,0,siteSC-6B,Y,194569.6103,4540.027501,0.541935499,0.542402934
2398,R/Cv,79,0,siteSC-6B,Y,194569.6103,4540.027501,0.541935499,0.542402934
2399,Cx,82,0,siteSC-7B,Y,213971.6585,4540.027501,0.541935499,0.542402934
2400,R/Cv,82,0,siteSC-7B,Y,213971.6585,4540.027501,0.541935499,0.542402934
2401,ApAt,56,0,SC-8B,Y,237453.753,15.56679257,1.80427E-06,1.80397E-06
2402,Mv,56,0,SC-8B,Y,237453.753,15.56679257,1.80427E-06,1.80397E-06
2403,ApAt,58,0,siteSC-9A,Y,258694.6456,15.56679257,1.80427E-06,1.80397E-06
2404,Mv,58,0,siteSC-9A,Y,258694.6456,15.56679257,1.80427E-06,1.80397E-06
2405,ApAt,59,0,siteSCoutlet170710,Y,263523.1099,15.56679257,1.80427E-06,1.80397E-06
2406,Mv,59,0,siteSCoutlet170710,Y,263523.1099,15.56679257,1.80427E-06,1.80397E-06
2407,ApAt,60,0,siteSCoutlet170807,Y,267972.9067,15.56679257,1.80427E-06,1.80397E-06
2408,Mv,60,0,siteSCoutlet170807,Y,267972.9067,15.56679257,1.80427E-06,1.80397E-06
2409,ApAt,71,0,site36,Y,54545.36664,15.56679257,1.80427E-06,1.80397E-06
2410,Mv,71,0,site36,Y,54545.36664,15.56679257,1.80427E-06,1.80397E-06
2411,ApAt,78,0,siteSC-5B,Y,162850.4689,15.56679257,1.80427E-06,1.80397E-06
2412,Mv,78,0,siteSC-5B,Y,162850.4689,15.56679257,1.80427E-06,1.80397E-06
2413,ApAt,79,0,siteSC-6B,Y,194569.6103,15.56679257,1.80427E-06,1.80397E-06
2414,Mv,79,0,siteSC-6B,Y,194569.6103,15.56679257,1.80427E-06,1.80397E-06
2415,ApAt,82,0,siteSC-7B,Y,213971.6585,15.56679257,1.80427E-06,1.80397E-06
2416,Mv,82,0,siteSC-7B,Y,213971.6585,15.56679257,1.80427E-06,1.80397E-06
2417,Cx,56,0,SC-8B,Y,237453.753,772.6773077,0.015447157,0.015456918
2418,R/Cv,56,0,SC-8B,Y,237453.753,772.6773077,0.015447157,0.015456918
2419,Cx,58,0,siteSC-9A,Y,258694.6456,772.6773077,0.015447157,0.015456918
2420,R/Cv,58,0,siteSC-9A,Y,258694.6456,772.6773077,0.015447157,0.015456918
2421,Cx,59,0,siteSCoutlet170710,Y,263523.1099,772.6773077,0.015447157,0.015456918
2422,R/Cv,59,0,siteSCoutlet170710,Y,263523.1099,772.6773077,0.015447157,0.015456918
2423,Cx,60,0,siteSCoutlet170807,Y,267972.9067,772.6773077,0.015447157,0.015456918
2424,R/Cv,60,0,siteSCoutlet170807,Y,267972.9067,772.6773077,0.015447157,0.015456918
2425,Cx,72,0,site37,Y,45537.58056,772.6773077,0.015447157,0.015456918
2426,R/Cv,72,0,site37,Y,45537.58056,772.6773077,0.015447157,0.015456918
2427,Cx,78,0,siteSC-5B,Y,162850.4689,772.6773077,0.015447157,0.015456918
2428,R/Cv,78,0,siteSC-5B,Y,162850.4689,772.6773077,0.015447157,0.015456918
2429,Cx,79,0,siteSC-6B,Y,194569.6103,772.6773077,0.015447157,0.015456918
2430,R/Cv,79,0,siteSC-6B,Y,194569.6103,772.6773077,0.015447157,0.015456918
2431,Cx,82,0,siteSC-7B,Y,213971.6585,772.6773077,0.015447157,0.015456918
2432,R/Cv,82,0,siteSC-7B,Y,213971.6585,772.6773077,0.015447157,0.015456918
2433,Cx,56,0,SC-8B,Y,237453.753,3843.452454,0.465762232,0.466137225
2434,R/Cv,56,0,SC-8B,Y,237453.753,3843.452454,0.465762232,0.466137225
2435,Cx,58,0,siteSC-9A,Y,258694.6456,3843.452454,0.465762232,0.466137225
2436,R/Cv,58,0,siteSC-9A,Y,258694.6456,3843.452454,0.465762232,0.466137225
2437,Cx,59,0,siteSCoutlet170710,Y,263523.1099,3843.452454,0.465762232,0.466137225
2438,R/Cv,59,0,siteSCoutlet170710,Y,263523.1099,3843.452454,0.465762232,0.466137225
2439,Cx,60,0,siteSCoutlet170807,Y,267972.9067,3843.452454,0.465762232,0.466137225
2440,R/Cv,60,0,siteSCoutlet170807,Y,267972.9067,3843.452454,0.465762232,0.466137225
2441,Cx,72,0,site37,Y,45537.58056,3843.452454,0.465762232,0.466137225
2442,R/Cv,72,0,site37,Y,45537.58056,3843.452454,0.465762232,0.466137225
2443,Cx,78,0,siteSC-5B,Y,162850.4689,3843.452454,0.465762232,0.466137225
2444,R/Cv,78,0,siteSC-5B,Y,162850.4689,3843.452454,0.465762232,0.466137225
2445,Cx,79,0,siteSC-6B,Y,194569.6103,3843.452454,0.465762232,0.466137225
2446,R/Cv,79,0,siteSC-6B,Y,194569.6103,3843.452454,0.465762232,0.466137225
2447,Cx,82,0,siteSC-7B,Y,213971.6585,3843.452454,0.465762232,0.466137225
2448,R/Cv,82,0,siteSC-7B,Y,213971.6585,3843.452454,0.465762232,0.466137225
2449,Mv,56,0,SC-8B,Y,237453.753,80.46438515,0.000394178,0.000394442
2450,MpMbMpv,56,0,SC-8B,Y,237453.753,80.46438515,0.000394178,0.000394442
2451,Mv,58,0,siteSC-9A,Y,258694.6456,80.46438515,0.000394178,0.000394442
2452,MpMbMpv,58,0,siteSC-9A,Y,258694.6456,80.46438515,0.000394178,0.000394442
2453,Mv,59,0,siteSCoutlet170710,Y,263523.1099,80.46438515,0.000394178,0.000394442
2454,MpMbMpv,59,0,siteSCoutlet170710,Y,263523.1099,80.46438515,0.000394178,0.000394442
2455,Mv,60,0,siteSCoutlet170807,Y,267972.9067,80.46438515,0.000394178,0.000394442
2456,MpMbMpv,60,0,siteSCoutlet170807,Y,267972.9067,80.46438515,0.000394178,0.000394442
2457,Mv,74,0,siteSC-4B,Y,112154.2356,80.46438515,0.000394178,0.000394442
2458,MpMbMpv,74,0,siteSC-4B,Y,112154.2356,80.46438515,0.000394178,0.000394442
2459,Mv,78,0,siteSC-5B,Y,162850.4689,80.46438515,0.000394178,0.000394442
2460,MpMbMpv,78,0,siteSC-5B,Y,162850.4689,80.46438515,0.000394178,0.000394442
2461,Mv,79,0,siteSC-6B,Y,194569.6103,80.46438515,0.000394178,0.000394442
2462,MpMbMpv,79,0,siteSC-6B,Y,194569.6103,80.46438515,0.000394178,0.000394442
2463,Mv,82,0,siteSC-7B,Y,213971.6585,80.46438515,0.000394178,0.000394442
2464,MpMbMpv,82,0,siteSC-7B,Y,213971.6585,80.46438515,0.000394178,0.000394442
2465,Mv,56,0,SC-8B,Y,237453.753,29.10524614,1.11678E-05,1.11711E-05
2466,MpMbMpv,56,0,SC-8B,Y,237453.753,29.10524614,1.11678E-05,1.11711E-05
2467,Mv,58,0,siteSC-9A,Y,258694.6456,29.10524614,1.11678E-05,1.11711E-05
2468,MpMbMpv,58,0,siteSC-9A,Y,258694.6456,29.10524614,1.11678E-05,1.11711E-05
2469,Mv,59,0,siteSCoutlet170710,Y,263523.1099,29.10524614,1.11678E-05,1.11711E-05
2470,MpMbMpv,59,0,siteSCoutlet170710,Y,263523.1099,29.10524614,1.11678E-05,1.11711E-05
2471,Mv,60,0,siteSCoutlet170807,Y,267972.9067,29.10524614,1.11678E-05,1.11711E-05
2472,MpMbMpv,60,0,siteSCoutlet170807,Y,267972.9067,29.10524614,1.11678E-05,1.11711E-05
2473,Mv,74,0,siteSC-4B,Y,112154.2356,29.10524614,1.11678E-05,1.11711E-05
2474,MpMbMpv,74,0,siteSC-4B,Y,112154.2356,29.10524614,1.11678E-05,1.11711E-05
2475,Mv,78,0,siteSC-5B,Y,162850.4689,29.10524614,1.11678E-05,1.11711E-05
2476,MpMbMpv,78,0,siteSC-5B,Y,162850.4689,29.10524614,1.11678E-05,1.11711E-05
2477,Mv,79,0,siteSC-6B,Y,194569.6103,29.10524614,1.11678E-05,1.11711E-05
2478,MpMbMpv,79,0,siteSC-6B,Y,194569.6103,29.10524614,1.11678E-05,1.11711E-05
2479,Mv,82,0,siteSC-7B,Y,213971.6585,29.10524614,1.11678E-05,1.11711E-05
2480,MpMbMpv,82,0,siteSC-7B,Y,213971.6585,29.10524614,1.11678E-05,1.11711E-05
2481,Mv,56,0,SC-8B,Y,237453.753,579.8962512,0.008357981,0.00836452
2482,Cx,56,0,SC-8B,Y,237453.753,579.8962512,0.008357981,0.00836452
2483,Mv,58,0,siteSC-9A,Y,258694.6456,579.8962512,0.008357981,0.00836452
2484,Cx,58,0,siteSC-9A,Y,258694.6456,579.8962512,0.008357981,0.00836452
2485,Mv,59,0,siteSCoutlet170710,Y,263523.1099,579.8962512,0.008357981,0.00836452
2486,Cx,59,0,siteSCoutlet170710,Y,263523.1099,579.8962512,0.008357981,0.00836452
2487,Mv,60,0,siteSCoutlet170807,Y,267972.9067,579.8962512,0.008357981,0.00836452
2488,Cx,60,0,siteSCoutlet170807,Y,267972.9067,579.8962512,0.008357981,0.00836452
2489,Mv,74,0,siteSC-4B,Y,112154.2356,579.8962512,0.008357981,0.00836452
2490,Cx,74,0,siteSC-4B,Y,112154.2356,579.8962512,0.008357981,0.00836452
2491,Mv,78,0,siteSC-5B,Y,162850.4689,579.8962512,0.008357981,0.00836452
2492,Cx,78,0,siteSC-5B,Y,162850.4689,579.8962512,0.008357981,0.00836452
2493,Mv,79,0,siteSC-6B,Y,194569.6103,579.8962512,0.008357981,0.00836452
2494,Cx,79,0,siteSC-6B,Y,194569.6103,579.8962512,0.008357981,0.00836452
2495,Mv,82,0,siteSC-7B,Y,213971.6585,579.8962512,0.008357981,0.00836452
2496,Cx,82,0,siteSC-7B,Y,213971.6585,579.8962512,0.008357981,0.00836452
2497,MpMbMpv,56,0,SC-8B,Y,237453.753,152.6086204,0.000160971,0.000160113
2498,At,56,0,SC-8B,Y,237453.753,152.6086204,0.000160971,0.000160113
2499,MpMbMpv,58,0,siteSC-9A,Y,258694.6456,152.6086204,0.000160971,0.000160113
2500,At,58,0,siteSC-9A,Y,258694.6456,152.6086204,0.000160971,0.000160113
2501,MpMbMpv,59,0,siteSCoutlet170710,Y,263523.1099,152.6086204,0.000160971,0.000160113
2502,At,59,0,siteSCoutlet170710,Y,263523.1099,152.6086204,0.000160971,0.000160113
2503,MpMbMpv,60,0,siteSCoutlet170807,Y,267972.9067,152.6086204,0.000160971,0.000160113
2504,At,60,0,siteSCoutlet170807,Y,267972.9067,152.6086204,0.000160971,0.000160113
2505,MpMbMpv,74,0,siteSC-4B,Y,112154.2356,152.6086204,0.000160971,0.000160113
2506,At,74,0,siteSC-4B,Y,112154.2356,152.6086204,0.000160971,0.000160113
2507,MpMbMpv,78,0,siteSC-5B,Y,162850.4689,152.6086204,0.000160971,0.000160113
2508,At,78,0,siteSC-5B,Y,162850.4689,152.6086204,0.000160971,0.000160113
2509,MpMbMpv,79,0,siteSC-6B,Y,194569.6103,152.6086204,0.000160971,0.000160113
2510,At,79,0,siteSC-6B,Y,194569.6103,152.6086204,0.000160971,0.000160113
2511,MpMbMpv,82,0,siteSC-7B,Y,213971.6585,152.6086204,0.000160971,0.000160113
2512,At,82,0,siteSC-7B,Y,213971.6585,152.6086204,0.000160971,0.000160113
2513,MhMrMm,56,0,SC-8B,Y,237453.753,6086.510322,1.423932871,1.425060479
2514,MhMrMm,56,0,SC-8B,Y,237453.753,6086.510322,1.423932871,1.425060479
2515,MhMrMm,58,0,siteSC-9A,Y,258694.6456,6086.510322,1.423932871,1.425060479
2516,MhMrMm,58,0,siteSC-9A,Y,258694.6456,6086.510322,1.423932871,1.425060479
2517,MhMrMm,59,0,siteSCoutlet170710,Y,263523.1099,6086.510322,1.423932871,1.425060479
2518,MhMrMm,59,0,siteSCoutlet170710,Y,263523.1099,6086.510322,1.423932871,1.425060479
2519,MhMrMm,60,0,siteSCoutlet170807,Y,267972.9067,6086.510322,1.423932871,1.425060479
2520,MhMrMm,60,0,siteSCoutlet170807,Y,267972.9067,6086.510322,1.423932871,1.425060479
2521,MhMrMm,77,0,site35,Y,9064.966602,6086.510322,1.423932871,1.425060479
2522,MhMrMm,77,0,site35,Y,9064.966602,6086.510322,1.423932871,1.425060479
2523,MhMrMm,78,0,siteSC-5B,Y,162850.4689,6086.510322,1.423932871,1.425060479
2524,MhMrMm,78,0,siteSC-5B,Y,162850.4689,6086.510322,1.423932871,1.425060479
2525,MhMrMm,79,0,siteSC-6B,Y,194569.6103,6086.510322,1.423932871,1.425060479
2526,MhMrMm,79,0,siteSC-6B,Y,194569.6103,6086.510322,1.423932871,1.425060479
2527,MhMrMm,82,0,siteSC-7B,Y,213971.6585,6086.510322,1.423932871,1.425060479
2528,MhMrMm,82,0,siteSC-7B,Y,213971.6585,6086.510322,1.423932871,1.425060479
2529,Gt,56,0,SC-8B,Y,237453.753,4091.988904,0.330325256,0.33058021
2530,MhMrMm,56,0,SC-8B,Y,237453.753,4091.988904,0.330325256,0.33058021
2531,Gt,58,0,siteSC-9A,Y,258694.6456,4091.988904,0.330325256,0.33058021
2532,MhMrMm,58,0,siteSC-9A,Y,258694.6456,4091.988904,0.330325256,0.33058021
2533,Gt,59,0,siteSCoutlet170710,Y,263523.1099,4091.988904,0.330325256,0.33058021
2534,MhMrMm,59,0,siteSCoutlet170710,Y,263523.1099,4091.988904,0.330325256,0.33058021
2535,Gt,60,0,siteSCoutlet170807,Y,267972.9067,4091.988904,0.330325256,0.33058021
2536,MhMrMm,60,0,siteSCoutlet170807,Y,267972.9067,4091.988904,0.330325256,0.33058021
2537,Gt,77,0,site35,Y,9064.966602,4091.988904,0.330325256,0.33058021
2538,MhMrMm,77,0,site35,Y,9064.966602,4091.988904,0.330325256,0.33058021
2539,Gt,78,0,siteSC-5B,Y,162850.4689,4091.988904,0.330325256,0.33058021
2540,MhMrMm,78,0,siteSC-5B,Y,162850.4689,4091.988904,0.330325256,0.33058021
2541,Gt,79,0,siteSC-6B,Y,194569.6103,4091.988904,0.330325256,0.33058021
2542,MhMrMm,79,0,siteSC-6B,Y,194569.6103,4091.988904,0.330325256,0.33058021
2543,Gt,82,0,siteSC-7B,Y,213971.6585,4091.988904,0.330325256,0.33058021
2544,MhMrMm,82,0,siteSC-7B,Y,213971.6585,4091.988904,0.330325256,0.33058021
2545,Cx,56,0,SC-8B,Y,237453.753,5001.940322,1.067518857,1.06835816
2546,MhMrMm,56,0,SC-8B,Y,237453.753,5001.940322,1.067518857,1.06835816
2547,Cx,58,0,siteSC-9A,Y,258694.6456,5001.940322,1.067518857,1.06835816
2548,MhMrMm,58,0,siteSC-9A,Y,258694.6456,5001.940322,1.067518857,1.06835816
2549,Cx,59,0,siteSCoutlet170710,Y,263523.1099,5001.940322,1.067518857,1.06835816
2550,MhMrMm,59,0,siteSCoutlet170710,Y,263523.1099,5001.940322,1.067518857,1.06835816
2551,Cx,60,0,siteSCoutlet170807,Y,267972.9067,5001.940322,1.067518857,1.06835816
2552,MhMrMm,60,0,siteSCoutlet170807,Y,267972.9067,5001.940322,1.067518857,1.06835816
2553,Cx,77,0,site35,Y,9064.966602,5001.940322,1.067518857,1.06835816
2554,MhMrMm,77,0,site35,Y,9064.966602,5001.940322,1.067518857,1.06835816
2555,Cx,78,0,siteSC-5B,Y,162850.4689,5001.940322,1.067518857,1.06835816
2556,MhMrMm,78,0,siteSC-5B,Y,162850.4689,5001.940322,1.067518857,1.06835816
2557,Cx,79,0,siteSC-6B,Y,194569.6103,5001.940322,1.067518857,1.06835816
2558,MhMrMm,79,0,siteSC-6B,Y,194569.6103,5001.940322,1.067518857,1.06835816
2559,Cx,82,0,siteSC-7B,Y,213971.6585,5001.940322,1.067518857,1.06835816
2560,MhMrMm,82,0,siteSC-7B,Y,213971.6585,5001.940322,1.067518857,1.06835816
2561,Af,56,0,SC-8B,Y,237453.753,1623.531964,0.088342976,0.08841378
2562,MhMrMm,56,0,SC-8B,Y,237453.753,1623.531964,0.088342976,0.08841378
2563,Af,58,0,siteSC-9A,Y,258694.6456,1623.531964,0.088342976,0.08841378
2564,MhMrMm,58,0,siteSC-9A,Y,258694.6456,1623.531964,0.088342976,0.08841378
2565,Af,59,0,siteSCoutlet170710,Y,263523.1099,1623.531964,0.088342976,0.08841378
2566,MhMrMm,59,0,siteSCoutlet170710,Y,263523.1099,1623.531964,0.088342976,0.08841378
2567,Af,60,0,siteSCoutlet170807,Y,267972.9067,1623.531964,0.088342976,0.08841378
2568,MhMrMm,60,0,siteSCoutlet170807,Y,267972.9067,1623.531964,0.088342976,0.08841378
2569,Af,77,0,site35,Y,9064.966602,1623.531964,0.088342976,0.08841378
2570,MhMrMm,77,0,site35,Y,9064.966602,1623.531964,0.088342976,0.08841378
2571,Af,78,0,siteSC-5B,Y,162850.4689,1623.531964,0.088342976,0.08841378
2572,MhMrMm,78,0,siteSC-5B,Y,162850.4689,1623.531964,0.088342976,0.08841378
2573,Af,79,0,siteSC-6B,Y,194569.6103,1623.531964,0.088342976,0.08841378
2574,MhMrMm,79,0,siteSC-6B,Y,194569.6103,1623.531964,0.088342976,0.08841378
2575,Af,82,0,siteSC-7B,Y,213971.6585,1623.531964,0.088342976,0.08841378
2576,MhMrMm,82,0,siteSC-7B,Y,213971.6585,1623.531964,0.088342976,0.08841378
2577,Gt,56,0,SC-8B,Y,237453.753,1227.457569,0.018605397,0.018618046
2578,MhMrMm,56,0,SC-8B,Y,237453.753,1227.457569,0.018605397,0.018618046
2579,MhMrMm,56,0,SC-8B,Y,237453.753,1227.457569,0.018605397,0.018618046
2580,Gt,58,0,siteSC-9A,Y,258694.6456,1227.457569,0.018605397,0.018618046
2581,MhMrMm,58,0,siteSC-9A,Y,258694.6456,1227.457569,0.018605397,0.018618046
2582,MhMrMm,58,0,siteSC-9A,Y,258694.6456,1227.457569,0.018605397,0.018618046
2583,Gt,59,0,siteSCoutlet170710,Y,263523.1099,1227.457569,0.018605397,0.018618046
2584,MhMrMm,59,0,siteSCoutlet170710,Y,263523.1099,1227.457569,0.018605397,0.018618046
2585,MhMrMm,59,0,siteSCoutlet170710,Y,263523.1099,1227.457569,0.018605397,0.018618046
2586,Gt,60,0,siteSCoutlet170807,Y,267972.9067,1227.457569,0.018605397,0.018618046
2587,MhMrMm,60,0,siteSCoutlet170807,Y,267972.9067,1227.457569,0.018605397,0.018618046
2588,MhMrMm,60,0,siteSCoutlet170807,Y,267972.9067,1227.457569,0.018605397,0.018618046
2589,Gt,78,0,siteSC-5B,Y,162850.4689,1227.457569,0.018605397,0.018618046
2590,MhMrMm,78,0,siteSC-5B,Y,162850.4689,1227.457569,0.018605397,0.018618046
2591,MhMrMm,78,0,siteSC-5B,Y,162850.4689,1227.457569,0.018605397,0.018618046
2592,Gt,79,0,siteSC-6B,Y,194569.6103,1227.457569,0.018605397,0.018618046
2593,MhMrMm,79,0,siteSC-6B,Y,194569.6103,1227.457569,0.018605397,0.018618046
2594,MhMrMm,79,0,siteSC-6B,Y,194569.6103,1227.457569,0.018605397,0.018618046
2595,Gt,82,0,siteSC-7B,Y,213971.6585,1227.457569,0.018605397,0.018618046
2596,MhMrMm,82,0,siteSC-7B,Y,213971.6585,1227.457569,0.018605397,0.018618046
2597,MhMrMm,82,0,siteSC-7B,Y,213971.6585,1227.457569,0.018605397,0.018618046
2598,At,56,0,SC-8B,Y,237453.753,27.22897256,1.87416E-05,1.87517E-05
2599,Gt,56,0,SC-8B,Y,237453.753,27.22897256,1.87416E-05,1.87517E-05
2600,MhMrMm,56,0,SC-8B,Y,237453.753,27.22897256,1.87416E-05,1.87517E-05
2601,At,58,0,siteSC-9A,Y,258694.6456,27.22897256,1.87416E-05,1.87517E-05
2602,Gt,58,0,siteSC-9A,Y,258694.6456,27.22897256,1.87416E-05,1.87517E-05
2603,MhMrMm,58,0,siteSC-9A,Y,258694.6456,27.22897256,1.87416E-05,1.87517E-05
2604,At,59,0,siteSCoutlet170710,Y,263523.1099,27.22897256,1.87416E-05,1.87517E-05
2605,Gt,59,0,siteSCoutlet170710,Y,263523.1099,27.22897256,1.87416E-05,1.87517E-05
2606,MhMrMm,59,0,siteSCoutlet170710,Y,263523.1099,27.22897256,1.87416E-05,1.87517E-05
2607,At,60,0,siteSCoutlet170807,Y,267972.9067,27.22897256,1.87416E-05,1.87517E-05
2608,Gt,60,0,siteSCoutlet170807,Y,267972.9067,27.22897256,1.87416E-05,1.87517E-05
2609,MhMrMm,60,0,siteSCoutlet170807,Y,267972.9067,27.22897256,1.87416E-05,1.87517E-05
2610,At,78,0,siteSC-5B,Y,162850.4689,27.22897256,1.87416E-05,1.87517E-05
2611,Gt,78,0,siteSC-5B,Y,162850.4689,27.22897256,1.87416E-05,1.87517E-05
2612,MhMrMm,78,0,siteSC-5B,Y,162850.4689,27.22897256,1.87416E-05,1.87517E-05
2613,At,79,0,siteSC-6B,Y,194569.6103,27.22897256,1.87416E-05,1.87517E-05
2614,Gt,79,0,siteSC-6B,Y,194569.6103,27.22897256,1.87416E-05,1.87517E-05
2615,MhMrMm,79,0,siteSC-6B,Y,194569.6103,27.22897256,1.87416E-05,1.87517E-05
2616,At,82,0,siteSC-7B,Y,213971.6585,27.22897256,1.87416E-05,1.87517E-05
2617,Gt,82,0,siteSC-7B,Y,213971.6585,27.22897256,1.87416E-05,1.87517E-05
2618,MhMrMm,82,0,siteSC-7B,Y,213971.6585,27.22897256,1.87416E-05,1.87517E-05
2619,Cx,34,0,SEDNTS800150821,Y,16578.11229,691.2045193,0.010148055,0.01015602
2620,Cx,35,0,SEDNTS1000150706,Y,16970.26101,691.2045193,0.010148055,0.01015602
2621,Cx,36,0,SEDNTS1000150821,Y,17106.99654,691.2045193,0.010148055,0.01015602
2622,Cx,37,0,HAUPTS2160617,Y,18863.82625,691.2045193,0.010148055,0.01015602
2623,Cx,38,0,HAUPTS22160726,Y,18972.16236,691.2045193,0.010148055,0.01015602
2624,Cx,40,0,HADNTS3160726,Y,19759.42525,691.2045193,0.010148055,0.01015602
2625,Cx,41,0,S2UPTS4160617,Y,21949.53018,691.2045193,0.010148055,0.01015602
2626,Cx,43,0,S2DNTS5160617,Y,24551.93494,691.2045193,0.010148055,0.01015602
2627,Cx,44,0,S3UPTS6160730,Y,25887.85677,691.2045193,0.010148055,0.01015602
2628,Cx,46,0,S3DNTS7160730,Y,39206.58459,691.2045193,0.010148055,0.01015602
2629,MpMbMpv,34,0,SEDNTS800150821,Y,16578.11229,2328.024982,0.0420663,0.042098944
2630,MpMbMpv,35,0,SEDNTS1000150706,Y,16970.26101,2328.024982,0.0420663,0.042098944
2631,MpMbMpv,36,0,SEDNTS1000150821,Y,17106.99654,2328.024982,0.0420663,0.042098944
2632,MpMbMpv,37,0,HAUPTS2160617,Y,18863.82625,2328.024982,0.0420663,0.042098944
2633,MpMbMpv,38,0,HAUPTS22160726,Y,18972.16236,2328.024982,0.0420663,0.042098944
2634,MpMbMpv,40,0,HADNTS3160726,Y,19759.42525,2328.024982,0.0420663,0.042098944
2635,MpMbMpv,41,0,S2UPTS4160617,Y,21949.53018,2328.024982,0.0420663,0.042098944
2636,MpMbMpv,43,0,S2DNTS5160617,Y,24551.93494,2328.024982,0.0420663,0.042098944
2637,MpMbMpv,44,0,S3UPTS6160730,Y,25887.85677,2328.024982,0.0420663,0.042098944
2638,MpMbMpv,46,0,S3DNTS7160730,Y,39206.58459,2328.024982,0.0420663,0.042098944
2639,Mv,56,0,SC-8B,Y,237453.753,7888.651663,1.430854201,1.431914959
2640,Mv,58,0,siteSC-9A,Y,258694.6456,7888.651663,1.430854201,1.431914959
2641,Mv,59,0,siteSCoutlet170710,Y,263523.1099,7888.651663,1.430854201,1.431914959
2642,Mv,60,0,siteSCoutlet170807,Y,267972.9067,7888.651663,1.430854201,1.431914959
2643,Mv,63,0,siteSC-2B,Y,63330.06746,7888.651663,1.430854201,1.431914959
2644,Mv,67,0,siteSC-3B,Y,80412.83247,7888.651663,1.430854201,1.431914959
2645,Mv,74,0,siteSC-4B,Y,112154.2356,7888.651663,1.430854201,1.431914959
2646,Mv,78,0,siteSC-5B,Y,162850.4689,7888.651663,1.430854201,1.431914959
2647,Mv,79,0,siteSC-6B,Y,194569.6103,7888.651663,1.430854201,1.431914959
2648,Mv,82,0,siteSC-7B,Y,213971.6585,7888.651663,1.430854201,1.431914959
2649,Cx,56,0,SC-8B,Y,237453.753,8627.578498,2.894279425,2.896390364
2650,Cx,58,0,siteSC-9A,Y,258694.6456,8627.578498,2.894279425,2.896390364
2651,Cx,59,0,siteSCoutlet170710,Y,263523.1099,8627.578498,2.894279425,2.896390364
2652,Cx,60,0,siteSCoutlet170807,Y,267972.9067,8627.578498,2.894279425,2.896390364
2653,Cx,63,0,siteSC-2B,Y,63330.06746,8627.578498,2.894279425,2.896390364
2654,Cx,67,0,siteSC-3B,Y,80412.83247,8627.578498,2.894279425,2.896390364
2655,Cx,74,0,siteSC-4B,Y,112154.2356,8627.578498,2.894279425,2.896390364
2656,Cx,78,0,siteSC-5B,Y,162850.4689,8627.578498,2.894279425,2.896390364
2657,Cx,79,0,siteSC-6B,Y,194569.6103,8627.578498,2.894279425,2.896390364
2658,Cx,82,0,siteSC-7B,Y,213971.6585,8627.578498,2.894279425,2.896390364
2659,At,56,0,SC-8B,Y,237453.753,1542.600181,0.088633914,0.088697941
2660,At,58,0,siteSC-9A,Y,258694.6456,1542.600181,0.088633914,0.088697941
2661,At,59,0,siteSCoutlet170710,Y,263523.1099,1542.600181,0.088633914,0.088697941
2662,At,60,0,siteSCoutlet170807,Y,267972.9067,1542.600181,0.088633914,0.088697941
2663,At,63,0,siteSC-2B,Y,63330.06746,1542.600181,0.088633914,0.088697941
2664,At,67,0,siteSC-3B,Y,80412.83247,1542.600181,0.088633914,0.088697941
2665,At,74,0,siteSC-4B,Y,112154.2356,1542.600181,0.088633914,0.088697941
2666,At,78,0,siteSC-5B,Y,162850.4689,1542.600181,0.088633914,0.088697941
2667,At,79,0,siteSC-6B,Y,194569.6103,1542.600181,0.088633914,0.088697941
2668,At,82,0,siteSC-7B,Y,213971.6585,1542.600181,0.088633914,0.088697941
2669,MpMbMpv,56,0,SC-8B,Y,237453.753,22667.45949,9.259747115,9.26711342
2670,MpMbMpv,58,0,siteSC-9A,Y,258694.6456,22667.45949,9.259747115,9.26711342
2671,MpMbMpv,59,0,siteSCoutlet170710,Y,263523.1099,22667.45949,9.259747115,9.26711342
2672,MpMbMpv,60,0,siteSCoutlet170807,Y,267972.9067,22667.45949,9.259747115,9.26711342
2673,MpMbMpv,63,0,siteSC-2B,Y,63330.06746,22667.45949,9.259747115,9.26711342
2674,MpMbMpv,67,0,siteSC-3B,Y,80412.83247,22667.45949,9.259747115,9.26711342
2675,MpMbMpv,74,0,siteSC-4B,Y,112154.2356,22667.45949,9.259747115,9.26711342
2676,MpMbMpv,78,0,siteSC-5B,Y,162850.4689,22667.45949,9.259747115,9.26711342
2677,MpMbMpv,79,0,siteSC-6B,Y,194569.6103,22667.45949,9.259747115,9.26711342
2678,MpMbMpv,82,0,siteSC-7B,Y,213971.6585,22667.45949,9.259747115,9.26711342
2679,Ct,56,0,SC-8B,Y,237453.753,4695.304166,0.487820279,0.4881841
2680,Ct,58,0,siteSC-9A,Y,258694.6456,4695.304166,0.487820279,0.4881841
2681,Ct,59,0,siteSCoutlet170710,Y,263523.1099,4695.304166,0.487820279,0.4881841
2682,Ct,60,0,siteSCoutlet170807,Y,267972.9067,4695.304166,0.487820279,0.4881841
2683,Ct,63,0,siteSC-2B,Y,63330.06746,4695.304166,0.487820279,0.4881841
2684,Ct,67,0,siteSC-3B,Y,80412.83247,4695.304166,0.487820279,0.4881841
2685,Ct,74,0,siteSC-4B,Y,112154.2356,4695.304166,0.487820279,0.4881841
2686,Ct,78,0,siteSC-5B,Y,162850.4689,4695.304166,0.487820279,0.4881841
2687,Ct,79,0,siteSC-6B,Y,194569.6103,4695.304166,0.487820279,0.4881841
2688,Ct,82,0,siteSC-7B,Y,213971.6585,4695.304166,0.487820279,0.4881841
2689,Ct,56,0,SC-8B,Y,237453.753,6874.129211,1.437973594,1.439053885
2690,Ct,58,0,siteSC-9A,Y,258694.6456,6874.129211,1.437973594,1.439053885
2691,Ct,59,0,siteSCoutlet170710,Y,263523.1099,6874.129211,1.437973594,1.439053885
2692,Ct,60,0,siteSCoutlet170807,Y,267972.9067,6874.129211,1.437973594,1.439053885
2693,Ct,63,0,siteSC-2B,Y,63330.06746,6874.129211,1.437973594,1.439053885
2694,Ct,67,0,siteSC-3B,Y,80412.83247,6874.129211,1.437973594,1.439053885
2695,Ct,74,0,siteSC-4B,Y,112154.2356,6874.129211,1.437973594,1.439053885
2696,Ct,78,0,siteSC-5B,Y,162850.4689,6874.129211,1.437973594,1.439053885
2697,Ct,79,0,siteSC-6B,Y,194569.6103,6874.129211,1.437973594,1.439053885
2698,Ct,82,0,siteSC-7B,Y,213971.6585,6874.129211,1.437973594,1.439053885
2699,Ct,56,0,SC-8B,Y,237453.753,2341.154335,0.221361118,0.221513442
2700,Ct,58,0,siteSC-9A,Y,258694.6456,2341.154335,0.221361118,0.221513442
2701,Ct,59,0,siteSCoutlet170710,Y,263523.1099,2341.154335,0.221361118,0.221513442
2702,Ct,60,0,siteSCoutlet170807,Y,267972.9067,2341.154335,0.221361118,0.221513442
2703,Ct,63,0,siteSC-2B,Y,63330.06746,2341.154335,0.221361118,0.221513442
2704,Ct,67,0,siteSC-3B,Y,80412.83247,2341.154335,0.221361118,0.221513442
2705,Ct,74,0,siteSC-4B,Y,112154.2356,2341.154335,0.221361118,0.221513442
2706,Ct,78,0,siteSC-5B,Y,162850.4689,2341.154335,0.221361118,0.221513442
2707,Ct,79,0,siteSC-6B,Y,194569.6103,2341.154335,0.221361118,0.221513442
2708,Ct,82,0,siteSC-7B,Y,213971.6585,2341.154335,0.221361118,0.221513442
2709,Ct,56,0,SC-8B,Y,237453.753,1670.97081,0.115129382,0.115212479
2710,Ct,58,0,siteSC-9A,Y,258694.6456,1670.97081,0.115129382,0.115212479
2711,Ct,59,0,siteSCoutlet170710,Y,263523.1099,1670.97081,0.115129382,0.115212479
2712,Ct,60,0,siteSCoutlet170807,Y,267972.9067,1670.97081,0.115129382,0.115212479
2713,Ct,63,0,siteSC-2B,Y,63330.06746,1670.97081,0.115129382,0.115212479
2714,Ct,67,0,siteSC-3B,Y,80412.83247,1670.97081,0.115129382,0.115212479
2715,Ct,74,0,siteSC-4B,Y,112154.2356,1670.97081,0.115129382,0.115212479
2716,Ct,78,0,siteSC-5B,Y,162850.4689,1670.97081,0.115129382,0.115212479
2717,Ct,79,0,siteSC-6B,Y,194569.6103,1670.97081,0.115129382,0.115212479
2718,Ct,82,0,siteSC-7B,Y,213971.6585,1670.97081,0.115129382,0.115212479
2719,Cv,56,0,SC-8B,Y,237453.753,438.140146,0.003015389,0.003017448
2720,Cv,58,0,siteSC-9A,Y,258694.6456,438.140146,0.003015389,0.003017448
2721,Cv,59,0,siteSCoutlet170710,Y,263523.1099,438.140146,0.003015389,0.003017448
2722,Cv,60,0,siteSCoutlet170807,Y,267972.9067,438.140146,0.003015389,0.003017448
2723,Cv,63,0,siteSC-2B,Y,63330.06746,438.140146,0.003015389,0.003017448
2724,Cv,67,0,siteSC-3B,Y,80412.83247,438.140146,0.003015389,0.003017448
2725,Cv,74,0,siteSC-4B,Y,112154.2356,438.140146,0.003015389,0.003017448
2726,Cv,78,0,siteSC-5B,Y,162850.4689,438.140146,0.003015389,0.003017448
2727,Cv,79,0,siteSC-6B,Y,194569.6103,438.140146,0.003015389,0.003017448
2728,Cv,82,0,siteSC-7B,Y,213971.6585,438.140146,0.003015389,0.003017448
2729,Cv,56,0,SC-8B,Y,237453.753,37756.83913,10.55190284,10.55992865
2730,Cv,58,0,siteSC-9A,Y,258694.6456,37756.83913,10.55190284,10.55992865
2731,Cv,59,0,siteSCoutlet170710,Y,263523.1099,37756.83913,10.55190284,10.55992865
2732,Cv,60,0,siteSCoutlet170807,Y,267972.9067,37756.83913,10.55190284,10.55992865
2733,Cv,63,0,siteSC-2B,Y,63330.06746,37756.83913,10.55190284,10.55992865
2734,Cv,67,0,siteSC-3B,Y,80412.83247,37756.83913,10.55190284,10.55992865
2735,Cv,74,0,siteSC-4B,Y,112154.2356,37756.83913,10.55190284,10.55992865
2736,Cv,78,0,siteSC-5B,Y,162850.4689,37756.83913,10.55190284,10.55992865
2737,Cv,79,0,siteSC-6B,Y,194569.6103,37756.83913,10.55190284,10.55992865
2738,Cv,82,0,siteSC-7B,Y,213971.6585,37756.83913,10.55190284,10.55992865
2739,Cx,56,0,SC-8B,Y,237453.753,3687.723313,0.484924429,0.485260852
2740,Cx,58,0,siteSC-9A,Y,258694.6456,3687.723313,0.484924429,0.485260852
2741,Cx,59,0,siteSCoutlet170710,Y,263523.1099,3687.723313,0.484924429,0.485260852
2742,Cx,60,0,siteSCoutlet170807,Y,267972.9067,3687.723313,0.484924429,0.485260852
2743,Cx,63,0,siteSC-2B,Y,63330.06746,3687.723313,0.484924429,0.485260852
2744,Cx,67,0,siteSC-3B,Y,80412.83247,3687.723313,0.484924429,0.485260852
2745,Cx,74,0,siteSC-4B,Y,112154.2356,3687.723313,0.484924429,0.485260852
2746,Cx,78,0,siteSC-5B,Y,162850.4689,3687.723313,0.484924429,0.485260852
2747,Cx,79,0,siteSC-6B,Y,194569.6103,3687.723313,0.484924429,0.485260852
2748,Cx,82,0,siteSC-7B,Y,213971.6585,3687.723313,0.484924429,0.485260852
2749,R/Cv,56,0,SC-8B,Y,237453.753,8484.731036,0.228766333,0.228968869
2750,R/Cv,58,0,siteSC-9A,Y,258694.6456,8484.731036,0.228766333,0.228968869
2751,R/Cv,59,0,siteSCoutlet170710,Y,263523.1099,8484.731036,0.228766333,0.228968869
2752,R/Cv,60,0,siteSCoutlet170807,Y,267972.9067,8484.731036,0.228766333,0.228968869
2753,R/Cv,63,0,siteSC-2B,Y,63330.06746,8484.731036,0.228766333,0.228968869
2754,R/Cv,67,0,siteSC-3B,Y,80412.83247,8484.731036,0.228766333,0.228968869
2755,R/Cv,74,0,siteSC-4B,Y,112154.2356,8484.731036,0.228766333,0.228968869
2756,R/Cv,78,0,siteSC-5B,Y,162850.4689,8484.731036,0.228766333,0.228968869
2757,R/Cv,79,0,siteSC-6B,Y,194569.6103,8484.731036,0.228766333,0.228968869
2758,R/Cv,82,0,siteSC-7B,Y,213971.6585,8484.731036,0.228766333,0.228968869
2759,Mv,56,0,SC-8B,Y,237453.753,4207.709767,0.63109724,0.631560949
2760,Mv,58,0,siteSC-9A,Y,258694.6456,4207.709767,0.63109724,0.631560949
2761,Mv,59,0,siteSCoutlet170710,Y,263523.1099,4207.709767,0.63109724,0.631560949
2762,Mv,60,0,siteSCoutlet170807,Y,267972.9067,4207.709767,0.63109724,0.631560949
2763,Mv,63,0,siteSC-2B,Y,63330.06746,4207.709767,0.63109724,0.631560949
2764,Mv,67,0,siteSC-3B,Y,80412.83247,4207.709767,0.63109724,0.631560949
2765,Mv,74,0,siteSC-4B,Y,112154.2356,4207.709767,0.63109724,0.631560949
2766,Mv,78,0,siteSC-5B,Y,162850.4689,4207.709767,0.63109724,0.631560949
2767,Mv,79,0,siteSC-6B,Y,194569.6103,4207.709767,0.63109724,0.631560949
2768,Mv,82,0,siteSC-7B,Y,213971.6585,4207.709767,0.63109724,0.631560949
2769,Mv,56,0,SC-8B,Y,237453.753,18829.36211,5.077054582,5.080834469
2770,Mv,58,0,siteSC-9A,Y,258694.6456,18829.36211,5.077054582,5.080834469
2771,Mv,59,0,siteSCoutlet170710,Y,263523.1099,18829.36211,5.077054582,5.080834469
2772,Mv,60,0,siteSCoutlet170807,Y,267972.9067,18829.36211,5.077054582,5.080834469
2773,Mv,64,0,site8,Y,26835.75552,18829.36211,5.077054582,5.080834469
2774,Mv,67,0,siteSC-3B,Y,80412.83247,18829.36211,5.077054582,5.080834469
2775,Mv,74,0,siteSC-4B,Y,112154.2356,18829.36211,5.077054582,5.080834469
2776,Mv,78,0,siteSC-5B,Y,162850.4689,18829.36211,5.077054582,5.080834469
2777,Mv,79,0,siteSC-6B,Y,194569.6103,18829.36211,5.077054582,5.080834469
2778,Mv,82,0,siteSC-7B,Y,213971.6585,18829.36211,5.077054582,5.080834469
2779,Mv,56,0,SC-8B,Y,237453.753,3862.931225,0.577272219,0.577718848
2780,Mv,58,0,siteSC-9A,Y,258694.6456,3862.931225,0.577272219,0.577718848
2781,Mv,59,0,siteSCoutlet170710,Y,263523.1099,3862.931225,0.577272219,0.577718848
2782,Mv,60,0,siteSCoutlet170807,Y,267972.9067,3862.931225,0.577272219,0.577718848
2783,Mv,64,0,site8,Y,26835.75552,3862.931225,0.577272219,0.577718848
2784,Mv,67,0,siteSC-3B,Y,80412.83247,3862.931225,0.577272219,0.577718848
2785,Mv,74,0,siteSC-4B,Y,112154.2356,3862.931225,0.577272219,0.577718848
2786,Mv,78,0,siteSC-5B,Y,162850.4689,3862.931225,0.577272219,0.577718848
2787,Mv,79,0,siteSC-6B,Y,194569.6103,3862.931225,0.577272219,0.577718848
2788,Mv,82,0,siteSC-7B,Y,213971.6585,3862.931225,0.577272219,0.577718848
2789,At,56,0,SC-8B,Y,237453.753,993.474843,0.037517378,0.037544431
2790,At,58,0,siteSC-9A,Y,258694.6456,993.474843,0.037517378,0.037544431
2791,At,59,0,siteSCoutlet170710,Y,263523.1099,993.474843,0.037517378,0.037544431
2792,At,60,0,siteSCoutlet170807,Y,267972.9067,993.474843,0.037517378,0.037544431
2793,At,64,0,site8,Y,26835.75552,993.474843,0.037517378,0.037544431
2794,At,67,0,siteSC-3B,Y,80412.83247,993.474843,0.037517378,0.037544431
2795,At,74,0,siteSC-4B,Y,112154.2356,993.474843,0.037517378,0.037544431
2796,At,78,0,siteSC-5B,Y,162850.4689,993.474843,0.037517378,0.037544431
2797,At,79,0,siteSC-6B,Y,194569.6103,993.474843,0.037517378,0.037544431
2798,At,82,0,siteSC-7B,Y,213971.6585,993.474843,0.037517378,0.037544431
2799,Cv,56,0,SC-8B,Y,237453.753,9337.183497,2.952204987,2.954479456
2800,Cv,58,0,siteSC-9A,Y,258694.6456,9337.183497,2.952204987,2.954479456
2801,Cv,59,0,siteSCoutlet170710,Y,263523.1099,9337.183497,2.952204987,2.954479456
2802,Cv,60,0,siteSCoutlet170807,Y,267972.9067,9337.183497,2.952204987,2.954479456
2803,Cv,64,0,site8,Y,26835.75552,9337.183497,2.952204987,2.954479456
2804,Cv,67,0,siteSC-3B,Y,80412.83247,9337.183497,2.952204987,2.954479456
2805,Cv,74,0,siteSC-4B,Y,112154.2356,9337.183497,2.952204987,2.954479456
2806,Cv,78,0,siteSC-5B,Y,162850.4689,9337.183497,2.952204987,2.954479456
2807,Cv,79,0,siteSC-6B,Y,194569.6103,9337.183497,2.952204987,2.954479456
2808,Cv,82,0,siteSC-7B,Y,213971.6585,9337.183497,2.952204987,2.954479456
2809,Cv,56,0,SC-8B,Y,237453.753,373.2289194,0.006788441,0.006792736
2810,Cv,58,0,siteSC-9A,Y,258694.6456,373.2289194,0.006788441,0.006792736
2811,Cv,59,0,siteSCoutlet170710,Y,263523.1099,373.2289194,0.006788441,0.006792736
2812,Cv,60,0,siteSCoutlet170807,Y,267972.9067,373.2289194,0.006788441,0.006792736
2813,Cv,64,0,site8,Y,26835.75552,373.2289194,0.006788441,0.006792736
2814,Cv,67,0,siteSC-3B,Y,80412.83247,373.2289194,0.006788441,0.006792736
2815,Cv,74,0,siteSC-4B,Y,112154.2356,373.2289194,0.006788441,0.006792736
2816,Cv,78,0,siteSC-5B,Y,162850.4689,373.2289194,0.006788441,0.006792736
2817,Cv,79,0,siteSC-6B,Y,194569.6103,373.2289194,0.006788441,0.006792736
2818,Cv,82,0,siteSC-7B,Y,213971.6585,373.2289194,0.006788441,0.006792736
2819,Cv,56,0,SC-8B,Y,237453.753,404.9555721,0.002885148,0.002887097
2820,Cv,58,0,siteSC-9A,Y,258694.6456,404.9555721,0.002885148,0.002887097
2821,Cv,59,0,siteSCoutlet170710,Y,263523.1099,404.9555721,0.002885148,0.002887097
2822,Cv,60,0,siteSCoutlet170807,Y,267972.9067,404.9555721,0.002885148,0.002887097
2823,Cv,64,0,site8,Y,26835.75552,404.9555721,0.002885148,0.002887097
2824,Cv,67,0,siteSC-3B,Y,80412.83247,404.9555721,0.002885148,0.002887097
2825,Cv,74,0,siteSC-4B,Y,112154.2356,404.9555721,0.002885148,0.002887097
2826,Cv,78,0,siteSC-5B,Y,162850.4689,404.9555721,0.002885148,0.002887097
2827,Cv,79,0,siteSC-6B,Y,194569.6103,404.9555721,0.002885148,0.002887097
2828,Cv,82,0,siteSC-7B,Y,213971.6585,404.9555721,0.002885148,0.002887097
2829,Mv,56,0,SC-8B,Y,237453.753,14664.01794,6.75118734,6.756350023
2830,Mv,58,0,siteSC-9A,Y,258694.6456,14664.01794,6.75118734,6.756350023
2831,Mv,59,0,siteSCoutlet170710,Y,263523.1099,14664.01794,6.75118734,6.756350023
2832,Mv,60,0,siteSCoutlet170807,Y,267972.9067,14664.01794,6.75118734,6.756350023
2833,Mv,66,0,site0,Y,15113.24482,14664.01794,6.75118734,6.756350023
2834,Mv,67,0,siteSC-3B,Y,80412.83247,14664.01794,6.75118734,6.756350023
2835,Mv,74,0,siteSC-4B,Y,112154.2356,14664.01794,6.75118734,6.756350023
2836,Mv,78,0,siteSC-5B,Y,162850.4689,14664.01794,6.75118734,6.756350023
2837,Mv,79,0,siteSC-6B,Y,194569.6103,14664.01794,6.75118734,6.756350023
2838,Mv,82,0,siteSC-7B,Y,213971.6585,14664.01794,6.75118734,6.756350023
2839,MpMbMpv,56,0,SC-8B,Y,237453.753,936.2254978,0.037803604,0.037832522
2840,MpMbMpv,58,0,siteSC-9A,Y,258694.6456,936.2254978,0.037803604,0.037832522
2841,MpMbMpv,59,0,siteSCoutlet170710,Y,263523.1099,936.2254978,0.037803604,0.037832522
2842,MpMbMpv,60,0,siteSCoutlet170807,Y,267972.9067,936.2254978,0.037803604,0.037832522
2843,MpMbMpv,66,0,site0,Y,15113.24482,936.2254978,0.037803604,0.037832522
2844,MpMbMpv,67,0,siteSC-3B,Y,80412.83247,936.2254978,0.037803604,0.037832522
2845,MpMbMpv,74,0,siteSC-4B,Y,112154.2356,936.2254978,0.037803604,0.037832522
2846,MpMbMpv,78,0,siteSC-5B,Y,162850.4689,936.2254978,0.037803604,0.037832522
2847,MpMbMpv,79,0,siteSC-6B,Y,194569.6103,936.2254978,0.037803604,0.037832522
2848,MpMbMpv,82,0,siteSC-7B,Y,213971.6585,936.2254978,0.037803604,0.037832522
2849,At,56,0,SC-8B,Y,237453.753,59.69731326,4.16782E-05,4.16845E-05
2850,MpMbMpv,56,0,SC-8B,Y,237453.753,59.69731326,4.16782E-05,4.16845E-05
2851,At,58,0,siteSC-9A,Y,258694.6456,59.69731326,4.16782E-05,4.16845E-05
2852,MpMbMpv,58,0,siteSC-9A,Y,258694.6456,59.69731326,4.16782E-05,4.16845E-05
2853,At,59,0,siteSCoutlet170710,Y,263523.1099,59.69731326,4.16782E-05,4.16845E-05
2854,MpMbMpv,59,0,siteSCoutlet170710,Y,263523.1099,59.69731326,4.16782E-05,4.16845E-05
2855,At,60,0,siteSCoutlet170807,Y,267972.9067,59.69731326,4.16782E-05,4.16845E-05
2856,MpMbMpv,60,0,siteSCoutlet170807,Y,267972.9067,59.69731326,4.16782E-05,4.16845E-05
2857,At,67,0,siteSC-3B,Y,80412.83247,59.69731326,4.16782E-05,4.16845E-05
2858,MpMbMpv,67,0,siteSC-3B,Y,80412.83247,59.69731326,4.16782E-05,4.16845E-05
2859,At,74,0,siteSC-4B,Y,112154.2356,59.69731326,4.16782E-05,4.16845E-05
2860,MpMbMpv,74,0,siteSC-4B,Y,112154.2356,59.69731326,4.16782E-05,4.16845E-05
2861,At,78,0,siteSC-5B,Y,162850.4689,59.69731326,4.16782E-05,4.16845E-05
2862,MpMbMpv,78,0,siteSC-5B,Y,162850.4689,59.69731326,4.16782E-05,4.16845E-05
2863,At,79,0,siteSC-6B,Y,194569.6103,59.69731326,4.16782E-05,4.16845E-05
2864,MpMbMpv,79,0,siteSC-6B,Y,194569.6103,59.69731326,4.16782E-05,4.16845E-05
2865,At,82,0,siteSC-7B,Y,213971.6585,59.69731326,4.16782E-05,4.16845E-05
2866,MpMbMpv,82,0,siteSC-7B,Y,213971.6585,59.69731326,4.16782E-05,4.16845E-05
2867,Cx,33,0,SEDNTS800150706,Y,16302.02121,835.4594667,0.035795382,0.03582489
2868,Cx,34,0,SEDNTS800150821,Y,16578.11229,835.4594667,0.035795382,0.03582489
2869,Cx,35,0,SEDNTS1000150706,Y,16970.26101,835.4594667,0.035795382,0.03582489
2870,Cx,36,0,SEDNTS1000150821,Y,17106.99654,835.4594667,0.035795382,0.03582489
2871,Cx,37,0,HAUPTS2160617,Y,18863.82625,835.4594667,0.035795382,0.03582489
2872,Cx,38,0,HAUPTS22160726,Y,18972.16236,835.4594667,0.035795382,0.03582489
2873,Cx,40,0,HADNTS3160726,Y,19759.42525,835.4594667,0.035795382,0.03582489
2874,Cx,41,0,S2UPTS4160617,Y,21949.53018,835.4594667,0.035795382,0.03582489
2875,Cx,43,0,S2DNTS5160617,Y,24551.93494,835.4594667,0.035795382,0.03582489
2876,Cx,44,0,S3UPTS6160730,Y,25887.85677,835.4594667,0.035795382,0.03582489
2877,Cx,46,0,S3DNTS7160730,Y,39206.58459,835.4594667,0.035795382,0.03582489
2878,MpMbMpv,33,0,SEDNTS800150706,Y,16302.02121,2692.957974,0.14098194,0.141086412
2879,MpMbMpv,34,0,SEDNTS800150821,Y,16578.11229,2692.957974,0.14098194,0.141086412
2880,MpMbMpv,35,0,SEDNTS1000150706,Y,16970.26101,2692.957974,0.14098194,0.141086412
2881,MpMbMpv,36,0,SEDNTS1000150821,Y,17106.99654,2692.957974,0.14098194,0.141086412
2882,MpMbMpv,37,0,HAUPTS2160617,Y,18863.82625,2692.957974,0.14098194,0.141086412
2883,MpMbMpv,38,0,HAUPTS22160726,Y,18972.16236,2692.957974,0.14098194,0.141086412
2884,MpMbMpv,40,0,HADNTS3160726,Y,19759.42525,2692.957974,0.14098194,0.141086412
2885,MpMbMpv,41,0,S2UPTS4160617,Y,21949.53018,2692.957974,0.14098194,0.141086412
2886,MpMbMpv,43,0,S2DNTS5160617,Y,24551.93494,2692.957974,0.14098194,0.141086412
2887,MpMbMpv,44,0,S3UPTS6160730,Y,25887.85677,2692.957974,0.14098194,0.141086412
2888,MpMbMpv,46,0,S3DNTS7160730,Y,39206.58459,2692.957974,0.14098194,0.141086412
2889,R/Cv,56,0,SC-8B,Y,237453.753,3063.582232,0.254357068,0.254541883
2890,R/Cv,58,0,siteSC-9A,Y,258694.6456,3063.582232,0.254357068,0.254541883
2891,R/Cv,59,0,siteSCoutlet170710,Y,263523.1099,3063.582232,0.254357068,0.254541883
2892,R/Cv,60,0,siteSCoutlet170807,Y,267972.9067,3063.582232,0.254357068,0.254541883
2893,R/Cv,61,0,site3,Y,50419.71437,3063.582232,0.254357068,0.254541883
2894,R/Cv,63,0,siteSC-2B,Y,63330.06746,3063.582232,0.254357068,0.254541883
2895,R/Cv,67,0,siteSC-3B,Y,80412.83247,3063.582232,0.254357068,0.254541883
2896,R/Cv,74,0,siteSC-4B,Y,112154.2356,3063.582232,0.254357068,0.254541883
2897,R/Cv,78,0,siteSC-5B,Y,162850.4689,3063.582232,0.254357068,0.254541883
2898,R/Cv,79,0,siteSC-6B,Y,194569.6103,3063.582232,0.254357068,0.254541883
2899,R/Cv,82,0,siteSC-7B,Y,213971.6585,3063.582232,0.254357068,0.254541883
2900,R/Cv,56,0,SC-8B,Y,237453.753,4349.965478,0.865741469,0.866381093
2901,R/Cv,58,0,siteSC-9A,Y,258694.6456,4349.965478,0.865741469,0.866381093
2902,R/Cv,59,0,siteSCoutlet170710,Y,263523.1099,4349.965478,0.865741469,0.866381093
2903,R/Cv,60,0,siteSCoutlet170807,Y,267972.9067,4349.965478,0.865741469,0.866381093
2904,R/Cv,61,0,site3,Y,50419.71437,4349.965478,0.865741469,0.866381093
2905,R/Cv,63,0,siteSC-2B,Y,63330.06746,4349.965478,0.865741469,0.866381093
2906,R/Cv,67,0,siteSC-3B,Y,80412.83247,4349.965478,0.865741469,0.866381093
2907,R/Cv,74,0,siteSC-4B,Y,112154.2356,4349.965478,0.865741469,0.866381093
2908,R/Cv,78,0,siteSC-5B,Y,162850.4689,4349.965478,0.865741469,0.866381093
2909,R/Cv,79,0,siteSC-6B,Y,194569.6103,4349.965478,0.865741469,0.866381093
2910,R/Cv,82,0,siteSC-7B,Y,213971.6585,4349.965478,0.865741469,0.866381093
2911,MpMbMpv,56,0,SC-8B,Y,237453.753,4319.406127,0.193438166,0.193574617
2912,MpMbMpv,58,0,siteSC-9A,Y,258694.6456,4319.406127,0.193438166,0.193574617
2913,MpMbMpv,59,0,siteSCoutlet170710,Y,263523.1099,4319.406127,0.193438166,0.193574617
2914,MpMbMpv,60,0,siteSCoutlet170807,Y,267972.9067,4319.406127,0.193438166,0.193574617
2915,MpMbMpv,61,0,site3,Y,50419.71437,4319.406127,0.193438166,0.193574617
2916,MpMbMpv,63,0,siteSC-2B,Y,63330.06746,4319.406127,0.193438166,0.193574617
2917,MpMbMpv,67,0,siteSC-3B,Y,80412.83247,4319.406127,0.193438166,0.193574617
2918,MpMbMpv,74,0,siteSC-4B,Y,112154.2356,4319.406127,0.193438166,0.193574617
2919,MpMbMpv,78,0,siteSC-5B,Y,162850.4689,4319.406127,0.193438166,0.193574617
2920,MpMbMpv,79,0,siteSC-6B,Y,194569.6103,4319.406127,0.193438166,0.193574617
2921,MpMbMpv,82,0,siteSC-7B,Y,213971.6585,4319.406127,0.193438166,0.193574617
2922,Ct,56,0,SC-8B,Y,237453.753,6380.636845,0.919220662,0.919848824
2923,Ct,58,0,siteSC-9A,Y,258694.6456,6380.636845,0.919220662,0.919848824
2924,Ct,59,0,siteSCoutlet170710,Y,263523.1099,6380.636845,0.919220662,0.919848824
2925,Ct,60,0,siteSCoutlet170807,Y,267972.9067,6380.636845,0.919220662,0.919848824
2926,Ct,61,0,site3,Y,50419.71437,6380.636845,0.919220662,0.919848824
2927,Ct,63,0,siteSC-2B,Y,63330.06746,6380.636845,0.919220662,0.919848824
2928,Ct,67,0,siteSC-3B,Y,80412.83247,6380.636845,0.919220662,0.919848824
2929,Ct,74,0,siteSC-4B,Y,112154.2356,6380.636845,0.919220662,0.919848824
2930,Ct,78,0,siteSC-5B,Y,162850.4689,6380.636845,0.919220662,0.919848824
2931,Ct,79,0,siteSC-6B,Y,194569.6103,6380.636845,0.919220662,0.919848824
2932,Ct,82,0,siteSC-7B,Y,213971.6585,6380.636845,0.919220662,0.919848824
2933,Cx,56,0,SC-8B,Y,237453.753,624.3563574,0.011032242,0.011039901
2934,Cx,58,0,siteSC-9A,Y,258694.6456,624.3563574,0.011032242,0.011039901
2935,Cx,59,0,siteSCoutlet170710,Y,263523.1099,624.3563574,0.011032242,0.011039901
2936,Cx,60,0,siteSCoutlet170807,Y,267972.9067,624.3563574,0.011032242,0.011039901
2937,Cx,61,0,site3,Y,50419.71437,624.3563574,0.011032242,0.011039901
2938,Cx,63,0,siteSC-2B,Y,63330.06746,624.3563574,0.011032242,0.011039901
2939,Cx,67,0,siteSC-3B,Y,80412.83247,624.3563574,0.011032242,0.011039901
2940,Cx,74,0,siteSC-4B,Y,112154.2356,624.3563574,0.011032242,0.011039901
2941,Cx,78,0,siteSC-5B,Y,162850.4689,624.3563574,0.011032242,0.011039901
2942,Cx,79,0,siteSC-6B,Y,194569.6103,624.3563574,0.011032242,0.011039901
2943,Cx,82,0,siteSC-7B,Y,213971.6585,624.3563574,0.011032242,0.011039901
2944,Ct,56,0,SC-8B,Y,237453.753,2932.053358,0.150159769,0.150270914
2945,Ct,58,0,siteSC-9A,Y,258694.6456,2932.053358,0.150159769,0.150270914
2946,Ct,59,0,siteSCoutlet170710,Y,263523.1099,2932.053358,0.150159769,0.150270914
2947,Ct,60,0,siteSCoutlet170807,Y,267972.9067,2932.053358,0.150159769,0.150270914
2948,Ct,61,0,site3,Y,50419.71437,2932.053358,0.150159769,0.150270914
2949,Ct,63,0,siteSC-2B,Y,63330.06746,2932.053358,0.150159769,0.150270914
2950,Ct,67,0,siteSC-3B,Y,80412.83247,2932.053358,0.150159769,0.150270914
2951,Ct,74,0,siteSC-4B,Y,112154.2356,2932.053358,0.150159769,0.150270914
2952,Ct,78,0,siteSC-5B,Y,162850.4689,2932.053358,0.150159769,0.150270914
2953,Ct,79,0,siteSC-6B,Y,194569.6103,2932.053358,0.150159769,0.150270914
2954,Ct,82,0,siteSC-7B,Y,213971.6585,2932.053358,0.150159769,0.150270914
2955,Ct,56,0,SC-8B,Y,237453.753,2591.107213,0.07506256,0.075110469
2956,Ct,58,0,siteSC-9A,Y,258694.6456,2591.107213,0.07506256,0.075110469
2957,Ct,59,0,siteSCoutlet170710,Y,263523.1099,2591.107213,0.07506256,0.075110469
2958,Ct,60,0,siteSCoutlet170807,Y,267972.9067,2591.107213,0.07506256,0.075110469
2959,Ct,61,0,site3,Y,50419.71437,2591.107213,0.07506256,0.075110469
2960,Ct,63,0,siteSC-2B,Y,63330.06746,2591.107213,0.07506256,0.075110469
2961,Ct,67,0,siteSC-3B,Y,80412.83247,2591.107213,0.07506256,0.075110469
2962,Ct,74,0,siteSC-4B,Y,112154.2356,2591.107213,0.07506256,0.075110469
2963,Ct,78,0,siteSC-5B,Y,162850.4689,2591.107213,0.07506256,0.075110469
2964,Ct,79,0,siteSC-6B,Y,194569.6103,2591.107213,0.07506256,0.075110469
2965,Ct,82,0,siteSC-7B,Y,213971.6585,2591.107213,0.07506256,0.075110469
2966,Cv,56,0,SC-8B,Y,237453.753,38551.42311,13.56035022,13.57034078
2967,Cv,58,0,siteSC-9A,Y,258694.6456,38551.42311,13.56035022,13.57034078
2968,Cv,59,0,siteSCoutlet170710,Y,263523.1099,38551.42311,13.56035022,13.57034078
2969,Cv,60,0,siteSCoutlet170807,Y,267972.9067,38551.42311,13.56035022,13.57034078
2970,Cv,61,0,site3,Y,50419.71437,38551.42311,13.56035022,13.57034078
2971,Cv,63,0,siteSC-2B,Y,63330.06746,38551.42311,13.56035022,13.57034078
2972,Cv,67,0,siteSC-3B,Y,80412.83247,38551.42311,13.56035022,13.57034078
2973,Cv,74,0,siteSC-4B,Y,112154.2356,38551.42311,13.56035022,13.57034078
2974,Cv,78,0,siteSC-5B,Y,162850.4689,38551.42311,13.56035022,13.57034078
2975,Cv,79,0,siteSC-6B,Y,194569.6103,38551.42311,13.56035022,13.57034078
2976,Cv,82,0,siteSC-7B,Y,213971.6585,38551.42311,13.56035022,13.57034078
2977,Cx,56,0,SC-8B,Y,237453.753,91.8578496,0.000468328,0.000468628
2978,Cx,58,0,siteSC-9A,Y,258694.6456,91.8578496,0.000468328,0.000468628
2979,Cx,59,0,siteSCoutlet170710,Y,263523.1099,91.8578496,0.000468328,0.000468628
2980,Cx,60,0,siteSCoutlet170807,Y,267972.9067,91.8578496,0.000468328,0.000468628
2981,Cx,61,0,site3,Y,50419.71437,91.8578496,0.000468328,0.000468628
2982,Cx,63,0,siteSC-2B,Y,63330.06746,91.8578496,0.000468328,0.000468628
2983,Cx,67,0,siteSC-3B,Y,80412.83247,91.8578496,0.000468328,0.000468628
2984,Cx,74,0,siteSC-4B,Y,112154.2356,91.8578496,0.000468328,0.000468628
2985,Cx,78,0,siteSC-5B,Y,162850.4689,91.8578496,0.000468328,0.000468628
2986,Cx,79,0,siteSC-6B,Y,194569.6103,91.8578496,0.000468328,0.000468628
2987,Cx,82,0,siteSC-7B,Y,213971.6585,91.8578496,0.000468328,0.000468628
2988,Cx,56,0,SC-8B,Y,237453.753,56716.63087,24.09496984,24.11408818
2989,Cx,58,0,siteSC-9A,Y,258694.6456,56716.63087,24.09496984,24.11408818
2990,Cx,59,0,siteSCoutlet170710,Y,263523.1099,56716.63087,24.09496984,24.11408818
2991,Cx,60,0,siteSCoutlet170807,Y,267972.9067,56716.63087,24.09496984,24.11408818
2992,Cx,61,0,site3,Y,50419.71437,56716.63087,24.09496984,24.11408818
2993,Cx,63,0,siteSC-2B,Y,63330.06746,56716.63087,24.09496984,24.11408818
2994,Cx,67,0,siteSC-3B,Y,80412.83247,56716.63087,24.09496984,24.11408818
2995,Cx,74,0,siteSC-4B,Y,112154.2356,56716.63087,24.09496984,24.11408818
2996,Cx,78,0,siteSC-5B,Y,162850.4689,56716.63087,24.09496984,24.11408818
2997,Cx,79,0,siteSC-6B,Y,194569.6103,56716.63087,24.09496984,24.11408818
2998,Cx,82,0,siteSC-7B,Y,213971.6585,56716.63087,24.09496984,24.11408818
2999,R/Cv,56,0,SC-8B,Y,237453.753,42216.21558,17.49573716,17.50930994
3000,R/Cv,58,0,siteSC-9A,Y,258694.6456,42216.21558,17.49573716,17.50930994
3001,R/Cv,59,0,siteSCoutlet170710,Y,263523.1099,42216.21558,17.49573716,17.50930994
3002,R/Cv,60,0,siteSCoutlet170807,Y,267972.9067,42216.21558,17.49573716,17.50930994
3003,R/Cv,61,0,site3,Y,50419.71437,42216.21558,17.49573716,17.50930994
3004,R/Cv,63,0,siteSC-2B,Y,63330.06746,42216.21558,17.49573716,17.50930994
3005,R/Cv,67,0,siteSC-3B,Y,80412.83247,42216.21558,17.49573716,17.50930994
3006,R/Cv,74,0,siteSC-4B,Y,112154.2356,42216.21558,17.49573716,17.50930994
3007,R/Cv,78,0,siteSC-5B,Y,162850.4689,42216.21558,17.49573716,17.50930994
3008,R/Cv,79,0,siteSC-6B,Y,194569.6103,42216.21558,17.49573716,17.50930994
3009,R/Cv,82,0,siteSC-7B,Y,213971.6585,42216.21558,17.49573716,17.50930994
3010,Ct,56,0,SC-8B,Y,237453.753,2488.87852,0.314439008,0.314657232
3011,Ct,58,0,siteSC-9A,Y,258694.6456,2488.87852,0.314439008,0.314657232
3012,Ct,59,0,siteSCoutlet170710,Y,263523.1099,2488.87852,0.314439008,0.314657232
3013,Ct,60,0,siteSCoutlet170807,Y,267972.9067,2488.87852,0.314439008,0.314657232
3014,Ct,62,0,siteSC-1A,Y,29007.82242,2488.87852,0.314439008,0.314657232
3015,Ct,63,0,siteSC-2B,Y,63330.06746,2488.87852,0.314439008,0.314657232
3016,Ct,67,0,siteSC-3B,Y,80412.83247,2488.87852,0.314439008,0.314657232
3017,Ct,74,0,siteSC-4B,Y,112154.2356,2488.87852,0.314439008,0.314657232
3018,Ct,78,0,siteSC-5B,Y,162850.4689,2488.87852,0.314439008,0.314657232
3019,Ct,79,0,siteSC-6B,Y,194569.6103,2488.87852,0.314439008,0.314657232
3020,Ct,82,0,siteSC-7B,Y,213971.6585,2488.87852,0.314439008,0.314657232
3021,Ct,56,0,SC-8B,Y,237453.753,6067.094648,0.815399458,0.816017832
3022,Ct,58,0,siteSC-9A,Y,258694.6456,6067.094648,0.815399458,0.816017832
3023,Ct,59,0,siteSCoutlet170710,Y,263523.1099,6067.094648,0.815399458,0.816017832
3024,Ct,60,0,siteSCoutlet170807,Y,267972.9067,6067.094648,0.815399458,0.816017832
3025,Ct,62,0,siteSC-1A,Y,29007.82242,6067.094648,0.815399458,0.816017832
3026,Ct,63,0,siteSC-2B,Y,63330.06746,6067.094648,0.815399458,0.816017832
3027,Ct,67,0,siteSC-3B,Y,80412.83247,6067.094648,0.815399458,0.816017832
3028,Ct,74,0,siteSC-4B,Y,112154.2356,6067.094648,0.815399458,0.816017832
3029,Ct,78,0,siteSC-5B,Y,162850.4689,6067.094648,0.815399458,0.816017832
3030,Ct,79,0,siteSC-6B,Y,194569.6103,6067.094648,0.815399458,0.816017832
3031,Ct,82,0,siteSC-7B,Y,213971.6585,6067.094648,0.815399458,0.816017832
3032,MpMbMpv,56,0,SC-8B,Y,237453.753,1493.979953,0.058065981,0.058110263
3033,MpMbMpv,58,0,siteSC-9A,Y,258694.6456,1493.979953,0.058065981,0.058110263
3034,MpMbMpv,59,0,siteSCoutlet170710,Y,263523.1099,1493.979953,0.058065981,0.058110263
3035,MpMbMpv,60,0,siteSCoutlet170807,Y,267972.9067,1493.979953,0.058065981,0.058110263
3036,MpMbMpv,62,0,siteSC-1A,Y,29007.82242,1493.979953,0.058065981,0.058110263
3037,MpMbMpv,63,0,siteSC-2B,Y,63330.06746,1493.979953,0.058065981,0.058110263
3038,MpMbMpv,67,0,siteSC-3B,Y,80412.83247,1493.979953,0.058065981,0.058110263
3039,MpMbMpv,74,0,siteSC-4B,Y,112154.2356,1493.979953,0.058065981,0.058110263
3040,MpMbMpv,78,0,siteSC-5B,Y,162850.4689,1493.979953,0.058065981,0.058110263
3041,MpMbMpv,79,0,siteSC-6B,Y,194569.6103,1493.979953,0.058065981,0.058110263
3042,MpMbMpv,82,0,siteSC-7B,Y,213971.6585,1493.979953,0.058065981,0.058110263
3043,Ct,56,0,SC-8B,Y,237453.753,6519.699296,0.891212841,0.891872882
3044,Ct,58,0,siteSC-9A,Y,258694.6456,6519.699296,0.891212841,0.891872882
3045,Ct,59,0,siteSCoutlet170710,Y,263523.1099,6519.699296,0.891212841,0.891872882
3046,Ct,60,0,siteSCoutlet170807,Y,267972.9067,6519.699296,0.891212841,0.891872882
3047,Ct,62,0,siteSC-1A,Y,29007.82242,6519.699296,0.891212841,0.891872882
3048,Ct,63,0,siteSC-2B,Y,63330.06746,6519.699296,0.891212841,0.891872882
3049,Ct,67,0,siteSC-3B,Y,80412.83247,6519.699296,0.891212841,0.891872882
3050,Ct,74,0,siteSC-4B,Y,112154.2356,6519.699296,0.891212841,0.891872882
3051,Ct,78,0,siteSC-5B,Y,162850.4689,6519.699296,0.891212841,0.891872882
3052,Ct,79,0,siteSC-6B,Y,194569.6103,6519.699296,0.891212841,0.891872882
3053,Ct,82,0,siteSC-7B,Y,213971.6585,6519.699296,0.891212841,0.891872882
3054,Ct,56,0,SC-8B,Y,237453.753,477.8253807,0.002371181,0.002367882
3055,Ct,58,0,siteSC-9A,Y,258694.6456,477.8253807,0.002371181,0.002367882
3056,Ct,59,0,siteSCoutlet170710,Y,263523.1099,477.8253807,0.002371181,0.002367882
3057,Ct,60,0,siteSCoutlet170807,Y,267972.9067,477.8253807,0.002371181,0.002367882
3058,Ct,62,0,siteSC-1A,Y,29007.82242,477.8253807,0.002371181,0.002367882
3059,Ct,63,0,siteSC-2B,Y,63330.06746,477.8253807,0.002371181,0.002367882
3060,Ct,67,0,siteSC-3B,Y,80412.83247,477.8253807,0.002371181,0.002367882
3061,Ct,74,0,siteSC-4B,Y,112154.2356,477.8253807,0.002371181,0.002367882
3062,Ct,78,0,siteSC-5B,Y,162850.4689,477.8253807,0.002371181,0.002367882
3063,Ct,79,0,siteSC-6B,Y,194569.6103,477.8253807,0.002371181,0.002367882
3064,Ct,82,0,siteSC-7B,Y,213971.6585,477.8253807,0.002371181,0.002367882
3065,Cx,56,0,SC-8B,Y,237453.753,16963.91782,3.272369017,3.274776264
3066,Cx,58,0,siteSC-9A,Y,258694.6456,16963.91782,3.272369017,3.274776264
3067,Cx,59,0,siteSCoutlet170710,Y,263523.1099,16963.91782,3.272369017,3.274776264
3068,Cx,60,0,siteSCoutlet170807,Y,267972.9067,16963.91782,3.272369017,3.274776264
3069,Cx,62,0,siteSC-1A,Y,29007.82242,16963.91782,3.272369017,3.274776264
3070,Cx,63,0,siteSC-2B,Y,63330.06746,16963.91782,3.272369017,3.274776264
3071,Cx,67,0,siteSC-3B,Y,80412.83247,16963.91782,3.272369017,3.274776264
3072,Cx,74,0,siteSC-4B,Y,112154.2356,16963.91782,3.272369017,3.274776264
3073,Cx,78,0,siteSC-5B,Y,162850.4689,16963.91782,3.272369017,3.274776264
3074,Cx,79,0,siteSC-6B,Y,194569.6103,16963.91782,3.272369017,3.274776264
3075,Cx,82,0,siteSC-7B,Y,213971.6585,16963.91782,3.272369017,3.274776264
3076,R/Cv,56,0,SC-8B,Y,237453.753,45423.66885,13.21757508,13.22814382
3077,R/Cv,58,0,siteSC-9A,Y,258694.6456,45423.66885,13.21757508,13.22814382
3078,R/Cv,59,0,siteSCoutlet170710,Y,263523.1099,45423.66885,13.21757508,13.22814382
3079,R/Cv,60,0,siteSCoutlet170807,Y,267972.9067,45423.66885,13.21757508,13.22814382
3080,R/Cv,62,0,siteSC-1A,Y,29007.82242,45423.66885,13.21757508,13.22814382
3081,R/Cv,63,0,siteSC-2B,Y,63330.06746,45423.66885,13.21757508,13.22814382
3082,R/Cv,67,0,siteSC-3B,Y,80412.83247,45423.66885,13.21757508,13.22814382
3083,R/Cv,74,0,siteSC-4B,Y,112154.2356,45423.66885,13.21757508,13.22814382
3084,R/Cv,78,0,siteSC-5B,Y,162850.4689,45423.66885,13.21757508,13.22814382
3085,R/Cv,79,0,siteSC-6B,Y,194569.6103,45423.66885,13.21757508,13.22814382
3086,R/Cv,82,0,siteSC-7B,Y,213971.6585,45423.66885,13.21757508,13.22814382
3087,Mv,56,0,SC-8B,Y,237453.753,3916.253754,0.412425448,0.412727992
3088,Mv,58,0,siteSC-9A,Y,258694.6456,3916.253754,0.412425448,0.412727992
3089,Mv,59,0,siteSCoutlet170710,Y,263523.1099,3916.253754,0.412425448,0.412727992
3090,Mv,60,0,siteSCoutlet170807,Y,267972.9067,3916.253754,0.412425448,0.412727992
3091,Mv,62,0,siteSC-1A,Y,29007.82242,3916.253754,0.412425448,0.412727992
3092,Mv,63,0,siteSC-2B,Y,63330.06746,3916.253754,0.412425448,0.412727992
3093,Mv,67,0,siteSC-3B,Y,80412.83247,3916.253754,0.412425448,0.412727992
3094,Mv,74,0,siteSC-4B,Y,112154.2356,3916.253754,0.412425448,0.412727992
3095,Mv,78,0,siteSC-5B,Y,162850.4689,3916.253754,0.412425448,0.412727992
3096,Mv,79,0,siteSC-6B,Y,194569.6103,3916.253754,0.412425448,0.412727992
3097,Mv,82,0,siteSC-7B,Y,213971.6585,3916.253754,0.412425448,0.412727992
3098,Cx,32,0,SEDNTS600150821,Y,15902.13233,131.2731722,0.000502586,0.000502986
3099,Cx,33,0,SEDNTS800150706,Y,16302.02121,131.2731722,0.000502586,0.000502986
3100,Cx,34,0,SEDNTS800150821,Y,16578.11229,131.2731722,0.000502586,0.000502986
3101,Cx,35,0,SEDNTS1000150706,Y,16970.26101,131.2731722,0.000502586,0.000502986
3102,Cx,36,0,SEDNTS1000150821,Y,17106.99654,131.2731722,0.000502586,0.000502986
3103,Cx,37,0,HAUPTS2160617,Y,18863.82625,131.2731722,0.000502586,0.000502986
3104,Cx,38,0,HAUPTS22160726,Y,18972.16236,131.2731722,0.000502586,0.000502986
3105,Cx,40,0,HADNTS3160726,Y,19759.42525,131.2731722,0.000502586,0.000502986
3106,Cx,41,0,S2UPTS4160617,Y,21949.53018,131.2731722,0.000502586,0.000502986
3107,Cx,43,0,S2DNTS5160617,Y,24551.93494,131.2731722,0.000502586,0.000502986
3108,Cx,44,0,S3UPTS6160730,Y,25887.85677,131.2731722,0.000502586,0.000502986
3109,Cx,46,0,S3DNTS7160730,Y,39206.58459,131.2731722,0.000502586,0.000502986
3110,MpMbMpv,32,0,SEDNTS600150821,Y,15902.13233,1769.106517,0.017952295,0.017966187
3111,MpMbMpv,33,0,SEDNTS800150706,Y,16302.02121,1769.106517,0.017952295,0.017966187
3112,MpMbMpv,34,0,SEDNTS800150821,Y,16578.11229,1769.106517,0.017952295,0.017966187
3113,MpMbMpv,35,0,SEDNTS1000150706,Y,16970.26101,1769.106517,0.017952295,0.017966187
3114,MpMbMpv,36,0,SEDNTS1000150821,Y,17106.99654,1769.106517,0.017952295,0.017966187
3115,MpMbMpv,37,0,HAUPTS2160617,Y,18863.82625,1769.106517,0.017952295,0.017966187
3116,MpMbMpv,38,0,HAUPTS22160726,Y,18972.16236,1769.106517,0.017952295,0.017966187
3117,MpMbMpv,40,0,HADNTS3160726,Y,19759.42525,1769.106517,0.017952295,0.017966187
3118,MpMbMpv,41,0,S2UPTS4160617,Y,21949.53018,1769.106517,0.017952295,0.017966187
3119,MpMbMpv,43,0,S2DNTS5160617,Y,24551.93494,1769.106517,0.017952295,0.017966187
3120,MpMbMpv,44,0,S3UPTS6160730,Y,25887.85677,1769.106517,0.017952295,0.017966187
3121,MpMbMpv,46,0,S3DNTS7160730,Y,39206.58459,1769.106517,0.017952295,0.017966187
3122,Cv,56,0,SC-8B,Y,237453.753,2987.017593,0.50749441,0.507849681
3123,Cx,56,0,SC-8B,Y,237453.753,2987.017593,0.50749441,0.507849681
3124,Cv,58,0,siteSC-9A,Y,258694.6456,2987.017593,0.50749441,0.507849681
3125,Cx,58,0,siteSC-9A,Y,258694.6456,2987.017593,0.50749441,0.507849681
3126,Cv,59,0,siteSCoutlet170710,Y,263523.1099,2987.017593,0.50749441,0.507849681
3127,Cx,59,0,siteSCoutlet170710,Y,263523.1099,2987.017593,0.50749441,0.507849681
3128,Cv,60,0,siteSCoutlet170807,Y,267972.9067,2987.017593,0.50749441,0.507849681
3129,Cx,60,0,siteSCoutlet170807,Y,267972.9067,2987.017593,0.50749441,0.507849681
3130,Cv,61,0,site3,Y,50419.71437,2987.017593,0.50749441,0.507849681
3131,Cx,61,0,site3,Y,50419.71437,2987.017593,0.50749441,0.507849681
3132,Cv,63,0,siteSC-2B,Y,63330.06746,2987.017593,0.50749441,0.507849681
3133,Cx,63,0,siteSC-2B,Y,63330.06746,2987.017593,0.50749441,0.507849681
3134,Cv,67,0,siteSC-3B,Y,80412.83247,2987.017593,0.50749441,0.507849681
3135,Cx,67,0,siteSC-3B,Y,80412.83247,2987.017593,0.50749441,0.507849681
3136,Cv,74,0,siteSC-4B,Y,112154.2356,2987.017593,0.50749441,0.507849681
3137,Cx,74,0,siteSC-4B,Y,112154.2356,2987.017593,0.50749441,0.507849681
3138,Cv,78,0,siteSC-5B,Y,162850.4689,2987.017593,0.50749441,0.507849681
3139,Cx,78,0,siteSC-5B,Y,162850.4689,2987.017593,0.50749441,0.507849681
3140,Cv,79,0,siteSC-6B,Y,194569.6103,2987.017593,0.50749441,0.507849681
3141,Cx,79,0,siteSC-6B,Y,194569.6103,2987.017593,0.50749441,0.507849681
3142,Cv,82,0,siteSC-7B,Y,213971.6585,2987.017593,0.50749441,0.507849681
3143,Cx,82,0,siteSC-7B,Y,213971.6585,2987.017593,0.50749441,0.507849681
3144,R/Cv,56,0,SC-8B,Y,237453.753,1603.105278,0.139981614,0.140081371
3145,R/Cv,56,0,SC-8B,Y,237453.753,1603.105278,0.139981614,0.140081371
3146,R/Cv,58,0,siteSC-9A,Y,258694.6456,1603.105278,0.139981614,0.140081371
3147,R/Cv,58,0,siteSC-9A,Y,258694.6456,1603.105278,0.139981614,0.140081371
3148,R/Cv,59,0,siteSCoutlet170710,Y,263523.1099,1603.105278,0.139981614,0.140081371
3149,R/Cv,59,0,siteSCoutlet170710,Y,263523.1099,1603.105278,0.139981614,0.140081371
3150,R/Cv,60,0,siteSCoutlet170807,Y,267972.9067,1603.105278,0.139981614,0.140081371
3151,R/Cv,60,0,siteSCoutlet170807,Y,267972.9067,1603.105278,0.139981614,0.140081371
3152,R/Cv,61,0,site3,Y,50419.71437,1603.105278,0.139981614,0.140081371
3153,R/Cv,61,0,site3,Y,50419.71437,1603.105278,0.139981614,0.140081371
3154,R/Cv,63,0,siteSC-2B,Y,63330.06746,1603.105278,0.139981614,0.140081371
3155,R/Cv,63,0,siteSC-2B,Y,63330.06746,1603.105278,0.139981614,0.140081371
3156,R/Cv,67,0,siteSC-3B,Y,80412.83247,1603.105278,0.139981614,0.140081371
3157,R/Cv,67,0,siteSC-3B,Y,80412.83247,1603.105278,0.139981614,0.140081371
3158,R/Cv,74,0,siteSC-4B,Y,112154.2356,1603.105278,0.139981614,0.140081371
3159,R/Cv,74,0,siteSC-4B,Y,112154.2356,1603.105278,0.139981614,0.140081371
3160,R/Cv,78,0,siteSC-5B,Y,162850.4689,1603.105278,0.139981614,0.140081371
3161,R/Cv,78,0,siteSC-5B,Y,162850.4689,1603.105278,0.139981614,0.140081371
3162,R/Cv,79,0,siteSC-6B,Y,194569.6103,1603.105278,0.139981614,0.140081371
3163,R/Cv,79,0,siteSC-6B,Y,194569.6103,1603.105278,0.139981614,0.140081371
3164,R/Cv,82,0,siteSC-7B,Y,213971.6585,1603.105278,0.139981614,0.140081371
3165,R/Cv,82,0,siteSC-7B,Y,213971.6585,1603.105278,0.139981614,0.140081371
3166,R/Cv,56,0,SC-8B,Y,237453.753,2046.47035,0.043769297,0.043805065
3167,R/Cv,56,0,SC-8B,Y,237453.753,2046.47035,0.043769297,0.043805065
3168,R/Cv,58,0,siteSC-9A,Y,258694.6456,2046.47035,0.043769297,0.043805065
3169,R/Cv,58,0,siteSC-9A,Y,258694.6456,2046.47035,0.043769297,0.043805065
3170,R/Cv,59,0,siteSCoutlet170710,Y,263523.1099,2046.47035,0.043769297,0.043805065
3171,R/Cv,59,0,siteSCoutlet170710,Y,263523.1099,2046.47035,0.043769297,0.043805065
3172,R/Cv,60,0,siteSCoutlet170807,Y,267972.9067,2046.47035,0.043769297,0.043805065
3173,R/Cv,60,0,siteSCoutlet170807,Y,267972.9067,2046.47035,0.043769297,0.043805065
3174,R/Cv,61,0,site3,Y,50419.71437,2046.47035,0.043769297,0.043805065
3175,R/Cv,61,0,site3,Y,50419.71437,2046.47035,0.043769297,0.043805065
3176,R/Cv,63,0,siteSC-2B,Y,63330.06746,2046.47035,0.043769297,0.043805065
3177,R/Cv,63,0,siteSC-2B,Y,63330.06746,2046.47035,0.043769297,0.043805065
3178,R/Cv,67,0,siteSC-3B,Y,80412.83247,2046.47035,0.043769297,0.043805065
3179,R/Cv,67,0,siteSC-3B,Y,80412.83247,2046.47035,0.043769297,0.043805065
3180,R/Cv,74,0,siteSC-4B,Y,112154.2356,2046.47035,0.043769297,0.043805065
3181,R/Cv,74,0,siteSC-4B,Y,112154.2356,2046.47035,0.043769297,0.043805065
3182,R/Cv,78,0,siteSC-5B,Y,162850.4689,2046.47035,0.043769297,0.043805065
3183,R/Cv,78,0,siteSC-5B,Y,162850.4689,2046.47035,0.043769297,0.043805065
3184,R/Cv,79,0,siteSC-6B,Y,194569.6103,2046.47035,0.043769297,0.043805065
3185,R/Cv,79,0,siteSC-6B,Y,194569.6103,2046.47035,0.043769297,0.043805065
3186,R/Cv,82,0,siteSC-7B,Y,213971.6585,2046.47035,0.043769297,0.043805065
3187,R/Cv,82,0,siteSC-7B,Y,213971.6585,2046.47035,0.043769297,0.043805065
3188,R/Cv,56,0,SC-8B,Y,237453.753,9907.544678,3.095236389,3.097537438
3189,R/Cv,56,0,SC-8B,Y,237453.753,9907.544678,3.095236389,3.097537438
3190,R/Cv,58,0,siteSC-9A,Y,258694.6456,9907.544678,3.095236389,3.097537438
3191,R/Cv,58,0,siteSC-9A,Y,258694.6456,9907.544678,3.095236389,3.097537438
3192,R/Cv,59,0,siteSCoutlet170710,Y,263523.1099,9907.544678,3.095236389,3.097537438
3193,R/Cv,59,0,siteSCoutlet170710,Y,263523.1099,9907.544678,3.095236389,3.097537438
3194,R/Cv,60,0,siteSCoutlet170807,Y,267972.9067,9907.544678,3.095236389,3.097537438
3195,R/Cv,60,0,siteSCoutlet170807,Y,267972.9067,9907.544678,3.095236389,3.097537438
3196,R/Cv,61,0,site3,Y,50419.71437,9907.544678,3.095236389,3.097537438
3197,R/Cv,61,0,site3,Y,50419.71437,9907.544678,3.095236389,3.097537438
3198,R/Cv,63,0,siteSC-2B,Y,63330.06746,9907.544678,3.095236389,3.097537438
3199,R/Cv,63,0,siteSC-2B,Y,63330.06746,9907.544678,3.095236389,3.097537438
3200,R/Cv,67,0,siteSC-3B,Y,80412.83247,9907.544678,3.095236389,3.097537438
3201,R/Cv,67,0,siteSC-3B,Y,80412.83247,9907.544678,3.095236389,3.097537438
3202,R/Cv,74,0,siteSC-4B,Y,112154.2356,9907.544678,3.095236389,3.097537438
3203,R/Cv,74,0,siteSC-4B,Y,112154.2356,9907.544678,3.095236389,3.097537438
3204,R/Cv,78,0,siteSC-5B,Y,162850.4689,9907.544678,3.095236389,3.097537438
3205,R/Cv,78,0,siteSC-5B,Y,162850.4689,9907.544678,3.095236389,3.097537438
3206,R/Cv,79,0,siteSC-6B,Y,194569.6103,9907.544678,3.095236389,3.097537438
3207,R/Cv,79,0,siteSC-6B,Y,194569.6103,9907.544678,3.095236389,3.097537438
3208,R/Cv,82,0,siteSC-7B,Y,213971.6585,9907.544678,3.095236389,3.097537438
3209,R/Cv,82,0,siteSC-7B,Y,213971.6585,9907.544678,3.095236389,3.097537438
3210,R/Cv,56,0,SC-8B,Y,237453.753,693.7238376,0.011495268,0.011501278
3211,R/Cv,56,0,SC-8B,Y,237453.753,693.7238376,0.011495268,0.011501278
3212,R/Cv,58,0,siteSC-9A,Y,258694.6456,693.7238376,0.011495268,0.011501278
3213,R/Cv,58,0,siteSC-9A,Y,258694.6456,693.7238376,0.011495268,0.011501278
3214,R/Cv,59,0,siteSCoutlet170710,Y,263523.1099,693.7238376,0.011495268,0.011501278
3215,R/Cv,59,0,siteSCoutlet170710,Y,263523.1099,693.7238376,0.011495268,0.011501278
3216,R/Cv,60,0,siteSCoutlet170807,Y,267972.9067,693.7238376,0.011495268,0.011501278
3217,R/Cv,60,0,siteSCoutlet170807,Y,267972.9067,693.7238376,0.011495268,0.011501278
3218,R/Cv,62,0,siteSC-1A,Y,29007.82242,693.7238376,0.011495268,0.011501278
3219,R/Cv,62,0,siteSC-1A,Y,29007.82242,693.7238376,0.011495268,0.011501278
3220,R/Cv,63,0,siteSC-2B,Y,63330.06746,693.7238376,0.011495268,0.011501278
3221,R/Cv,63,0,siteSC-2B,Y,63330.06746,693.7238376,0.011495268,0.011501278
3222,R/Cv,67,0,siteSC-3B,Y,80412.83247,693.7238376,0.011495268,0.011501278
3223,R/Cv,67,0,siteSC-3B,Y,80412.83247,693.7238376,0.011495268,0.011501278
3224,R/Cv,74,0,siteSC-4B,Y,112154.2356,693.7238376,0.011495268,0.011501278
3225,R/Cv,74,0,siteSC-4B,Y,112154.2356,693.7238376,0.011495268,0.011501278
3226,R/Cv,78,0,siteSC-5B,Y,162850.4689,693.7238376,0.011495268,0.011501278
3227,R/Cv,78,0,siteSC-5B,Y,162850.4689,693.7238376,0.011495268,0.011501278
3228,R/Cv,79,0,siteSC-6B,Y,194569.6103,693.7238376,0.011495268,0.011501278
3229,R/Cv,79,0,siteSC-6B,Y,194569.6103,693.7238376,0.011495268,0.011501278
3230,R/Cv,82,0,siteSC-7B,Y,213971.6585,693.7238376,0.011495268,0.011501278
3231,R/Cv,82,0,siteSC-7B,Y,213971.6585,693.7238376,0.011495268,0.011501278
3232,R/Cv,56,0,SC-8B,Y,237453.753,1718.974184,0.100030579,0.100103797
3233,R/Cv,56,0,SC-8B,Y,237453.753,1718.974184,0.100030579,0.100103797
3234,R/Cv,58,0,siteSC-9A,Y,258694.6456,1718.974184,0.100030579,0.100103797
3235,R/Cv,58,0,siteSC-9A,Y,258694.6456,1718.974184,0.100030579,0.100103797
3236,R/Cv,59,0,siteSCoutlet170710,Y,263523.1099,1718.974184,0.100030579,0.100103797
3237,R/Cv,59,0,siteSCoutlet170710,Y,263523.1099,1718.974184,0.100030579,0.100103797
3238,R/Cv,60,0,siteSCoutlet170807,Y,267972.9067,1718.974184,0.100030579,0.100103797
3239,R/Cv,60,0,siteSCoutlet170807,Y,267972.9067,1718.974184,0.100030579,0.100103797
3240,R/Cv,62,0,siteSC-1A,Y,29007.82242,1718.974184,0.100030579,0.100103797
3241,R/Cv,62,0,siteSC-1A,Y,29007.82242,1718.974184,0.100030579,0.100103797
3242,R/Cv,63,0,siteSC-2B,Y,63330.06746,1718.974184,0.100030579,0.100103797
3243,R/Cv,63,0,siteSC-2B,Y,63330.06746,1718.974184,0.100030579,0.100103797
3244,R/Cv,67,0,siteSC-3B,Y,80412.83247,1718.974184,0.100030579,0.100103797
3245,R/Cv,67,0,siteSC-3B,Y,80412.83247,1718.974184,0.100030579,0.100103797
3246,R/Cv,74,0,siteSC-4B,Y,112154.2356,1718.974184,0.100030579,0.100103797
3247,R/Cv,74,0,siteSC-4B,Y,112154.2356,1718.974184,0.100030579,0.100103797
3248,R/Cv,78,0,siteSC-5B,Y,162850.4689,1718.974184,0.100030579,0.100103797
3249,R/Cv,78,0,siteSC-5B,Y,162850.4689,1718.974184,0.100030579,0.100103797
3250,R/Cv,79,0,siteSC-6B,Y,194569.6103,1718.974184,0.100030579,0.100103797
3251,R/Cv,79,0,siteSC-6B,Y,194569.6103,1718.974184,0.100030579,0.100103797
3252,R/Cv,82,0,siteSC-7B,Y,213971.6585,1718.974184,0.100030579,0.100103797
3253,R/Cv,82,0,siteSC-7B,Y,213971.6585,1718.974184,0.100030579,0.100103797
3254,R/Cv,56,0,SC-8B,Y,237453.753,392.7305044,0.00352453,0.003527216
3255,R/Cv,56,0,SC-8B,Y,237453.753,392.7305044,0.00352453,0.003527216
3256,R/Cv,58,0,siteSC-9A,Y,258694.6456,392.7305044,0.00352453,0.003527216
3257,R/Cv,58,0,siteSC-9A,Y,258694.6456,392.7305044,0.00352453,0.003527216
3258,R/Cv,59,0,siteSCoutlet170710,Y,263523.1099,392.7305044,0.00352453,0.003527216
3259,R/Cv,59,0,siteSCoutlet170710,Y,263523.1099,392.7305044,0.00352453,0.003527216
3260,R/Cv,60,0,siteSCoutlet170807,Y,267972.9067,392.7305044,0.00352453,0.003527216
3261,R/Cv,60,0,siteSCoutlet170807,Y,267972.9067,392.7305044,0.00352453,0.003527216
3262,R/Cv,62,0,siteSC-1A,Y,29007.82242,392.7305044,0.00352453,0.003527216
3263,R/Cv,62,0,siteSC-1A,Y,29007.82242,392.7305044,0.00352453,0.003527216
3264,R/Cv,63,0,siteSC-2B,Y,63330.06746,392.7305044,0.00352453,0.003527216
3265,R/Cv,63,0,siteSC-2B,Y,63330.06746,392.7305044,0.00352453,0.003527216
3266,R/Cv,67,0,siteSC-3B,Y,80412.83247,392.7305044,0.00352453,0.003527216
3267,R/Cv,67,0,siteSC-3B,Y,80412.83247,392.7305044,0.00352453,0.003527216
3268,R/Cv,74,0,siteSC-4B,Y,112154.2356,392.7305044,0.00352453,0.003527216
3269,R/Cv,74,0,siteSC-4B,Y,112154.2356,392.7305044,0.00352453,0.003527216
3270,R/Cv,78,0,siteSC-5B,Y,162850.4689,392.7305044,0.00352453,0.003527216
3271,R/Cv,78,0,siteSC-5B,Y,162850.4689,392.7305044,0.00352453,0.003527216
3272,R/Cv,79,0,siteSC-6B,Y,194569.6103,392.7305044,0.00352453,0.003527216
3273,R/Cv,79,0,siteSC-6B,Y,194569.6103,392.7305044,0.00352453,0.003527216
3274,R/Cv,82,0,siteSC-7B,Y,213971.6585,392.7305044,0.00352453,0.003527216
3275,R/Cv,82,0,siteSC-7B,Y,213971.6585,392.7305044,0.00352453,0.003527216
3276,Cx,31,0,SEDNTS600150706,Y,15884.06925,777.7915974,0.032027923,0.032051989
3277,Cx,32,0,SEDNTS600150821,Y,15902.13233,777.7915974,0.032027923,0.032051989
3278,Cx,33,0,SEDNTS800150706,Y,16302.02121,777.7915974,0.032027923,0.032051989
3279,Cx,34,0,SEDNTS800150821,Y,16578.11229,777.7915974,0.032027923,0.032051989
3280,Cx,35,0,SEDNTS1000150706,Y,16970.26101,777.7915974,0.032027923,0.032051989
3281,Cx,36,0,SEDNTS1000150821,Y,17106.99654,777.7915974,0.032027923,0.032051989
3282,Cx,37,0,HAUPTS2160617,Y,18863.82625,777.7915974,0.032027923,0.032051989
3283,Cx,38,0,HAUPTS22160726,Y,18972.16236,777.7915974,0.032027923,0.032051989
3284,Cx,40,0,HADNTS3160726,Y,19759.42525,777.7915974,0.032027923,0.032051989
3285,Cx,41,0,S2UPTS4160617,Y,21949.53018,777.7915974,0.032027923,0.032051989
3286,Cx,43,0,S2DNTS5160617,Y,24551.93494,777.7915974,0.032027923,0.032051989
3287,Cx,44,0,S3UPTS6160730,Y,25887.85677,777.7915974,0.032027923,0.032051989
3288,Cx,46,0,S3DNTS7160730,Y,39206.58459,777.7915974,0.032027923,0.032051989
3289,MpMbMpv,31,0,SEDNTS600150706,Y,15884.06925,2871.15123,0.082878233,0.082945863
3290,MpMbMpv,32,0,SEDNTS600150821,Y,15902.13233,2871.15123,0.082878233,0.082945863
3291,MpMbMpv,33,0,SEDNTS800150706,Y,16302.02121,2871.15123,0.082878233,0.082945863
3292,MpMbMpv,34,0,SEDNTS800150821,Y,16578.11229,2871.15123,0.082878233,0.082945863
3293,MpMbMpv,35,0,SEDNTS1000150706,Y,16970.26101,2871.15123,0.082878233,0.082945863
3294,MpMbMpv,36,0,SEDNTS1000150821,Y,17106.99654,2871.15123,0.082878233,0.082945863
3295,MpMbMpv,37,0,HAUPTS2160617,Y,18863.82625,2871.15123,0.082878233,0.082945863
3296,MpMbMpv,38,0,HAUPTS22160726,Y,18972.16236,2871.15123,0.082878233,0.082945863
3297,MpMbMpv,40,0,HADNTS3160726,Y,19759.42525,2871.15123,0.082878233,0.082945863
3298,MpMbMpv,41,0,S2UPTS4160617,Y,21949.53018,2871.15123,0.082878233,0.082945863
3299,MpMbMpv,43,0,S2DNTS5160617,Y,24551.93494,2871.15123,0.082878233,0.082945863
3300,MpMbMpv,44,0,S3UPTS6160730,Y,25887.85677,2871.15123,0.082878233,0.082945863
3301,MpMbMpv,46,0,S3DNTS7160730,Y,39206.58459,2871.15123,0.082878233,0.082945863
3302,Cx,30,0,SEDNTS400150821,Y,15649.33772,596.9546743,0.01082738,0.01083557
3303,Cx,31,0,SEDNTS600150706,Y,15884.06925,596.9546743,0.01082738,0.01083557
3304,Cx,32,0,SEDNTS600150821,Y,15902.13233,596.9546743,0.01082738,0.01083557
3305,Cx,33,0,SEDNTS800150706,Y,16302.02121,596.9546743,0.01082738,0.01083557
3306,Cx,34,0,SEDNTS800150821,Y,16578.11229,596.9546743,0.01082738,0.01083557
3307,Cx,35,0,SEDNTS1000150706,Y,16970.26101,596.9546743,0.01082738,0.01083557
3308,Cx,36,0,SEDNTS1000150821,Y,17106.99654,596.9546743,0.01082738,0.01083557
3309,Cx,37,0,HAUPTS2160617,Y,18863.82625,596.9546743,0.01082738,0.01083557
3310,Cx,38,0,HAUPTS22160726,Y,18972.16236,596.9546743,0.01082738,0.01083557
3311,Cx,40,0,HADNTS3160726,Y,19759.42525,596.9546743,0.01082738,0.01083557
3312,Cx,41,0,S2UPTS4160617,Y,21949.53018,596.9546743,0.01082738,0.01083557
3313,Cx,43,0,S2DNTS5160617,Y,24551.93494,596.9546743,0.01082738,0.01083557
3314,Cx,44,0,S3UPTS6160730,Y,25887.85677,596.9546743,0.01082738,0.01083557
3315,Cx,46,0,S3DNTS7160730,Y,39206.58459,596.9546743,0.01082738,0.01083557
3316,MpMbMpv,30,0,SEDNTS400150821,Y,15649.33772,2601.156126,0.033206015,0.033233281
3317,MpMbMpv,31,0,SEDNTS600150706,Y,15884.06925,2601.156126,0.033206015,0.033233281
3318,MpMbMpv,32,0,SEDNTS600150821,Y,15902.13233,2601.156126,0.033206015,0.033233281
3319,MpMbMpv,33,0,SEDNTS800150706,Y,16302.02121,2601.156126,0.033206015,0.033233281
3320,MpMbMpv,34,0,SEDNTS800150821,Y,16578.11229,2601.156126,0.033206015,0.033233281
3321,MpMbMpv,35,0,SEDNTS1000150706,Y,16970.26101,2601.156126,0.033206015,0.033233281
3322,MpMbMpv,36,0,SEDNTS1000150821,Y,17106.99654,2601.156126,0.033206015,0.033233281
3323,MpMbMpv,37,0,HAUPTS2160617,Y,18863.82625,2601.156126,0.033206015,0.033233281
3324,MpMbMpv,38,0,HAUPTS22160726,Y,18972.16236,2601.156126,0.033206015,0.033233281
3325,MpMbMpv,40,0,HADNTS3160726,Y,19759.42525,2601.156126,0.033206015,0.033233281
3326,MpMbMpv,41,0,S2UPTS4160617,Y,21949.53018,2601.156126,0.033206015,0.033233281
3327,MpMbMpv,43,0,S2DNTS5160617,Y,24551.93494,2601.156126,0.033206015,0.033233281
3328,MpMbMpv,44,0,S3UPTS6160730,Y,25887.85677,2601.156126,0.033206015,0.033233281
3329,MpMbMpv,46,0,S3DNTS7160730,Y,39206.58459,2601.156126,0.033206015,0.033233281
3330,Cx,29,0,SEDNTS400150706,Y,15631.28914,512.1783162,0.006868893,0.006873991
3331,Cx,30,0,SEDNTS400150821,Y,15649.33772,512.1783162,0.006868893,0.006873991
3332,Cx,31,0,SEDNTS600150706,Y,15884.06925,512.1783162,0.006868893,0.006873991
3333,Cx,32,0,SEDNTS600150821,Y,15902.13233,512.1783162,0.006868893,0.006873991
3334,Cx,33,0,SEDNTS800150706,Y,16302.02121,512.1783162,0.006868893,0.006873991
3335,Cx,34,0,SEDNTS800150821,Y,16578.11229,512.1783162,0.006868893,0.006873991
3336,Cx,35,0,SEDNTS1000150706,Y,16970.26101,512.1783162,0.006868893,0.006873991
3337,Cx,36,0,SEDNTS1000150821,Y,17106.99654,512.1783162,0.006868893,0.006873991
3338,Cx,37,0,HAUPTS2160617,Y,18863.82625,512.1783162,0.006868893,0.006873991
3339,Cx,38,0,HAUPTS22160726,Y,18972.16236,512.1783162,0.006868893,0.006873991
3340,Cx,40,0,HADNTS3160726,Y,19759.42525,512.1783162,0.006868893,0.006873991
3341,Cx,41,0,S2UPTS4160617,Y,21949.53018,512.1783162,0.006868893,0.006873991
3342,Cx,43,0,S2DNTS5160617,Y,24551.93494,512.1783162,0.006868893,0.006873991
3343,Cx,44,0,S3UPTS6160730,Y,25887.85677,512.1783162,0.006868893,0.006873991
3344,Cx,46,0,S3DNTS7160730,Y,39206.58459,512.1783162,0.006868893,0.006873991
3345,MpMbMpv,29,0,SEDNTS400150706,Y,15631.28914,1283.142233,0.010535436,0.010544138
3346,MpMbMpv,30,0,SEDNTS400150821,Y,15649.33772,1283.142233,0.010535436,0.010544138
3347,MpMbMpv,31,0,SEDNTS600150706,Y,15884.06925,1283.142233,0.010535436,0.010544138
3348,MpMbMpv,32,0,SEDNTS600150821,Y,15902.13233,1283.142233,0.010535436,0.010544138
3349,MpMbMpv,33,0,SEDNTS800150706,Y,16302.02121,1283.142233,0.010535436,0.010544138
3350,MpMbMpv,34,0,SEDNTS800150821,Y,16578.11229,1283.142233,0.010535436,0.010544138
3351,MpMbMpv,35,0,SEDNTS1000150706,Y,16970.26101,1283.142233,0.010535436,0.010544138
3352,MpMbMpv,36,0,SEDNTS1000150821,Y,17106.99654,1283.142233,0.010535436,0.010544138
3353,MpMbMpv,37,0,HAUPTS2160617,Y,18863.82625,1283.142233,0.010535436,0.010544138
3354,MpMbMpv,38,0,HAUPTS22160726,Y,18972.16236,1283.142233,0.010535436,0.010544138
3355,MpMbMpv,40,0,HADNTS3160726,Y,19759.42525,1283.142233,0.010535436,0.010544138
3356,MpMbMpv,41,0,S2UPTS4160617,Y,21949.53018,1283.142233,0.010535436,0.010544138
3357,MpMbMpv,43,0,S2DNTS5160617,Y,24551.93494,1283.142233,0.010535436,0.010544138
3358,MpMbMpv,44,0,S3UPTS6160730,Y,25887.85677,1283.142233,0.010535436,0.010544138
3359,MpMbMpv,46,0,S3DNTS7160730,Y,39206.58459,1283.142233,0.010535436,0.010544138
3360,Cx,28,0,SEDNTSC160725,Y,15595.17638,441.5741179,0.003053153,0.003055399
3361,Cx,29,0,SEDNTS400150706,Y,15631.28914,441.5741179,0.003053153,0.003055399
3362,Cx,30,0,SEDNTS400150821,Y,15649.33772,441.5741179,0.003053153,0.003055399
3363,Cx,31,0,SEDNTS600150706,Y,15884.06925,441.5741179,0.003053153,0.003055399
3364,Cx,32,0,SEDNTS600150821,Y,15902.13233,441.5741179,0.003053153,0.003055399
3365,Cx,33,0,SEDNTS800150706,Y,16302.02121,441.5741179,0.003053153,0.003055399
3366,Cx,34,0,SEDNTS800150821,Y,16578.11229,441.5741179,0.003053153,0.003055399
3367,Cx,35,0,SEDNTS1000150706,Y,16970.26101,441.5741179,0.003053153,0.003055399
3368,Cx,36,0,SEDNTS1000150821,Y,17106.99654,441.5741179,0.003053153,0.003055399
3369,Cx,37,0,HAUPTS2160617,Y,18863.82625,441.5741179,0.003053153,0.003055399
3370,Cx,38,0,HAUPTS22160726,Y,18972.16236,441.5741179,0.003053153,0.003055399
3371,Cx,40,0,HADNTS3160726,Y,19759.42525,441.5741179,0.003053153,0.003055399
3372,Cx,41,0,S2UPTS4160617,Y,21949.53018,441.5741179,0.003053153,0.003055399
3373,Cx,43,0,S2DNTS5160617,Y,24551.93494,441.5741179,0.003053153,0.003055399
3374,Cx,44,0,S3UPTS6160730,Y,25887.85677,441.5741179,0.003053153,0.003055399
3375,Cx,46,0,S3DNTS7160730,Y,39206.58459,441.5741179,0.003053153,0.003055399
3376,MpMbMpv,28,0,SEDNTSC160725,Y,15595.17638,1078.596051,0.008060233,0.008066983
3377,MpMbMpv,29,0,SEDNTS400150706,Y,15631.28914,1078.596051,0.008060233,0.008066983
3378,MpMbMpv,30,0,SEDNTS400150821,Y,15649.33772,1078.596051,0.008060233,0.008066983
3379,MpMbMpv,31,0,SEDNTS600150706,Y,15884.06925,1078.596051,0.008060233,0.008066983
3380,MpMbMpv,32,0,SEDNTS600150821,Y,15902.13233,1078.596051,0.008060233,0.008066983
3381,MpMbMpv,33,0,SEDNTS800150706,Y,16302.02121,1078.596051,0.008060233,0.008066983
3382,MpMbMpv,34,0,SEDNTS800150821,Y,16578.11229,1078.596051,0.008060233,0.008066983
3383,MpMbMpv,35,0,SEDNTS1000150706,Y,16970.26101,1078.596051,0.008060233,0.008066983
3384,MpMbMpv,36,0,SEDNTS1000150821,Y,17106.99654,1078.596051,0.008060233,0.008066983
3385,MpMbMpv,37,0,HAUPTS2160617,Y,18863.82625,1078.596051,0.008060233,0.008066983
3386,MpMbMpv,38,0,HAUPTS22160726,Y,18972.16236,1078.596051,0.008060233,0.008066983
3387,MpMbMpv,40,0,HADNTS3160726,Y,19759.42525,1078.596051,0.008060233,0.008066983
3388,MpMbMpv,41,0,S2UPTS4160617,Y,21949.53018,1078.596051,0.008060233,0.008066983
3389,MpMbMpv,43,0,S2DNTS5160617,Y,24551.93494,1078.596051,0.008060233,0.008066983
3390,MpMbMpv,44,0,S3UPTS6160730,Y,25887.85677,1078.596051,0.008060233,0.008066983
3391,MpMbMpv,46,0,S3DNTS7160730,Y,39206.58459,1078.596051,0.008060233,0.008066983
3392,Cx,26,0,SEDNTSA160725,Y,14874.96238,280.9369694,0.002002023,0.002003226
3393,Cx,28,0,SEDNTSC160725,Y,15595.17638,280.9369694,0.002002023,0.002003226
3394,Cx,29,0,SEDNTS400150706,Y,15631.28914,280.9369694,0.002002023,0.002003226
3395,Cx,30,0,SEDNTS400150821,Y,15649.33772,280.9369694,0.002002023,0.002003226
3396,Cx,31,0,SEDNTS600150706,Y,15884.06925,280.9369694,0.002002023,0.002003226
3397,Cx,32,0,SEDNTS600150821,Y,15902.13233,280.9369694,0.002002023,0.002003226
3398,Cx,33,0,SEDNTS800150706,Y,16302.02121,280.9369694,0.002002023,0.002003226
3399,Cx,34,0,SEDNTS800150821,Y,16578.11229,280.9369694,0.002002023,0.002003226
3400,Cx,35,0,SEDNTS1000150706,Y,16970.26101,280.9369694,0.002002023,0.002003226
3401,Cx,36,0,SEDNTS1000150821,Y,17106.99654,280.9369694,0.002002023,0.002003226
3402,Cx,37,0,HAUPTS2160617,Y,18863.82625,280.9369694,0.002002023,0.002003226
3403,Cx,38,0,HAUPTS22160726,Y,18972.16236,280.9369694,0.002002023,0.002003226
3404,Cx,40,0,HADNTS3160726,Y,19759.42525,280.9369694,0.002002023,0.002003226
3405,Cx,41,0,S2UPTS4160617,Y,21949.53018,280.9369694,0.002002023,0.002003226
3406,Cx,43,0,S2DNTS5160617,Y,24551.93494,280.9369694,0.002002023,0.002003226
3407,Cx,44,0,S3UPTS6160730,Y,25887.85677,280.9369694,0.002002023,0.002003226
3408,Cx,46,0,S3DNTS7160730,Y,39206.58459,280.9369694,0.002002023,0.002003226
3409,MpMbMpv,26,0,SEDNTSA160725,Y,14874.96238,1530.126748,0.038044864,0.03807598
3410,MpMbMpv,28,0,SEDNTSC160725,Y,15595.17638,1530.126748,0.038044864,0.03807598
3411,MpMbMpv,29,0,SEDNTS400150706,Y,15631.28914,1530.126748,0.038044864,0.03807598
3412,MpMbMpv,30,0,SEDNTS400150821,Y,15649.33772,1530.126748,0.038044864,0.03807598
3413,MpMbMpv,31,0,SEDNTS600150706,Y,15884.06925,1530.126748,0.038044864,0.03807598
3414,MpMbMpv,32,0,SEDNTS600150821,Y,15902.13233,1530.126748,0.038044864,0.03807598
3415,MpMbMpv,33,0,SEDNTS800150706,Y,16302.02121,1530.126748,0.038044864,0.03807598
3416,MpMbMpv,34,0,SEDNTS800150821,Y,16578.11229,1530.126748,0.038044864,0.03807598
3417,MpMbMpv,35,0,SEDNTS1000150706,Y,16970.26101,1530.126748,0.038044864,0.03807598
3418,MpMbMpv,36,0,SEDNTS1000150821,Y,17106.99654,1530.126748,0.038044864,0.03807598
3419,MpMbMpv,37,0,HAUPTS2160617,Y,18863.82625,1530.126748,0.038044864,0.03807598
3420,MpMbMpv,38,0,HAUPTS22160726,Y,18972.16236,1530.126748,0.038044864,0.03807598
3421,MpMbMpv,40,0,HADNTS3160726,Y,19759.42525,1530.126748,0.038044864,0.03807598
3422,MpMbMpv,41,0,S2UPTS4160617,Y,21949.53018,1530.126748,0.038044864,0.03807598
3423,MpMbMpv,43,0,S2DNTS5160617,Y,24551.93494,1530.126748,0.038044864,0.03807598
3424,MpMbMpv,44,0,S3UPTS6160730,Y,25887.85677,1530.126748,0.038044864,0.03807598
3425,MpMbMpv,46,0,S3DNTS7160730,Y,39206.58459,1530.126748,0.038044864,0.03807598
3426,Cx,27,0,SEDNTSB160725,Y,6007.532776,124.5907077,0.000361034,0.000361286
3427,Cx,28,0,SEDNTSC160725,Y,15595.17638,124.5907077,0.000361034,0.000361286
3428,Cx,29,0,SEDNTS400150706,Y,15631.28914,124.5907077,0.000361034,0.000361286
3429,Cx,30,0,SEDNTS400150821,Y,15649.33772,124.5907077,0.000361034,0.000361286
3430,Cx,31,0,SEDNTS600150706,Y,15884.06925,124.5907077,0.000361034,0.000361286
3431,Cx,32,0,SEDNTS600150821,Y,15902.13233,124.5907077,0.000361034,0.000361286
3432,Cx,33,0,SEDNTS800150706,Y,16302.02121,124.5907077,0.000361034,0.000361286
3433,Cx,34,0,SEDNTS800150821,Y,16578.11229,124.5907077,0.000361034,0.000361286
3434,Cx,35,0,SEDNTS1000150706,Y,16970.26101,124.5907077,0.000361034,0.000361286
3435,Cx,36,0,SEDNTS1000150821,Y,17106.99654,124.5907077,0.000361034,0.000361286
3436,Cx,37,0,HAUPTS2160617,Y,18863.82625,124.5907077,0.000361034,0.000361286
3437,Cx,38,0,HAUPTS22160726,Y,18972.16236,124.5907077,0.000361034,0.000361286
3438,Cx,40,0,HADNTS3160726,Y,19759.42525,124.5907077,0.000361034,0.000361286
3439,Cx,41,0,S2UPTS4160617,Y,21949.53018,124.5907077,0.000361034,0.000361286
3440,Cx,43,0,S2DNTS5160617,Y,24551.93494,124.5907077,0.000361034,0.000361286
3441,Cx,44,0,S3UPTS6160730,Y,25887.85677,124.5907077,0.000361034,0.000361286
3442,Cx,46,0,S3DNTS7160730,Y,39206.58459,124.5907077,0.000361034,0.000361286
3443,MpMbMpv,27,0,SEDNTSB160725,Y,6007.532776,5948.631542,0.793161529,0.793778486
3444,MpMbMpv,28,0,SEDNTSC160725,Y,15595.17638,5948.631542,0.793161529,0.793778486
3445,MpMbMpv,29,0,SEDNTS400150706,Y,15631.28914,5948.631542,0.793161529,0.793778486
3446,MpMbMpv,30,0,SEDNTS400150821,Y,15649.33772,5948.631542,0.793161529,0.793778486
3447,MpMbMpv,31,0,SEDNTS600150706,Y,15884.06925,5948.631542,0.793161529,0.793778486
3448,MpMbMpv,32,0,SEDNTS600150821,Y,15902.13233,5948.631542,0.793161529,0.793778486
3449,MpMbMpv,33,0,SEDNTS800150706,Y,16302.02121,5948.631542,0.793161529,0.793778486
3450,MpMbMpv,34,0,SEDNTS800150821,Y,16578.11229,5948.631542,0.793161529,0.793778486
3451,MpMbMpv,35,0,SEDNTS1000150706,Y,16970.26101,5948.631542,0.793161529,0.793778486
3452,MpMbMpv,36,0,SEDNTS1000150821,Y,17106.99654,5948.631542,0.793161529,0.793778486
3453,MpMbMpv,37,0,HAUPTS2160617,Y,18863.82625,5948.631542,0.793161529,0.793778486
3454,MpMbMpv,38,0,HAUPTS22160726,Y,18972.16236,5948.631542,0.793161529,0.793778486
3455,MpMbMpv,40,0,HADNTS3160726,Y,19759.42525,5948.631542,0.793161529,0.793778486
3456,MpMbMpv,41,0,S2UPTS4160617,Y,21949.53018,5948.631542,0.793161529,0.793778486
3457,MpMbMpv,43,0,S2DNTS5160617,Y,24551.93494,5948.631542,0.793161529,0.793778486
3458,MpMbMpv,44,0,S3UPTS6160730,Y,25887.85677,5948.631542,0.793161529,0.793778486
3459,MpMbMpv,46,0,S3DNTS7160730,Y,39206.58459,5948.631542,0.793161529,0.793778486
3460,MpMbMpv,25,0,SEDNTS200150821,Y,14684.06947,2324.878118,0.043405792,0.043439523
3461,MpMbMpv,26,0,SEDNTSA160725,Y,14874.96238,2324.878118,0.043405792,0.043439523
3462,MpMbMpv,28,0,SEDNTSC160725,Y,15595.17638,2324.878118,0.043405792,0.043439523
3463,MpMbMpv,29,0,SEDNTS400150706,Y,15631.28914,2324.878118,0.043405792,0.043439523
3464,MpMbMpv,30,0,SEDNTS400150821,Y,15649.33772,2324.878118,0.043405792,0.043439523
3465,MpMbMpv,31,0,SEDNTS600150706,Y,15884.06925,2324.878118,0.043405792,0.043439523
3466,MpMbMpv,32,0,SEDNTS600150821,Y,15902.13233,2324.878118,0.043405792,0.043439523
3467,MpMbMpv,33,0,SEDNTS800150706,Y,16302.02121,2324.878118,0.043405792,0.043439523
3468,MpMbMpv,34,0,SEDNTS800150821,Y,16578.11229,2324.878118,0.043405792,0.043439523
3469,MpMbMpv,35,0,SEDNTS1000150706,Y,16970.26101,2324.878118,0.043405792,0.043439523
3470,MpMbMpv,36,0,SEDNTS1000150821,Y,17106.99654,2324.878118,0.043405792,0.043439523
3471,MpMbMpv,37,0,HAUPTS2160617,Y,18863.82625,2324.878118,0.043405792,0.043439523
3472,MpMbMpv,38,0,HAUPTS22160726,Y,18972.16236,2324.878118,0.043405792,0.043439523
3473,MpMbMpv,40,0,HADNTS3160726,Y,19759.42525,2324.878118,0.043405792,0.043439523
3474,MpMbMpv,41,0,S2UPTS4160617,Y,21949.53018,2324.878118,0.043405792,0.043439523
3475,MpMbMpv,43,0,S2DNTS5160617,Y,24551.93494,2324.878118,0.043405792,0.043439523
3476,MpMbMpv,44,0,S3UPTS6160730,Y,25887.85677,2324.878118,0.043405792,0.043439523
3477,MpMbMpv,46,0,S3DNTS7160730,Y,39206.58459,2324.878118,0.043405792,0.043439523
3478,MpMbMpv,24,0,SEDNTS200150706,Y,14629.89291,2311.62322,0.045285382,0.045320567
3479,MpMbMpv,25,0,SEDNTS200150821,Y,14684.06947,2311.62322,0.045285382,0.045320567
3480,MpMbMpv,26,0,SEDNTSA160725,Y,14874.96238,2311.62322,0.045285382,0.045320567
3481,MpMbMpv,28,0,SEDNTSC160725,Y,15595.17638,2311.62322,0.045285382,0.045320567
3482,MpMbMpv,29,0,SEDNTS400150706,Y,15631.28914,2311.62322,0.045285382,0.045320567
3483,MpMbMpv,30,0,SEDNTS400150821,Y,15649.33772,2311.62322,0.045285382,0.045320567
3484,MpMbMpv,31,0,SEDNTS600150706,Y,15884.06925,2311.62322,0.045285382,0.045320567
3485,MpMbMpv,32,0,SEDNTS600150821,Y,15902.13233,2311.62322,0.045285382,0.045320567
3486,MpMbMpv,33,0,SEDNTS800150706,Y,16302.02121,2311.62322,0.045285382,0.045320567
3487,MpMbMpv,34,0,SEDNTS800150821,Y,16578.11229,2311.62322,0.045285382,0.045320567
3488,MpMbMpv,35,0,SEDNTS1000150706,Y,16970.26101,2311.62322,0.045285382,0.045320567
3489,MpMbMpv,36,0,SEDNTS1000150821,Y,17106.99654,2311.62322,0.045285382,0.045320567
3490,MpMbMpv,37,0,HAUPTS2160617,Y,18863.82625,2311.62322,0.045285382,0.045320567
3491,MpMbMpv,38,0,HAUPTS22160726,Y,18972.16236,2311.62322,0.045285382,0.045320567
3492,MpMbMpv,40,0,HADNTS3160726,Y,19759.42525,2311.62322,0.045285382,0.045320567
3493,MpMbMpv,41,0,S2UPTS4160617,Y,21949.53018,2311.62322,0.045285382,0.045320567
3494,MpMbMpv,43,0,S2DNTS5160617,Y,24551.93494,2311.62322,0.045285382,0.045320567
3495,MpMbMpv,44,0,S3UPTS6160730,Y,25887.85677,2311.62322,0.045285382,0.045320567
3496,MpMbMpv,46,0,S3DNTS7160730,Y,39206.58459,2311.62322,0.045285382,0.045320567
3497,MpMbMpv,23,0,SEDNTS100150821,Y,14382.21565,1958.522312,0.020129423,0.020145064
3498,MpMbMpv,24,0,SEDNTS200150706,Y,14629.89291,1958.522312,0.020129423,0.020145064
3499,MpMbMpv,25,0,SEDNTS200150821,Y,14684.06947,1958.522312,0.020129423,0.020145064
3500,MpMbMpv,26,0,SEDNTSA160725,Y,14874.96238,1958.522312,0.020129423,0.020145064
3501,MpMbMpv,28,0,SEDNTSC160725,Y,15595.17638,1958.522312,0.020129423,0.020145064
3502,MpMbMpv,29,0,SEDNTS400150706,Y,15631.28914,1958.522312,0.020129423,0.020145064
3503,MpMbMpv,30,0,SEDNTS400150821,Y,15649.33772,1958.522312,0.020129423,0.020145064
3504,MpMbMpv,31,0,SEDNTS600150706,Y,15884.06925,1958.522312,0.020129423,0.020145064
3505,MpMbMpv,32,0,SEDNTS600150821,Y,15902.13233,1958.522312,0.020129423,0.020145064
3506,MpMbMpv,33,0,SEDNTS800150706,Y,16302.02121,1958.522312,0.020129423,0.020145064
3507,MpMbMpv,34,0,SEDNTS800150821,Y,16578.11229,1958.522312,0.020129423,0.020145064
3508,MpMbMpv,35,0,SEDNTS1000150706,Y,16970.26101,1958.522312,0.020129423,0.020145064
3509,MpMbMpv,36,0,SEDNTS1000150821,Y,17106.99654,1958.522312,0.020129423,0.020145064
3510,MpMbMpv,37,0,HAUPTS2160617,Y,18863.82625,1958.522312,0.020129423,0.020145064
3511,MpMbMpv,38,0,HAUPTS22160726,Y,18972.16236,1958.522312,0.020129423,0.020145064
3512,MpMbMpv,40,0,HADNTS3160726,Y,19759.42525,1958.522312,0.020129423,0.020145064
3513,MpMbMpv,41,0,S2UPTS4160617,Y,21949.53018,1958.522312,0.020129423,0.020145064
3514,MpMbMpv,43,0,S2DNTS5160617,Y,24551.93494,1958.522312,0.020129423,0.020145064
3515,MpMbMpv,44,0,S3UPTS6160730,Y,25887.85677,1958.522312,0.020129423,0.020145064
3516,MpMbMpv,46,0,S3DNTS7160730,Y,39206.58459,1958.522312,0.020129423,0.020145064
3517,MpMbMpv,22,0,SEDNTS100150706,Y,14309.99018,3170.966438,0.034388955,0.034415602
3518,MpMbMpv,23,0,SEDNTS100150821,Y,14382.21565,3170.966438,0.034388955,0.034415602
3519,MpMbMpv,24,0,SEDNTS200150706,Y,14629.89291,3170.966438,0.034388955,0.034415602
3520,MpMbMpv,25,0,SEDNTS200150821,Y,14684.06947,3170.966438,0.034388955,0.034415602
3521,MpMbMpv,26,0,SEDNTSA160725,Y,14874.96238,3170.966438,0.034388955,0.034415602
3522,MpMbMpv,28,0,SEDNTSC160725,Y,15595.17638,3170.966438,0.034388955,0.034415602
3523,MpMbMpv,29,0,SEDNTS400150706,Y,15631.28914,3170.966438,0.034388955,0.034415602
3524,MpMbMpv,30,0,SEDNTS400150821,Y,15649.33772,3170.966438,0.034388955,0.034415602
3525,MpMbMpv,31,0,SEDNTS600150706,Y,15884.06925,3170.966438,0.034388955,0.034415602
3526,MpMbMpv,32,0,SEDNTS600150821,Y,15902.13233,3170.966438,0.034388955,0.034415602
3527,MpMbMpv,33,0,SEDNTS800150706,Y,16302.02121,3170.966438,0.034388955,0.034415602
3528,MpMbMpv,34,0,SEDNTS800150821,Y,16578.11229,3170.966438,0.034388955,0.034415602
3529,MpMbMpv,35,0,SEDNTS1000150706,Y,16970.26101,3170.966438,0.034388955,0.034415602
3530,MpMbMpv,36,0,SEDNTS1000150821,Y,17106.99654,3170.966438,0.034388955,0.034415602
3531,MpMbMpv,37,0,HAUPTS2160617,Y,18863.82625,3170.966438,0.034388955,0.034415602
3532,MpMbMpv,38,0,HAUPTS22160726,Y,18972.16236,3170.966438,0.034388955,0.034415602
3533,MpMbMpv,40,0,HADNTS3160726,Y,19759.42525,3170.966438,0.034388955,0.034415602
3534,MpMbMpv,41,0,S2UPTS4160617,Y,21949.53018,3170.966438,0.034388955,0.034415602
3535,MpMbMpv,43,0,S2DNTS5160617,Y,24551.93494,3170.966438,0.034388955,0.034415602
3536,MpMbMpv,44,0,S3UPTS6160730,Y,25887.85677,3170.966438,0.034388955,0.034415602
3537,MpMbMpv,46,0,S3DNTS7160730,Y,39206.58459,3170.966438,0.034388955,0.034415602
3538,MpMbMpv,21,0,SEDN160617,Y,14255.82075,2445.931281,0.030612837,0.030636543
3539,MpMbMpv,22,0,SEDNTS100150706,Y,14309.99018,2445.931281,0.030612837,0.030636543
3540,MpMbMpv,23,0,SEDNTS100150821,Y,14382.21565,2445.931281,0.030612837,0.030636543
3541,MpMbMpv,24,0,SEDNTS200150706,Y,14629.89291,2445.931281,0.030612837,0.030636543
3542,MpMbMpv,25,0,SEDNTS200150821,Y,14684.06947,2445.931281,0.030612837,0.030636543
3543,MpMbMpv,26,0,SEDNTSA160725,Y,14874.96238,2445.931281,0.030612837,0.030636543
3544,MpMbMpv,28,0,SEDNTSC160725,Y,15595.17638,2445.931281,0.030612837,0.030636543
3545,MpMbMpv,29,0,SEDNTS400150706,Y,15631.28914,2445.931281,0.030612837,0.030636543
3546,MpMbMpv,30,0,SEDNTS400150821,Y,15649.33772,2445.931281,0.030612837,0.030636543
3547,MpMbMpv,31,0,SEDNTS600150706,Y,15884.06925,2445.931281,0.030612837,0.030636543
3548,MpMbMpv,32,0,SEDNTS600150821,Y,15902.13233,2445.931281,0.030612837,0.030636543
3549,MpMbMpv,33,0,SEDNTS800150706,Y,16302.02121,2445.931281,0.030612837,0.030636543
3550,MpMbMpv,34,0,SEDNTS800150821,Y,16578.11229,2445.931281,0.030612837,0.030636543
3551,MpMbMpv,35,0,SEDNTS1000150706,Y,16970.26101,2445.931281,0.030612837,0.030636543
3552,MpMbMpv,36,0,SEDNTS1000150821,Y,17106.99654,2445.931281,0.030612837,0.030636543
3553,MpMbMpv,37,0,HAUPTS2160617,Y,18863.82625,2445.931281,0.030612837,0.030636543
3554,MpMbMpv,38,0,HAUPTS22160726,Y,18972.16236,2445.931281,0.030612837,0.030636543
3555,MpMbMpv,40,0,HADNTS3160726,Y,19759.42525,2445.931281,0.030612837,0.030636543
3556,MpMbMpv,41,0,S2UPTS4160617,Y,21949.53018,2445.931281,0.030612837,0.030636543
3557,MpMbMpv,43,0,S2DNTS5160617,Y,24551.93494,2445.931281,0.030612837,0.030636543
3558,MpMbMpv,44,0,S3UPTS6160730,Y,25887.85677,2445.931281,0.030612837,0.030636543
3559,MpMbMpv,46,0,S3DNTS7160730,Y,39206.58459,2445.931281,0.030612837,0.030636543
3560,MpMbMpv,20,0,SEDN150706,Y,14165.54221,2531.357788,0.098132795,0.098209025
3561,MpMbMpv,21,0,SEDN160617,Y,14255.82075,2531.357788,0.098132795,0.098209025
3562,MpMbMpv,22,0,SEDNTS100150706,Y,14309.99018,2531.357788,0.098132795,0.098209025
3563,MpMbMpv,23,0,SEDNTS100150821,Y,14382.21565,2531.357788,0.098132795,0.098209025
3564,MpMbMpv,24,0,SEDNTS200150706,Y,14629.89291,2531.357788,0.098132795,0.098209025
3565,MpMbMpv,25,0,SEDNTS200150821,Y,14684.06947,2531.357788,0.098132795,0.098209025
3566,MpMbMpv,26,0,SEDNTSA160725,Y,14874.96238,2531.357788,0.098132795,0.098209025
3567,MpMbMpv,28,0,SEDNTSC160725,Y,15595.17638,2531.357788,0.098132795,0.098209025
3568,MpMbMpv,29,0,SEDNTS400150706,Y,15631.28914,2531.357788,0.098132795,0.098209025
3569,MpMbMpv,30,0,SEDNTS400150821,Y,15649.33772,2531.357788,0.098132795,0.098209025
3570,MpMbMpv,31,0,SEDNTS600150706,Y,15884.06925,2531.357788,0.098132795,0.098209025
3571,MpMbMpv,32,0,SEDNTS600150821,Y,15902.13233,2531.357788,0.098132795,0.098209025
3572,MpMbMpv,33,0,SEDNTS800150706,Y,16302.02121,2531.357788,0.098132795,0.098209025
3573,MpMbMpv,34,0,SEDNTS800150821,Y,16578.11229,2531.357788,0.098132795,0.098209025
3574,MpMbMpv,35,0,SEDNTS1000150706,Y,16970.26101,2531.357788,0.098132795,0.098209025
3575,MpMbMpv,36,0,SEDNTS1000150821,Y,17106.99654,2531.357788,0.098132795,0.098209025
3576,MpMbMpv,37,0,HAUPTS2160617,Y,18863.82625,2531.357788,0.098132795,0.098209025
3577,MpMbMpv,38,0,HAUPTS22160726,Y,18972.16236,2531.357788,0.098132795,0.098209025
3578,MpMbMpv,40,0,HADNTS3160726,Y,19759.42525,2531.357788,0.098132795,0.098209025
3579,MpMbMpv,41,0,S2UPTS4160617,Y,21949.53018,2531.357788,0.098132795,0.098209025
3580,MpMbMpv,43,0,S2DNTS5160617,Y,24551.93494,2531.357788,0.098132795,0.098209025
3581,MpMbMpv,44,0,S3UPTS6160730,Y,25887.85677,2531.357788,0.098132795,0.098209025
3582,MpMbMpv,46,0,S3DNTS7160730,Y,39206.58459,2531.357788,0.098132795,0.098209025
3583,MpMbMpv,19,0,SEDN160725,Y,13930.80574,3713.196771,0.118685919,0.118778012
3584,MpMbMpv,20,0,SEDN150706,Y,14165.54221,3713.196771,0.118685919,0.118778012
3585,MpMbMpv,21,0,SEDN160617,Y,14255.82075,3713.196771,0.118685919,0.118778012
3586,MpMbMpv,22,0,SEDNTS100150706,Y,14309.99018,3713.196771,0.118685919,0.118778012
3587,MpMbMpv,23,0,SEDNTS100150821,Y,14382.21565,3713.196771,0.118685919,0.118778012
3588,MpMbMpv,24,0,SEDNTS200150706,Y,14629.89291,3713.196771,0.118685919,0.118778012
3589,MpMbMpv,25,0,SEDNTS200150821,Y,14684.06947,3713.196771,0.118685919,0.118778012
3590,MpMbMpv,26,0,SEDNTSA160725,Y,14874.96238,3713.196771,0.118685919,0.118778012
3591,MpMbMpv,28,0,SEDNTSC160725,Y,15595.17638,3713.196771,0.118685919,0.118778012
3592,MpMbMpv,29,0,SEDNTS400150706,Y,15631.28914,3713.196771,0.118685919,0.118778012
3593,MpMbMpv,30,0,SEDNTS400150821,Y,15649.33772,3713.196771,0.118685919,0.118778012
3594,MpMbMpv,31,0,SEDNTS600150706,Y,15884.06925,3713.196771,0.118685919,0.118778012
3595,MpMbMpv,32,0,SEDNTS600150821,Y,15902.13233,3713.196771,0.118685919,0.118778012
3596,MpMbMpv,33,0,SEDNTS800150706,Y,16302.02121,3713.196771,0.118685919,0.118778012
3597,MpMbMpv,34,0,SEDNTS800150821,Y,16578.11229,3713.196771,0.118685919,0.118778012
3598,MpMbMpv,35,0,SEDNTS1000150706,Y,16970.26101,3713.196771,0.118685919,0.118778012
3599,MpMbMpv,36,0,SEDNTS1000150821,Y,17106.99654,3713.196771,0.118685919,0.118778012
3600,MpMbMpv,37,0,HAUPTS2160617,Y,18863.82625,3713.196771,0.118685919,0.118778012
3601,MpMbMpv,38,0,HAUPTS22160726,Y,18972.16236,3713.196771,0.118685919,0.118778012
3602,MpMbMpv,40,0,HADNTS3160726,Y,19759.42525,3713.196771,0.118685919,0.118778012
3603,MpMbMpv,41,0,S2UPTS4160617,Y,21949.53018,3713.196771,0.118685919,0.118778012
3604,MpMbMpv,43,0,S2DNTS5160617,Y,24551.93494,3713.196771,0.118685919,0.118778012
3605,MpMbMpv,44,0,S3UPTS6160730,Y,25887.85677,3713.196771,0.118685919,0.118778012
3606,MpMbMpv,46,0,S3DNTS7160730,Y,39206.58459,3713.196771,0.118685919,0.118778012
3607,MpMbMpv,18,0,SEUP150706,Y,13667.66832,1367.5704,0.017192728,0.017206079
3608,MpMbMpv,19,0,SEDN160725,Y,13930.80574,1367.5704,0.017192728,0.017206079
3609,MpMbMpv,20,0,SEDN150706,Y,14165.54221,1367.5704,0.017192728,0.017206079
3610,MpMbMpv,21,0,SEDN160617,Y,14255.82075,1367.5704,0.017192728,0.017206079
3611,MpMbMpv,22,0,SEDNTS100150706,Y,14309.99018,1367.5704,0.017192728,0.017206079
3612,MpMbMpv,23,0,SEDNTS100150821,Y,14382.21565,1367.5704,0.017192728,0.017206079
3613,MpMbMpv,24,0,SEDNTS200150706,Y,14629.89291,1367.5704,0.017192728,0.017206079
3614,MpMbMpv,25,0,SEDNTS200150821,Y,14684.06947,1367.5704,0.017192728,0.017206079
3615,MpMbMpv,26,0,SEDNTSA160725,Y,14874.96238,1367.5704,0.017192728,0.017206079
3616,MpMbMpv,28,0,SEDNTSC160725,Y,15595.17638,1367.5704,0.017192728,0.017206079
3617,MpMbMpv,29,0,SEDNTS400150706,Y,15631.28914,1367.5704,0.017192728,0.017206079
3618,MpMbMpv,30,0,SEDNTS400150821,Y,15649.33772,1367.5704,0.017192728,0.017206079
3619,MpMbMpv,31,0,SEDNTS600150706,Y,15884.06925,1367.5704,0.017192728,0.017206079
3620,MpMbMpv,32,0,SEDNTS600150821,Y,15902.13233,1367.5704,0.017192728,0.017206079
3621,MpMbMpv,33,0,SEDNTS800150706,Y,16302.02121,1367.5704,0.017192728,0.017206079
3622,MpMbMpv,34,0,SEDNTS800150821,Y,16578.11229,1367.5704,0.017192728,0.017206079
3623,MpMbMpv,35,0,SEDNTS1000150706,Y,16970.26101,1367.5704,0.017192728,0.017206079
3624,MpMbMpv,36,0,SEDNTS1000150821,Y,17106.99654,1367.5704,0.017192728,0.017206079
3625,MpMbMpv,37,0,HAUPTS2160617,Y,18863.82625,1367.5704,0.017192728,0.017206079
3626,MpMbMpv,38,0,HAUPTS22160726,Y,18972.16236,1367.5704,0.017192728,0.017206079
3627,MpMbMpv,40,0,HADNTS3160726,Y,19759.42525,1367.5704,0.017192728,0.017206079
3628,MpMbMpv,41,0,S2UPTS4160617,Y,21949.53018,1367.5704,0.017192728,0.017206079
3629,MpMbMpv,43,0,S2DNTS5160617,Y,24551.93494,1367.5704,0.017192728,0.017206079
3630,MpMbMpv,44,0,S3UPTS6160730,Y,25887.85677,1367.5704,0.017192728,0.017206079
3631,MpMbMpv,46,0,S3DNTS7160730,Y,39206.58459,1367.5704,0.017192728,0.017206079
3632,R/Cv,17,0,SEUP160617,Y,13667.67429,1714.630319,0.126484648,0.126577327
3633,R/Cv,18,0,SEUP150706,Y,13667.66832,1714.630319,0.126484648,0.126577327
3634,R/Cv,19,0,SEDN160725,Y,13930.80574,1714.630319,0.126484648,0.126577327
3635,R/Cv,20,0,SEDN150706,Y,14165.54221,1714.630319,0.126484648,0.126577327
3636,R/Cv,21,0,SEDN160617,Y,14255.82075,1714.630319,0.126484648,0.126577327
3637,R/Cv,22,0,SEDNTS100150706,Y,14309.99018,1714.630319,0.126484648,0.126577327
3638,R/Cv,23,0,SEDNTS100150821,Y,14382.21565,1714.630319,0.126484648,0.126577327
3639,R/Cv,24,0,SEDNTS200150706,Y,14629.89291,1714.630319,0.126484648,0.126577327
3640,R/Cv,25,0,SEDNTS200150821,Y,14684.06947,1714.630319,0.126484648,0.126577327
3641,R/Cv,26,0,SEDNTSA160725,Y,14874.96238,1714.630319,0.126484648,0.126577327
3642,R/Cv,28,0,SEDNTSC160725,Y,15595.17638,1714.630319,0.126484648,0.126577327
3643,R/Cv,29,0,SEDNTS400150706,Y,15631.28914,1714.630319,0.126484648,0.126577327
3644,R/Cv,30,0,SEDNTS400150821,Y,15649.33772,1714.630319,0.126484648,0.126577327
3645,R/Cv,31,0,SEDNTS600150706,Y,15884.06925,1714.630319,0.126484648,0.126577327
3646,R/Cv,32,0,SEDNTS600150821,Y,15902.13233,1714.630319,0.126484648,0.126577327
3647,R/Cv,33,0,SEDNTS800150706,Y,16302.02121,1714.630319,0.126484648,0.126577327
3648,R/Cv,34,0,SEDNTS800150821,Y,16578.11229,1714.630319,0.126484648,0.126577327
3649,R/Cv,35,0,SEDNTS1000150706,Y,16970.26101,1714.630319,0.126484648,0.126577327
3650,R/Cv,36,0,SEDNTS1000150821,Y,17106.99654,1714.630319,0.126484648,0.126577327
3651,R/Cv,37,0,HAUPTS2160617,Y,18863.82625,1714.630319,0.126484648,0.126577327
3652,R/Cv,38,0,HAUPTS22160726,Y,18972.16236,1714.630319,0.126484648,0.126577327
3653,R/Cv,40,0,HADNTS3160726,Y,19759.42525,1714.630319,0.126484648,0.126577327
3654,R/Cv,41,0,S2UPTS4160617,Y,21949.53018,1714.630319,0.126484648,0.126577327
3655,R/Cv,43,0,S2DNTS5160617,Y,24551.93494,1714.630319,0.126484648,0.126577327
3656,R/Cv,44,0,S3UPTS6160730,Y,25887.85677,1714.630319,0.126484648,0.126577327
3657,R/Cv,46,0,S3DNTS7160730,Y,39206.58459,1714.630319,0.126484648,0.126577327
3658,R/Cv,17,0,SEUP160617,Y,13667.67429,2830.335714,0.281342176,0.281554232
3659,R/Cv,18,0,SEUP150706,Y,13667.66832,2830.335714,0.281342176,0.281554232
3660,R/Cv,19,0,SEDN160725,Y,13930.80574,2830.335714,0.281342176,0.281554232
3661,R/Cv,20,0,SEDN150706,Y,14165.54221,2830.335714,0.281342176,0.281554232
3662,R/Cv,21,0,SEDN160617,Y,14255.82075,2830.335714,0.281342176,0.281554232
3663,R/Cv,22,0,SEDNTS100150706,Y,14309.99018,2830.335714,0.281342176,0.281554232
3664,R/Cv,23,0,SEDNTS100150821,Y,14382.21565,2830.335714,0.281342176,0.281554232
3665,R/Cv,24,0,SEDNTS200150706,Y,14629.89291,2830.335714,0.281342176,0.281554232
3666,R/Cv,25,0,SEDNTS200150821,Y,14684.06947,2830.335714,0.281342176,0.281554232
3667,R/Cv,26,0,SEDNTSA160725,Y,14874.96238,2830.335714,0.281342176,0.281554232
3668,R/Cv,28,0,SEDNTSC160725,Y,15595.17638,2830.335714,0.281342176,0.281554232
3669,R/Cv,29,0,SEDNTS400150706,Y,15631.28914,2830.335714,0.281342176,0.281554232
3670,R/Cv,30,0,SEDNTS400150821,Y,15649.33772,2830.335714,0.281342176,0.281554232
3671,R/Cv,31,0,SEDNTS600150706,Y,15884.06925,2830.335714,0.281342176,0.281554232
3672,R/Cv,32,0,SEDNTS600150821,Y,15902.13233,2830.335714,0.281342176,0.281554232
3673,R/Cv,33,0,SEDNTS800150706,Y,16302.02121,2830.335714,0.281342176,0.281554232
3674,R/Cv,34,0,SEDNTS800150821,Y,16578.11229,2830.335714,0.281342176,0.281554232
3675,R/Cv,35,0,SEDNTS1000150706,Y,16970.26101,2830.335714,0.281342176,0.281554232
3676,R/Cv,36,0,SEDNTS1000150821,Y,17106.99654,2830.335714,0.281342176,0.281554232
3677,R/Cv,37,0,HAUPTS2160617,Y,18863.82625,2830.335714,0.281342176,0.281554232
3678,R/Cv,38,0,HAUPTS22160726,Y,18972.16236,2830.335714,0.281342176,0.281554232
3679,R/Cv,40,0,HADNTS3160726,Y,19759.42525,2830.335714,0.281342176,0.281554232
3680,R/Cv,41,0,S2UPTS4160617,Y,21949.53018,2830.335714,0.281342176,0.281554232
3681,R/Cv,43,0,S2DNTS5160617,Y,24551.93494,2830.335714,0.281342176,0.281554232
3682,R/Cv,44,0,S3UPTS6160730,Y,25887.85677,2830.335714,0.281342176,0.281554232
3683,R/Cv,46,0,S3DNTS7160730,Y,39206.58459,2830.335714,0.281342176,0.281554232
3684,R/Cv,17,0,SEUP160617,Y,13667.67429,1995.962038,0.157986857,0.158097225
3685,R/Cv,18,0,SEUP150706,Y,13667.66832,1995.962038,0.157986857,0.158097225
3686,R/Cv,19,0,SEDN160725,Y,13930.80574,1995.962038,0.157986857,0.158097225
3687,R/Cv,20,0,SEDN150706,Y,14165.54221,1995.962038,0.157986857,0.158097225
3688,R/Cv,21,0,SEDN160617,Y,14255.82075,1995.962038,0.157986857,0.158097225
3689,R/Cv,22,0,SEDNTS100150706,Y,14309.99018,1995.962038,0.157986857,0.158097225
3690,R/Cv,23,0,SEDNTS100150821,Y,14382.21565,1995.962038,0.157986857,0.158097225
3691,R/Cv,24,0,SEDNTS200150706,Y,14629.89291,1995.962038,0.157986857,0.158097225
3692,R/Cv,25,0,SEDNTS200150821,Y,14684.06947,1995.962038,0.157986857,0.158097225
3693,R/Cv,26,0,SEDNTSA160725,Y,14874.96238,1995.962038,0.157986857,0.158097225
3694,R/Cv,28,0,SEDNTSC160725,Y,15595.17638,1995.962038,0.157986857,0.158097225
3695,R/Cv,29,0,SEDNTS400150706,Y,15631.28914,1995.962038,0.157986857,0.158097225
3696,R/Cv,30,0,SEDNTS400150821,Y,15649.33772,1995.962038,0.157986857,0.158097225
3697,R/Cv,31,0,SEDNTS600150706,Y,15884.06925,1995.962038,0.157986857,0.158097225
3698,R/Cv,32,0,SEDNTS600150821,Y,15902.13233,1995.962038,0.157986857,0.158097225
3699,R/Cv,33,0,SEDNTS800150706,Y,16302.02121,1995.962038,0.157986857,0.158097225
3700,R/Cv,34,0,SEDNTS800150821,Y,16578.11229,1995.962038,0.157986857,0.158097225
3701,R/Cv,35,0,SEDNTS1000150706,Y,16970.26101,1995.962038,0.157986857,0.158097225
3702,R/Cv,36,0,SEDNTS1000150821,Y,17106.99654,1995.962038,0.157986857,0.158097225
3703,R/Cv,37,0,HAUPTS2160617,Y,18863.82625,1995.962038,0.157986857,0.158097225
3704,R/Cv,38,0,HAUPTS22160726,Y,18972.16236,1995.962038,0.157986857,0.158097225
3705,R/Cv,40,0,HADNTS3160726,Y,19759.42525,1995.962038,0.157986857,0.158097225
3706,R/Cv,41,0,S2UPTS4160617,Y,21949.53018,1995.962038,0.157986857,0.158097225
3707,R/Cv,43,0,S2DNTS5160617,Y,24551.93494,1995.962038,0.157986857,0.158097225
3708,R/Cv,44,0,S3UPTS6160730,Y,25887.85677,1995.962038,0.157986857,0.158097225
3709,R/Cv,46,0,S3DNTS7160730,Y,39206.58459,1995.962038,0.157986857,0.158097225
3710,R/Cv,17,0,SEUP160617,Y,13667.67429,4498.775874,0.778606416,0.77918227
3711,R/Cv,18,0,SEUP150706,Y,13667.66832,4498.775874,0.778606416,0.77918227
3712,R/Cv,19,0,SEDN160725,Y,13930.80574,4498.775874,0.778606416,0.77918227
3713,R/Cv,20,0,SEDN150706,Y,14165.54221,4498.775874,0.778606416,0.77918227
3714,R/Cv,21,0,SEDN160617,Y,14255.82075,4498.775874,0.778606416,0.77918227
3715,R/Cv,22,0,SEDNTS100150706,Y,14309.99018,4498.775874,0.778606416,0.77918227
3716,R/Cv,23,0,SEDNTS100150821,Y,14382.21565,4498.775874,0.778606416,0.77918227
3717,R/Cv,24,0,SEDNTS200150706,Y,14629.89291,4498.775874,0.778606416,0.77918227
3718,R/Cv,25,0,SEDNTS200150821,Y,14684.06947,4498.775874,0.778606416,0.77918227
3719,R/Cv,26,0,SEDNTSA160725,Y,14874.96238,4498.775874,0.778606416,0.77918227
3720,R/Cv,28,0,SEDNTSC160725,Y,15595.17638,4498.775874,0.778606416,0.77918227
3721,R/Cv,29,0,SEDNTS400150706,Y,15631.28914,4498.775874,0.778606416,0.77918227
3722,R/Cv,30,0,SEDNTS400150821,Y,15649.33772,4498.775874,0.778606416,0.77918227
3723,R/Cv,31,0,SEDNTS600150706,Y,15884.06925,4498.775874,0.778606416,0.77918227
3724,R/Cv,32,0,SEDNTS600150821,Y,15902.13233,4498.775874,0.778606416,0.77918227
3725,R/Cv,33,0,SEDNTS800150706,Y,16302.02121,4498.775874,0.778606416,0.77918227
3726,R/Cv,34,0,SEDNTS800150821,Y,16578.11229,4498.775874,0.778606416,0.77918227
3727,R/Cv,35,0,SEDNTS1000150706,Y,16970.26101,4498.775874,0.778606416,0.77918227
3728,R/Cv,36,0,SEDNTS1000150821,Y,17106.99654,4498.775874,0.778606416,0.77918227
3729,R/Cv,37,0,HAUPTS2160617,Y,18863.82625,4498.775874,0.778606416,0.77918227
3730,R/Cv,38,0,HAUPTS22160726,Y,18972.16236,4498.775874,0.778606416,0.77918227
3731,R/Cv,40,0,HADNTS3160726,Y,19759.42525,4498.775874,0.778606416,0.77918227
3732,R/Cv,41,0,S2UPTS4160617,Y,21949.53018,4498.775874,0.778606416,0.77918227
3733,R/Cv,43,0,S2DNTS5160617,Y,24551.93494,4498.775874,0.778606416,0.77918227
3734,R/Cv,44,0,S3UPTS6160730,Y,25887.85677,4498.775874,0.778606416,0.77918227
3735,R/Cv,46,0,S3DNTS7160730,Y,39206.58459,4498.775874,0.778606416,0.77918227
3736,Cx,17,0,SEUP160617,Y,13667.67429,4048.854264,0.448182305,0.448538136
3737,Cx,18,0,SEUP150706,Y,13667.66832,4048.854264,0.448182305,0.448538136
3738,Cx,19,0,SEDN160725,Y,13930.80574,4048.854264,0.448182305,0.448538136
3739,Cx,20,0,SEDN150706,Y,14165.54221,4048.854264,0.448182305,0.448538136
3740,Cx,21,0,SEDN160617,Y,14255.82075,4048.854264,0.448182305,0.448538136
3741,Cx,22,0,SEDNTS100150706,Y,14309.99018,4048.854264,0.448182305,0.448538136
3742,Cx,23,0,SEDNTS100150821,Y,14382.21565,4048.854264,0.448182305,0.448538136
3743,Cx,24,0,SEDNTS200150706,Y,14629.89291,4048.854264,0.448182305,0.448538136
3744,Cx,25,0,SEDNTS200150821,Y,14684.06947,4048.854264,0.448182305,0.448538136
3745,Cx,26,0,SEDNTSA160725,Y,14874.96238,4048.854264,0.448182305,0.448538136
3746,Cx,28,0,SEDNTSC160725,Y,15595.17638,4048.854264,0.448182305,0.448538136
3747,Cx,29,0,SEDNTS400150706,Y,15631.28914,4048.854264,0.448182305,0.448538136
3748,Cx,30,0,SEDNTS400150821,Y,15649.33772,4048.854264,0.448182305,0.448538136
3749,Cx,31,0,SEDNTS600150706,Y,15884.06925,4048.854264,0.448182305,0.448538136
3750,Cx,32,0,SEDNTS600150821,Y,15902.13233,4048.854264,0.448182305,0.448538136
3751,Cx,33,0,SEDNTS800150706,Y,16302.02121,4048.854264,0.448182305,0.448538136
3752,Cx,34,0,SEDNTS800150821,Y,16578.11229,4048.854264,0.448182305,0.448538136
3753,Cx,35,0,SEDNTS1000150706,Y,16970.26101,4048.854264,0.448182305,0.448538136
3754,Cx,36,0,SEDNTS1000150821,Y,17106.99654,4048.854264,0.448182305,0.448538136
3755,Cx,37,0,HAUPTS2160617,Y,18863.82625,4048.854264,0.448182305,0.448538136
3756,Cx,38,0,HAUPTS22160726,Y,18972.16236,4048.854264,0.448182305,0.448538136
3757,Cx,40,0,HADNTS3160726,Y,19759.42525,4048.854264,0.448182305,0.448538136
3758,Cx,41,0,S2UPTS4160617,Y,21949.53018,4048.854264,0.448182305,0.448538136
3759,Cx,43,0,S2DNTS5160617,Y,24551.93494,4048.854264,0.448182305,0.448538136
3760,Cx,44,0,S3UPTS6160730,Y,25887.85677,4048.854264,0.448182305,0.448538136
3761,Cx,46,0,S3DNTS7160730,Y,39206.58459,4048.854264,0.448182305,0.448538136
3762,MpMbMpv,17,0,SEUP160617,Y,13667.67429,16374.90472,3.451927983,3.454733936
3763,MpMbMpv,18,0,SEUP150706,Y,13667.66832,16374.90472,3.451927983,3.454733936
3764,MpMbMpv,19,0,SEDN160725,Y,13930.80574,16374.90472,3.451927983,3.454733936
3765,MpMbMpv,20,0,SEDN150706,Y,14165.54221,16374.90472,3.451927983,3.454733936
3766,MpMbMpv,21,0,SEDN160617,Y,14255.82075,16374.90472,3.451927983,3.454733936
3767,MpMbMpv,22,0,SEDNTS100150706,Y,14309.99018,16374.90472,3.451927983,3.454733936
3768,MpMbMpv,23,0,SEDNTS100150821,Y,14382.21565,16374.90472,3.451927983,3.454733936
3769,MpMbMpv,24,0,SEDNTS200150706,Y,14629.89291,16374.90472,3.451927983,3.454733936
3770,MpMbMpv,25,0,SEDNTS200150821,Y,14684.06947,16374.90472,3.451927983,3.454733936
3771,MpMbMpv,26,0,SEDNTSA160725,Y,14874.96238,16374.90472,3.451927983,3.454733936
3772,MpMbMpv,28,0,SEDNTSC160725,Y,15595.17638,16374.90472,3.451927983,3.454733936
3773,MpMbMpv,29,0,SEDNTS400150706,Y,15631.28914,16374.90472,3.451927983,3.454733936
3774,MpMbMpv,30,0,SEDNTS400150821,Y,15649.33772,16374.90472,3.451927983,3.454733936
3775,MpMbMpv,31,0,SEDNTS600150706,Y,15884.06925,16374.90472,3.451927983,3.454733936
3776,MpMbMpv,32,0,SEDNTS600150821,Y,15902.13233,16374.90472,3.451927983,3.454733936
3777,MpMbMpv,33,0,SEDNTS800150706,Y,16302.02121,16374.90472,3.451927983,3.454733936
3778,MpMbMpv,34,0,SEDNTS800150821,Y,16578.11229,16374.90472,3.451927983,3.454733936
3779,MpMbMpv,35,0,SEDNTS1000150706,Y,16970.26101,16374.90472,3.451927983,3.454733936
3780,MpMbMpv,36,0,SEDNTS1000150821,Y,17106.99654,16374.90472,3.451927983,3.454733936
3781,MpMbMpv,37,0,HAUPTS2160617,Y,18863.82625,16374.90472,3.451927983,3.454733936
3782,MpMbMpv,38,0,HAUPTS22160726,Y,18972.16236,16374.90472,3.451927983,3.454733936
3783,MpMbMpv,40,0,HADNTS3160726,Y,19759.42525,16374.90472,3.451927983,3.454733936
3784,MpMbMpv,41,0,S2UPTS4160617,Y,21949.53018,16374.90472,3.451927983,3.454733936
3785,MpMbMpv,43,0,S2DNTS5160617,Y,24551.93494,16374.90472,3.451927983,3.454733936
3786,MpMbMpv,44,0,S3UPTS6160730,Y,25887.85677,16374.90472,3.451927983,3.454733936
3787,MpMbMpv,46,0,S3DNTS7160730,Y,39206.58459,16374.90472,3.451927983,3.454733936
3788,R/Cv,17,0,SEUP160617,Y,13667.67429,2370.621797,0.064651771,0.064695199
3789,R/Cv,18,0,SEUP150706,Y,13667.66832,2370.621797,0.064651771,0.064695199
3790,R/Cv,19,0,SEDN160725,Y,13930.80574,2370.621797,0.064651771,0.064695199
3791,R/Cv,20,0,SEDN150706,Y,14165.54221,2370.621797,0.064651771,0.064695199
3792,R/Cv,21,0,SEDN160617,Y,14255.82075,2370.621797,0.064651771,0.064695199
3793,R/Cv,22,0,SEDNTS100150706,Y,14309.99018,2370.621797,0.064651771,0.064695199
3794,R/Cv,23,0,SEDNTS100150821,Y,14382.21565,2370.621797,0.064651771,0.064695199
3795,R/Cv,24,0,SEDNTS200150706,Y,14629.89291,2370.621797,0.064651771,0.064695199
3796,R/Cv,25,0,SEDNTS200150821,Y,14684.06947,2370.621797,0.064651771,0.064695199
3797,R/Cv,26,0,SEDNTSA160725,Y,14874.96238,2370.621797,0.064651771,0.064695199
3798,R/Cv,28,0,SEDNTSC160725,Y,15595.17638,2370.621797,0.064651771,0.064695199
3799,R/Cv,29,0,SEDNTS400150706,Y,15631.28914,2370.621797,0.064651771,0.064695199
3800,R/Cv,30,0,SEDNTS400150821,Y,15649.33772,2370.621797,0.064651771,0.064695199
3801,R/Cv,31,0,SEDNTS600150706,Y,15884.06925,2370.621797,0.064651771,0.064695199
3802,R/Cv,32,0,SEDNTS600150821,Y,15902.13233,2370.621797,0.064651771,0.064695199
3803,R/Cv,33,0,SEDNTS800150706,Y,16302.02121,2370.621797,0.064651771,0.064695199
3804,R/Cv,34,0,SEDNTS800150821,Y,16578.11229,2370.621797,0.064651771,0.064695199
3805,R/Cv,35,0,SEDNTS1000150706,Y,16970.26101,2370.621797,0.064651771,0.064695199
3806,R/Cv,36,0,SEDNTS1000150821,Y,17106.99654,2370.621797,0.064651771,0.064695199
3807,R/Cv,37,0,HAUPTS2160617,Y,18863.82625,2370.621797,0.064651771,0.064695199
3808,R/Cv,38,0,HAUPTS22160726,Y,18972.16236,2370.621797,0.064651771,0.064695199
3809,R/Cv,40,0,HADNTS3160726,Y,19759.42525,2370.621797,0.064651771,0.064695199
3810,R/Cv,41,0,S2UPTS4160617,Y,21949.53018,2370.621797,0.064651771,0.064695199
3811,R/Cv,43,0,S2DNTS5160617,Y,24551.93494,2370.621797,0.064651771,0.064695199
3812,R/Cv,44,0,S3UPTS6160730,Y,25887.85677,2370.621797,0.064651771,0.064695199
3813,R/Cv,46,0,S3DNTS7160730,Y,39206.58459,2370.621797,0.064651771,0.064695199
