OID_,Name,FID_ch3archydrowatersheds2021061_nad83zn8,HydroID,Name_1,LakeAddChe,Shape_Leng,Shape_Length,Shape_Area,Area_km2,Area_km2geodesic
1,MpMbMpv,60,0,siteSCoutlet170807,Y,267972.9067,178.7377536,835.0975604,0.000835098,0.000835689
2,R/Cv,0,0,site45,Y,19466.2695,17160.39016,7531493.832,7.531493832,7.53695379
3,R/Cv,1,0,site1,Y,6129.190583,5110.028636,733787.6618,0.733787662,0.734350091
4,R/Cv,2,0,site40alt1,Y,7194.044193,7231.3025,899191.9651,0.899191965,0.899891099
5,Mv,47,0,site71,Y,3633.289447,78.6125083,374.3386548,0.000374339,0.000374625
6,Mv,48,0,site62,Y,10889.70008,6268.901602,900077.8566,0.900077857,0.900785117
7,Mv,49,0,site13,Y,8995.516517,1889.075484,127040.0144,0.127040014,0.127142348
8,ApAt,60,0,siteSCoutlet170807,Y,267972.9067,14696.50179,1451044.257,1.451044257,1.452206735
9,MhMrMm,48,0,site62,Y,10889.70008,7093.87433,967672.6231,0.967672623,0.968431055
10,MhMrMm,49,0,site13,Y,8995.516517,8465.475623,2119623.764,2.119623764,2.121288399
11,MpMbMpv,47,0,site71,Y,3633.289447,3601.207443,327696.2737,0.327696274,0.327951731
12,Cx,5,0,site32,Y,17714.52385,2748.042537,84693.4654,0.084693465,0.084752314
13,Cx,2,0,site40alt1,Y,7194.044193,3277.082039,77916.53027,0.07791653,0.077974076
14,Lb,3,0,site26,Y,13463.78875,2427.998557,200147.9271,0.200147927,0.20029274
15,Lb,4,0,site31,Y,15583.04631,1446.461239,78704.06716,0.078704067,0.078764929
16,Lb,5,0,site32,Y,17714.52385,2765.709188,225566.0861,0.225566086,0.225732512
17,Cx,6,0,site30,Y,7480.047959,3680.534329,431873.4399,0.43187344,0.432197099
18,Cx,4,0,site31,Y,15583.04631,3963.16363,498721.7659,0.498721766,0.499077397
19,Gp,4,0,site31,Y,15583.04631,303.7211329,2603.355103,0.002603355,0.002605127
20,Gp,5,0,site32,Y,17714.52385,2812.663159,181688.004,0.181688004,0.181824523
21,Gp,6,0,site30,Y,7480.047959,3112.848225,310277.5851,0.310277585,0.310509672
22,Gp,4,0,site31,Y,15583.04631,2019.792279,197792.1085,0.197792108,0.197938806
23,Gp,5,0,site32,Y,17714.52385,1612.516553,101786.0204,0.10178602,0.101862764
24,Lb,1,0,site1,Y,6129.190583,1884.688701,103935.5785,0.103935578,0.104014762
25,Lb,2,0,site40alt1,Y,7194.044193,2127.006937,265400.4628,0.265400463,0.265592792
26,Cx,0,0,site45,Y,19466.2695,1915.932919,106081.0365,0.106081037,0.106159715
27,Cv,0,0,site45,Y,19466.2695,13958.61633,3639344.677,3.639344677,3.642150378
28,Cv,1,0,site1,Y,6129.190583,1914.666296,120014.3895,0.12001439,0.120097934
29,Cx,46,0,S3DNTS7160730,Y,39206.58459,722.4934521,3981.90269,0.003981903,0.003985012
30,R/Cv,3,0,site26,Y,13463.78875,14211.71943,3720773.02,3.72077302,3.72364775
31,R/Cv,4,0,site31,Y,15583.04631,20482.48081,3606472.41,3.60647241,3.609408689
32,R/Cv,5,0,site32,Y,17714.52385,16943.57855,7453130.4,7.4531304,7.458899295
33,R/Cv,6,0,site30,Y,7480.047959,5342.734397,888442.6476,0.888442648,0.889139766
34,Cx,5,0,site32,Y,17714.52385,2791.952317,357321.5394,0.357321539,0.357595482
35,MpMbMpv,59,0,siteSCoutlet170710,Y,263523.1099,25697.52801,10708932.1,10.7089321,10.71748516
36,MpMbMpv,60,0,siteSCoutlet170807,Y,267972.9067,25697.52801,10708932.1,10.7089321,10.71748516
37,MpMbMpv,59,0,siteSCoutlet170710,Y,263523.1099,3471.073506,351231.651,0.351231651,0.35150617
38,MpMbMpv,60,0,siteSCoutlet170807,Y,267972.9067,3471.073506,351231.651,0.351231651,0.35150617
39,Mv,45,0,S3INTSINFLOW3160730,Y,35682.3182,8004.194189,919664.1186,0.919664119,0.920358261
40,Mv,46,0,S3DNTS7160730,Y,39206.58459,8004.194189,919664.1186,0.919664119,0.920358261
41,Mv,45,0,S3INTSINFLOW3160730,Y,35682.3182,6115.642684,602562.2245,0.602562224,0.603040005
42,Mv,46,0,S3DNTS7160730,Y,39206.58459,6115.642684,602562.2245,0.602562224,0.603040005
43,Cx,59,0,siteSCoutlet170710,Y,263523.1099,169.2440656,719.6937786,0.000719694,0.000719725
44,Cx,60,0,siteSCoutlet170807,Y,267972.9067,169.2440656,719.6937786,0.000719694,0.000719725
45,Cx,59,0,siteSCoutlet170710,Y,263523.1099,16915.07869,2335672.685,2.335672685,2.337454709
46,Cx,60,0,siteSCoutlet170807,Y,267972.9067,16915.07869,2335672.685,2.335672685,2.337454709
47,Cx,59,0,siteSCoutlet170710,Y,263523.1099,82.14928933,29.16157196,2.91616E-05,2.91535E-05
48,Cx,60,0,siteSCoutlet170807,Y,267972.9067,82.14928933,29.16157196,2.91616E-05,2.91535E-05
49,MhMrMm,59,0,siteSCoutlet170710,Y,263523.1099,22410.68406,10216655.75,10.21665575,10.22476538
50,MhMrMm,60,0,siteSCoutlet170807,Y,267972.9067,22410.68406,10216655.75,10.21665575,10.22476538
51,MpMbMpv,59,0,siteSCoutlet170710,Y,263523.1099,20526.79161,4677649.17,4.67764917,4.681543373
52,MpMbMpv,60,0,siteSCoutlet170807,Y,267972.9067,20526.79161,4677649.17,4.67764917,4.681543373
53,ApAt,59,0,siteSCoutlet170710,Y,263523.1099,19760.07044,1991640.783,1.991640783,1.993265868
54,ApAt,60,0,siteSCoutlet170807,Y,267972.9067,19760.07044,1991640.783,1.991640783,1.993265868
55,Cx,44,0,S3UPTS6160730,Y,25887.85677,2131.677782,185678.2744,0.185678274,0.185826945
56,Cx,46,0,S3DNTS7160730,Y,39206.58459,2131.677782,185678.2744,0.185678274,0.185826945
57,Cx,45,0,S3INTSINFLOW3160730,Y,35682.3182,7861.124688,1462330.065,1.462330065,1.463442728
58,Cx,46,0,S3DNTS7160730,Y,39206.58459,7861.124688,1462330.065,1.462330065,1.463442728
59,Cx,45,0,S3INTSINFLOW3160730,Y,35682.3182,214.2393301,779.5535879,0.000779554,0.000780157
60,Cx,46,0,S3DNTS7160730,Y,39206.58459,214.2393301,779.5535879,0.000779554,0.000780157
61,R/Cv,4,0,site31,Y,15583.04631,2909.202917,358648.527,0.358648527,0.358908183
62,R/Cv,4,0,site31,Y,15583.04631,2909.202917,358648.527,0.358648527,0.358908183
63,R/Cv,5,0,site32,Y,17714.52385,734.9700426,26382.74978,0.02638275,0.026401747
64,R/Cv,5,0,site32,Y,17714.52385,734.9700426,26382.74978,0.02638275,0.026401747
65,R/Cv,4,0,site31,Y,15583.04631,1507.955066,109239.7717,0.109239772,0.109320465
66,R/Cv,4,0,site31,Y,15583.04631,1507.955066,109239.7717,0.109239772,0.109320465
67,R/Cv,45,0,S3INTSINFLOW3160730,Y,35682.3182,7358.463542,1779393.562,1.779393562,1.780742716
68,R/Cv,46,0,S3DNTS7160730,Y,39206.58459,7358.463542,1779393.562,1.779393562,1.780742716
69,MpMbMpv,44,0,S3UPTS6160730,Y,25887.85677,4701.277152,136068.5048,0.136068505,0.136165838
70,MpMbMpv,46,0,S3DNTS7160730,Y,39206.58459,4701.277152,136068.5048,0.136068505,0.136165838
71,MpMbMpv,45,0,S3INTSINFLOW3160730,Y,35682.3182,31307.82984,7461693.185,7.461693185,7.467651386
72,MpMbMpv,46,0,S3DNTS7160730,Y,39206.58459,31307.82984,7461693.185,7.461693185,7.467651386
73,R/Cv,45,0,S3INTSINFLOW3160730,Y,35682.3182,5541.178304,408515.1173,0.408515117,0.40882567
74,R/Cv,46,0,S3DNTS7160730,Y,39206.58459,5541.178304,408515.1173,0.408515117,0.40882567
75,MpMbMpv,58,0,siteSC-9A,Y,258694.6456,2800.778712,114200.1216,0.114200122,0.11428464
76,MpMbMpv,59,0,siteSCoutlet170710,Y,263523.1099,2800.778712,114200.1216,0.114200122,0.11428464
77,MpMbMpv,60,0,siteSCoutlet170807,Y,267972.9067,2800.778712,114200.1216,0.114200122,0.11428464
78,MpMbMpv,58,0,siteSC-9A,Y,258694.6456,33406.12599,4788427.795,4.788427795,4.792577512
79,MpMbMpv,59,0,siteSCoutlet170710,Y,263523.1099,33406.12599,4788427.795,4.788427795,4.792577512
80,MpMbMpv,60,0,siteSCoutlet170807,Y,267972.9067,33406.12599,4788427.795,4.788427795,4.792577512
81,MpMbMpv,58,0,siteSC-9A,Y,258694.6456,575.3384532,14074.42848,0.014074428,0.01408522
82,MpMbMpv,59,0,siteSCoutlet170710,Y,263523.1099,575.3384532,14074.42848,0.014074428,0.01408522
83,MpMbMpv,60,0,siteSCoutlet170807,Y,267972.9067,575.3384532,14074.42848,0.014074428,0.01408522
84,Mv,9,0,site27,Y,7068.348341,4257.190397,503726.5248,0.503726525,0.504121178
85,Mv,45,0,S3INTSINFLOW3160730,Y,35682.3182,4257.190397,503726.5248,0.503726525,0.504121178
86,Mv,46,0,S3DNTS7160730,Y,39206.58459,4257.190397,503726.5248,0.503726525,0.504121178
87,Mv,16,0,SDDNTS400150704,Y,7087.512259,2621.422625,19802.04197,0.019802042,0.019817392
88,Mv,45,0,S3INTSINFLOW3160730,Y,35682.3182,2621.422625,19802.04197,0.019802042,0.019817392
89,Mv,46,0,S3DNTS7160730,Y,39206.58459,2621.422625,19802.04197,0.019802042,0.019817392
90,Cx,58,0,siteSC-9A,Y,258694.6456,31254.83363,6713894.76,6.71389476,6.718944412
91,Cx,59,0,siteSCoutlet170710,Y,263523.1099,31254.83363,6713894.76,6.71389476,6.718944412
92,Cx,60,0,siteSCoutlet170807,Y,267972.9067,31254.83363,6713894.76,6.71389476,6.718944412
93,Cx,58,0,siteSC-9A,Y,258694.6456,181.7264265,872.6754285,0.000872675,0.00087321
94,Cx,59,0,siteSCoutlet170710,Y,263523.1099,181.7264265,872.6754285,0.000872675,0.00087321
95,Cx,60,0,siteSCoutlet170807,Y,267972.9067,181.7264265,872.6754285,0.000872675,0.00087321
96,Cx,58,0,siteSC-9A,Y,258694.6456,311.3979362,860.1507148,0.000860151,0.00086051
97,Cx,59,0,siteSCoutlet170710,Y,263523.1099,311.3979362,860.1507148,0.000860151,0.00086051
98,Cx,60,0,siteSCoutlet170807,Y,267972.9067,311.3979362,860.1507148,0.000860151,0.00086051
99,MhMrMm,58,0,siteSC-9A,Y,258694.6456,14674.88962,2929920.471,2.929920471,2.932218691
100,MhMrMm,59,0,siteSCoutlet170710,Y,263523.1099,14674.88962,2929920.471,2.929920471,2.932218691
101,MhMrMm,60,0,siteSCoutlet170807,Y,267972.9067,14674.88962,2929920.471,2.929920471,2.932218691
102,ApAt,58,0,siteSC-9A,Y,258694.6456,15889.99531,3467192.014,3.467192014,3.470162986
103,ApAt,59,0,siteSCoutlet170710,Y,263523.1099,15889.99531,3467192.014,3.467192014,3.470162986
104,ApAt,60,0,siteSCoutlet170807,Y,267972.9067,15889.99531,3467192.014,3.467192014,3.470162986
105,Cx,58,0,siteSC-9A,Y,258694.6456,408.2039679,3074.648342,0.003074648,0.003077316
106,Cx,59,0,siteSCoutlet170710,Y,263523.1099,408.2039679,3074.648342,0.003074648,0.003077316
107,Cx,60,0,siteSCoutlet170807,Y,267972.9067,408.2039679,3074.648342,0.003074648,0.003077316
108,MhMrMm,58,0,siteSC-9A,Y,258694.6456,31903.39227,8855881.831,8.855881831,8.862917122
109,MhMrMm,59,0,siteSCoutlet170710,Y,263523.1099,31903.39227,8855881.831,8.855881831,8.862917122
110,MhMrMm,60,0,siteSCoutlet170807,Y,267972.9067,31903.39227,8855881.831,8.855881831,8.862917122
111,Cx,58,0,siteSC-9A,Y,258694.6456,6546.067663,948271.2413,0.948271241,0.948940397
112,Cx,59,0,siteSCoutlet170710,Y,263523.1099,6546.067663,948271.2413,0.948271241,0.948940397
113,Cx,60,0,siteSCoutlet170807,Y,267972.9067,6546.067663,948271.2413,0.948271241,0.948940397
114,MpMbMpv,58,0,siteSC-9A,Y,258694.6456,54155.49964,26412928.37,26.41292837,26.43450737
115,MpMbMpv,59,0,siteSCoutlet170710,Y,263523.1099,54155.49964,26412928.37,26.41292837,26.43450737
116,MpMbMpv,60,0,siteSCoutlet170807,Y,267972.9067,54155.49964,26412928.37,26.41292837,26.43450737
117,Cx,43,0,S2DNTS5160617,Y,24551.93494,1145.035118,13454.76983,0.01345477,0.013465023
118,Cx,44,0,S3UPTS6160730,Y,25887.85677,1145.035118,13454.76983,0.01345477,0.013465023
119,Cx,46,0,S3DNTS7160730,Y,39206.58459,1145.035118,13454.76983,0.01345477,0.013465023
120,R/Cv,7,0,site42,Y,11471.6213,9050.594263,2819877.113,2.819877113,2.822028944
121,R/Cv,45,0,S3INTSINFLOW3160730,Y,35682.3182,9050.594263,2819877.113,2.819877113,2.822028944
122,R/Cv,46,0,S3DNTS7160730,Y,39206.58459,9050.594263,2819877.113,2.819877113,2.822028944
123,R/Cv,9,0,site27,Y,7068.348341,129.8472064,293.840053,0.00029384,0.000294024
124,R/Cv,45,0,S3INTSINFLOW3160730,Y,35682.3182,129.8472064,293.840053,0.00029384,0.000294024
125,R/Cv,46,0,S3DNTS7160730,Y,39206.58459,129.8472064,293.840053,0.00029384,0.000294024
126,MpMbMpv,7,0,site42,Y,11471.6213,5108.036338,1035274.887,1.035274887,1.036082591
127,MpMbMpv,45,0,S3INTSINFLOW3160730,Y,35682.3182,5108.036338,1035274.887,1.035274887,1.036082591
128,MpMbMpv,46,0,S3DNTS7160730,Y,39206.58459,5108.036338,1035274.887,1.035274887,1.036082591
129,MpMbMpv,8,0,site53,Y,9609.948678,6279.20733,857550.9803,0.85755098,0.858211304
130,MpMbMpv,45,0,S3INTSINFLOW3160730,Y,35682.3182,6279.20733,857550.9803,0.85755098,0.858211304
131,MpMbMpv,46,0,S3DNTS7160730,Y,39206.58459,6279.20733,857550.9803,0.85755098,0.858211304
132,MpMbMpv,9,0,site27,Y,7068.348341,3702.063228,361039.2412,0.361039241,0.361321864
133,MpMbMpv,45,0,S3INTSINFLOW3160730,Y,35682.3182,3702.063228,361039.2412,0.361039241,0.361321864
134,MpMbMpv,46,0,S3DNTS7160730,Y,39206.58459,3702.063228,361039.2412,0.361039241,0.361321864
135,MpMbMpv,16,0,SDDNTS400150704,Y,7087.512259,1435.957008,23332.87687,0.023332877,0.023350826
136,MpMbMpv,45,0,S3INTSINFLOW3160730,Y,35682.3182,1435.957008,23332.87687,0.023332877,0.023350826
137,MpMbMpv,46,0,S3DNTS7160730,Y,39206.58459,1435.957008,23332.87687,0.023332877,0.023350826
138,MpMbMpv,43,0,S2DNTS5160617,Y,24551.93494,489.6737443,4152.004459,0.004152004,0.004155489
139,MpMbMpv,44,0,S3UPTS6160730,Y,25887.85677,489.6737443,4152.004459,0.004152004,0.004155489
140,MpMbMpv,46,0,S3DNTS7160730,Y,39206.58459,489.6737443,4152.004459,0.004152004,0.004155489
141,MpMbMpv,9,0,site27,Y,7068.348341,342.9430778,2043.765958,0.002043766,0.002044748
142,MpMbMpv,45,0,S3INTSINFLOW3160730,Y,35682.3182,342.9430778,2043.765958,0.002043766,0.002044748
143,MpMbMpv,46,0,S3DNTS7160730,Y,39206.58459,342.9430778,2043.765958,0.002043766,0.002044748
144,R/Cv,7,0,site42,Y,11471.6213,2896.605275,373384.3858,0.373384386,0.373670195
145,R/Cv,45,0,S3INTSINFLOW3160730,Y,35682.3182,2896.605275,373384.3858,0.373384386,0.373670195
146,R/Cv,46,0,S3DNTS7160730,Y,39206.58459,2896.605275,373384.3858,0.373384386,0.373670195
147,R/Cv,8,0,site53,Y,9609.948678,6574.789568,892677.6665,0.892677667,0.893365035
148,R/Cv,45,0,S3INTSINFLOW3160730,Y,35682.3182,6574.789568,892677.6665,0.892677667,0.893365035
149,R/Cv,46,0,S3DNTS7160730,Y,39206.58459,6574.789568,892677.6665,0.892677667,0.893365035
150,ApAt,58,0,siteSC-9A,Y,258694.6456,529.7501345,12986.83244,0.012986832,0.012997172
151,ApAt,59,0,siteSCoutlet170710,Y,263523.1099,529.7501345,12986.83244,0.012986832,0.012997172
152,ApAt,60,0,siteSCoutlet170807,Y,267972.9067,529.7501345,12986.83244,0.012986832,0.012997172
153,MpMbMpv,56,0,SC-8B,Y,237453.753,21238.78942,6344847.762,6.344847762,6.349711515
154,MpMbMpv,58,0,siteSC-9A,Y,258694.6456,21238.78942,6344847.762,6.344847762,6.349711515
155,MpMbMpv,59,0,siteSCoutlet170710,Y,263523.1099,21238.78942,6344847.762,6.344847762,6.349711515
156,MpMbMpv,60,0,siteSCoutlet170807,Y,267972.9067,21238.78942,6344847.762,6.344847762,6.349711515
157,MpMbMpv,57,0,site14,Y,48819.29437,18239.10103,3365090.797,3.365090797,3.367761753
158,MpMbMpv,58,0,siteSC-9A,Y,258694.6456,18239.10103,3365090.797,3.365090797,3.367761753
159,MpMbMpv,59,0,siteSCoutlet170710,Y,263523.1099,18239.10103,3365090.797,3.365090797,3.367761753
160,MpMbMpv,60,0,siteSCoutlet170807,Y,267972.9067,18239.10103,3365090.797,3.365090797,3.367761753
161,MpMbMpv,58,0,siteSC-9A,Y,258694.6456,370.7628843,2306.162339,0.002306162,0.002292395
162,MpMbMpv,59,0,siteSCoutlet170710,Y,263523.1099,370.7628843,2306.162339,0.002306162,0.002292395
163,MpMbMpv,60,0,siteSCoutlet170807,Y,267972.9067,370.7628843,2306.162339,0.002306162,0.002292395
164,Cx,58,0,siteSC-9A,Y,258694.6456,370.7628843,2306.162339,0.002306162,0.002292395
165,Cx,59,0,siteSCoutlet170710,Y,263523.1099,370.7628843,2306.162339,0.002306162,0.002292395
166,Cx,60,0,siteSCoutlet170807,Y,267972.9067,370.7628843,2306.162339,0.002306162,0.002292395
167,MpMbMpv,57,0,site14,Y,48819.29437,15969.70644,3182028.54,3.18202854,3.184510209
168,MpMbMpv,58,0,siteSC-9A,Y,258694.6456,15969.70644,3182028.54,3.18202854,3.184510209
169,MpMbMpv,59,0,siteSCoutlet170710,Y,263523.1099,15969.70644,3182028.54,3.18202854,3.184510209
170,MpMbMpv,60,0,siteSCoutlet170807,Y,267972.9067,15969.70644,3182028.54,3.18202854,3.184510209
171,R/Cv,42,0,S2INTSINFLOW2160617,Y,21209.24344,1936.045367,186687.1378,0.186687138,0.186827663
172,R/Cv,43,0,S2DNTS5160617,Y,24551.93494,1936.045367,186687.1378,0.186687138,0.186827663
173,R/Cv,44,0,S3UPTS6160730,Y,25887.85677,1936.045367,186687.1378,0.186687138,0.186827663
174,R/Cv,46,0,S3DNTS7160730,Y,39206.58459,1936.045367,186687.1378,0.186687138,0.186827663
175,R/Cv,42,0,S2INTSINFLOW2160617,Y,21209.24344,1672.047032,86254.82641,0.086254826,0.086319241
176,R/Cv,43,0,S2DNTS5160617,Y,24551.93494,1672.047032,86254.82641,0.086254826,0.086319241
177,R/Cv,44,0,S3UPTS6160730,Y,25887.85677,1672.047032,86254.82641,0.086254826,0.086319241
178,R/Cv,46,0,S3DNTS7160730,Y,39206.58459,1672.047032,86254.82641,0.086254826,0.086319241
179,Mv,15,0,SDDNTS300150704,Y,6912.094798,2363.253432,28841.18836,0.028841188,0.028863212
180,Mv,16,0,SDDNTS400150704,Y,7087.512259,2363.253432,28841.18836,0.028841188,0.028863212
181,Mv,45,0,S3INTSINFLOW3160730,Y,35682.3182,2363.253432,28841.18836,0.028841188,0.028863212
182,Mv,46,0,S3DNTS7160730,Y,39206.58459,2363.253432,28841.18836,0.028841188,0.028863212
183,Cx,56,0,SC-8B,Y,237453.753,27823.46123,10434249.31,10.43424931,10.44267559
184,Cx,58,0,siteSC-9A,Y,258694.6456,27823.46123,10434249.31,10.43424931,10.44267559
185,Cx,59,0,siteSCoutlet170710,Y,263523.1099,27823.46123,10434249.31,10.43424931,10.44267559
186,Cx,60,0,siteSCoutlet170807,Y,267972.9067,27823.46123,10434249.31,10.43424931,10.44267559
187,Cx,57,0,site14,Y,48819.29437,18879.29941,2580490.597,2.580490597,2.582599957
188,Cx,58,0,siteSC-9A,Y,258694.6456,18879.29941,2580490.597,2.580490597,2.582599957
189,Cx,59,0,siteSCoutlet170710,Y,263523.1099,18879.29941,2580490.597,2.580490597,2.582599957
190,Cx,60,0,siteSCoutlet170807,Y,267972.9067,18879.29941,2580490.597,2.580490597,2.582599957
191,MhMrMm,56,0,SC-8B,Y,237453.753,15887.93694,5412338.802,5.412338802,5.416719713
192,MhMrMm,58,0,siteSC-9A,Y,258694.6456,15887.93694,5412338.802,5.412338802,5.416719713
193,MhMrMm,59,0,siteSCoutlet170710,Y,263523.1099,15887.93694,5412338.802,5.412338802,5.416719713
194,MhMrMm,60,0,siteSCoutlet170807,Y,267972.9067,15887.93694,5412338.802,5.412338802,5.416719713
195,MhMrMm,57,0,site14,Y,48819.29437,43851.21297,16038008.83,16.03800883,16.05088324
196,MhMrMm,58,0,siteSC-9A,Y,258694.6456,43851.21297,16038008.83,16.03800883,16.05088324
197,MhMrMm,59,0,siteSCoutlet170710,Y,263523.1099,43851.21297,16038008.83,16.03800883,16.05088324
198,MhMrMm,60,0,siteSCoutlet170807,Y,267972.9067,43851.21297,16038008.83,16.03800883,16.05088324
199,MhMrMm,58,0,siteSC-9A,Y,258694.6456,1592.372599,13081.76894,0.013081769,0.013094916
200,MhMrMm,59,0,siteSCoutlet170710,Y,263523.1099,1592.372599,13081.76894,0.013081769,0.013094916
201,MhMrMm,60,0,siteSCoutlet170807,Y,267972.9067,1592.372599,13081.76894,0.013081769,0.013094916
202,Cx,58,0,siteSC-9A,Y,258694.6456,1592.372599,13081.76894,0.013081769,0.013094916
203,Cx,59,0,siteSCoutlet170710,Y,263523.1099,1592.372599,13081.76894,0.013081769,0.013094916
204,Cx,60,0,siteSCoutlet170807,Y,267972.9067,1592.372599,13081.76894,0.013081769,0.013094916
205,MhMrMm,55,0,site12-1,Y,3831.035085,1069.740526,22279.99224,0.022279992,0.02229966
206,MhMrMm,58,0,siteSC-9A,Y,258694.6456,1069.740526,22279.99224,0.022279992,0.02229966
207,MhMrMm,59,0,siteSCoutlet170710,Y,263523.1099,1069.740526,22279.99224,0.022279992,0.02229966
208,MhMrMm,60,0,siteSCoutlet170807,Y,267972.9067,1069.740526,22279.99224,0.022279992,0.02229966
209,Cx,58,0,siteSC-9A,Y,258694.6456,536.5641437,3610.6383,0.003610638,0.00361255
210,Cx,59,0,siteSCoutlet170710,Y,263523.1099,536.5641437,3610.6383,0.003610638,0.00361255
211,Cx,60,0,siteSCoutlet170807,Y,267972.9067,536.5641437,3610.6383,0.003610638,0.00361255
212,MhMrMm,58,0,siteSC-9A,Y,258694.6456,536.5641437,3610.6383,0.003610638,0.00361255
213,MhMrMm,59,0,siteSCoutlet170710,Y,263523.1099,536.5641437,3610.6383,0.003610638,0.00361255
214,MhMrMm,60,0,siteSCoutlet170807,Y,267972.9067,536.5641437,3610.6383,0.003610638,0.00361255
215,MpMbMpv,55,0,site12-1,Y,3831.035085,3230.02854,189324.987,0.189324987,0.189471262
216,MpMbMpv,58,0,siteSC-9A,Y,258694.6456,3230.02854,189324.987,0.189324987,0.189471262
217,MpMbMpv,59,0,siteSCoutlet170710,Y,263523.1099,3230.02854,189324.987,0.189324987,0.189471262
218,MpMbMpv,60,0,siteSCoutlet170807,Y,267972.9067,3230.02854,189324.987,0.189324987,0.189471262
219,MpMbMpv,56,0,SC-8B,Y,237453.753,4792.293138,737129.3338,0.737129334,0.737722538
220,MpMbMpv,58,0,siteSC-9A,Y,258694.6456,4792.293138,737129.3338,0.737129334,0.737722538
221,MpMbMpv,59,0,siteSCoutlet170710,Y,263523.1099,4792.293138,737129.3338,0.737129334,0.737722538
222,MpMbMpv,60,0,siteSCoutlet170807,Y,267972.9067,4792.293138,737129.3338,0.737129334,0.737722538
223,Cx,41,0,S2UPTS4160617,Y,21949.53018,2643.649437,259611.1735,0.259611174,0.259814827
224,Cx,43,0,S2DNTS5160617,Y,24551.93494,2643.649437,259611.1735,0.259611174,0.259814827
225,Cx,44,0,S3UPTS6160730,Y,25887.85677,2643.649437,259611.1735,0.259611174,0.259814827
226,Cx,46,0,S3DNTS7160730,Y,39206.58459,2643.649437,259611.1735,0.259611174,0.259814827
227,Cx,42,0,S2INTSINFLOW2160617,Y,21209.24344,4676.26606,621878.6216,0.621878622,0.62232797
228,Cx,43,0,S2DNTS5160617,Y,24551.93494,4676.26606,621878.6216,0.621878622,0.62232797
229,Cx,44,0,S3UPTS6160730,Y,25887.85677,4676.26606,621878.6216,0.621878622,0.62232797
230,Cx,46,0,S3DNTS7160730,Y,39206.58459,4676.26606,621878.6216,0.621878622,0.62232797
231,Cx,42,0,S2INTSINFLOW2160617,Y,21209.24344,3598.232179,450885.2946,0.450885295,0.451211582
232,Cx,43,0,S2DNTS5160617,Y,24551.93494,3598.232179,450885.2946,0.450885295,0.451211582
233,Cx,44,0,S3UPTS6160730,Y,25887.85677,3598.232179,450885.2946,0.450885295,0.451211582
234,Cx,46,0,S3DNTS7160730,Y,39206.58459,3598.232179,450885.2946,0.450885295,0.451211582
235,MpMbMpv,15,0,SDDNTS300150704,Y,6912.094798,3421.125597,65803.89938,0.065803899,0.065855172
236,MpMbMpv,16,0,SDDNTS400150704,Y,7087.512259,3421.125597,65803.89938,0.065803899,0.065855172
237,MpMbMpv,45,0,S3INTSINFLOW3160730,Y,35682.3182,3421.125597,65803.89938,0.065803899,0.065855172
238,MpMbMpv,46,0,S3DNTS7160730,Y,39206.58459,3421.125597,65803.89938,0.065803899,0.065855172
239,MpMbMpv,41,0,S2UPTS4160617,Y,21949.53018,5930.183979,648818.0415,0.648818042,0.649324707
240,MpMbMpv,43,0,S2DNTS5160617,Y,24551.93494,5930.183979,648818.0415,0.648818042,0.649324707
241,MpMbMpv,44,0,S3UPTS6160730,Y,25887.85677,5930.183979,648818.0415,0.648818042,0.649324707
242,MpMbMpv,46,0,S3DNTS7160730,Y,39206.58459,5930.183979,648818.0415,0.648818042,0.649324707
243,MpMbMpv,42,0,S2INTSINFLOW2160617,Y,21209.24344,23269.63545,6674425.527,6.674425527,6.679815068
244,MpMbMpv,43,0,S2DNTS5160617,Y,24551.93494,23269.63545,6674425.527,6.674425527,6.679815068
245,MpMbMpv,44,0,S3UPTS6160730,Y,25887.85677,23269.63545,6674425.527,6.674425527,6.679815068
246,MpMbMpv,46,0,S3DNTS7160730,Y,39206.58459,23269.63545,6674425.527,6.674425527,6.679815068
247,R/Cv,42,0,S2INTSINFLOW2160617,Y,21209.24344,5386.774668,951712.7763,0.951712776,0.952464383
248,R/Cv,43,0,S2DNTS5160617,Y,24551.93494,5386.774668,951712.7763,0.951712776,0.952464383
249,R/Cv,44,0,S3UPTS6160730,Y,25887.85677,5386.774668,951712.7763,0.951712776,0.952464383
250,R/Cv,46,0,S3DNTS7160730,Y,39206.58459,5386.774668,951712.7763,0.951712776,0.952464383
251,MpMbMpv,54,0,siteDC-4,Y,127713.0386,41150.32874,18581545.43,18.58154543,18.59655671
252,MpMbMpv,56,0,SC-8B,Y,237453.753,41150.32874,18581545.43,18.58154543,18.59655671
253,MpMbMpv,58,0,siteSC-9A,Y,258694.6456,41150.32874,18581545.43,18.58154543,18.59655671
254,MpMbMpv,59,0,siteSCoutlet170710,Y,263523.1099,41150.32874,18581545.43,18.58154543,18.59655671
255,MpMbMpv,60,0,siteSCoutlet170807,Y,267972.9067,41150.32874,18581545.43,18.58154543,18.59655671
256,Mv,14,0,SDDNTS200150704,Y,6690.215488,2755.66049,37997.40057,0.037997401,0.038026117
257,Mv,15,0,SDDNTS300150704,Y,6912.094798,2755.66049,37997.40057,0.037997401,0.038026117
258,Mv,16,0,SDDNTS400150704,Y,7087.512259,2755.66049,37997.40057,0.037997401,0.038026117
259,Mv,45,0,S3INTSINFLOW3160730,Y,35682.3182,2755.66049,37997.40057,0.037997401,0.038026117
260,Mv,46,0,S3DNTS7160730,Y,39206.58459,2755.66049,37997.40057,0.037997401,0.038026117
261,MhMrMm,56,0,SC-8B,Y,237453.753,22908.10807,2778351.728,2.778351728,2.780544885
262,MhMrMm,58,0,siteSC-9A,Y,258694.6456,22908.10807,2778351.728,2.778351728,2.780544885
263,MhMrMm,59,0,siteSCoutlet170710,Y,263523.1099,22908.10807,2778351.728,2.778351728,2.780544885
264,MhMrMm,60,0,siteSCoutlet170807,Y,267972.9067,22908.10807,2778351.728,2.778351728,2.780544885
265,MhMrMm,56,0,SC-8B,Y,237453.753,22908.10807,2778351.728,2.778351728,2.780544885
266,MhMrMm,58,0,siteSC-9A,Y,258694.6456,22908.10807,2778351.728,2.778351728,2.780544885
267,MhMrMm,59,0,siteSCoutlet170710,Y,263523.1099,22908.10807,2778351.728,2.778351728,2.780544885
268,MhMrMm,60,0,siteSCoutlet170807,Y,267972.9067,22908.10807,2778351.728,2.778351728,2.780544885
269,Cx,54,0,siteDC-4,Y,127713.0386,57378.97204,16349115.32,16.34911532,16.36247246
270,Cx,56,0,SC-8B,Y,237453.753,57378.97204,16349115.32,16.34911532,16.36247246
271,Cx,58,0,siteSC-9A,Y,258694.6456,57378.97204,16349115.32,16.34911532,16.36247246
272,Cx,59,0,siteSCoutlet170710,Y,263523.1099,57378.97204,16349115.32,16.34911532,16.36247246
273,Cx,60,0,siteSCoutlet170807,Y,267972.9067,57378.97204,16349115.32,16.34911532,16.36247246
274,Cx,56,0,SC-8B,Y,237453.753,25251.87773,11566712.18,11.56671218,11.5756318
275,Cx,58,0,siteSC-9A,Y,258694.6456,25251.87773,11566712.18,11.56671218,11.5756318
276,Cx,59,0,siteSCoutlet170710,Y,263523.1099,25251.87773,11566712.18,11.56671218,11.5756318
277,Cx,60,0,siteSCoutlet170807,Y,267972.9067,25251.87773,11566712.18,11.56671218,11.5756318
278,Cx,82,0,siteSC-7B,Y,213971.6585,25251.87773,11566712.18,11.56671218,11.5756318
279,Gp,56,0,SC-8B,Y,237453.753,2749.271407,205038.7063,0.205038706,0.205192186
280,Gp,58,0,siteSC-9A,Y,258694.6456,2749.271407,205038.7063,0.205038706,0.205192186
281,Gp,59,0,siteSCoutlet170710,Y,263523.1099,2749.271407,205038.7063,0.205038706,0.205192186
282,Gp,60,0,siteSCoutlet170807,Y,267972.9067,2749.271407,205038.7063,0.205038706,0.205192186
283,Gp,82,0,siteSC-7B,Y,213971.6585,2749.271407,205038.7063,0.205038706,0.205192186
284,Gt,56,0,SC-8B,Y,237453.753,1709.52168,218753.4467,0.218753447,0.218915995
285,Gt,58,0,siteSC-9A,Y,258694.6456,1709.52168,218753.4467,0.218753447,0.218915995
286,Gt,59,0,siteSCoutlet170710,Y,263523.1099,1709.52168,218753.4467,0.218753447,0.218915995
287,Gt,60,0,siteSCoutlet170807,Y,267972.9067,1709.52168,218753.4467,0.218753447,0.218915995
288,Gt,82,0,siteSC-7B,Y,213971.6585,1709.52168,218753.4467,0.218753447,0.218915995
289,Cx,56,0,SC-8B,Y,237453.753,130.7633304,98.85188315,9.88519E-05,9.88924E-05
290,Cx,58,0,siteSC-9A,Y,258694.6456,130.7633304,98.85188315,9.88519E-05,9.88924E-05
291,Cx,59,0,siteSCoutlet170710,Y,263523.1099,130.7633304,98.85188315,9.88519E-05,9.88924E-05
292,Cx,60,0,siteSCoutlet170807,Y,267972.9067,130.7633304,98.85188315,9.88519E-05,9.88924E-05
293,MhMrMm,56,0,SC-8B,Y,237453.753,130.7633304,98.85188315,9.88519E-05,9.88924E-05
294,MhMrMm,58,0,siteSC-9A,Y,258694.6456,130.7633304,98.85188315,9.88519E-05,9.88924E-05
295,MhMrMm,59,0,siteSCoutlet170710,Y,263523.1099,130.7633304,98.85188315,9.88519E-05,9.88924E-05
296,MhMrMm,60,0,siteSCoutlet170807,Y,267972.9067,130.7633304,98.85188315,9.88519E-05,9.88924E-05
297,Cx,54,0,siteDC-4,Y,127713.0386,618.6180325,2658.603798,0.002658604,0.002659319
298,Cx,56,0,SC-8B,Y,237453.753,618.6180325,2658.603798,0.002658604,0.002659319
299,Cx,58,0,siteSC-9A,Y,258694.6456,618.6180325,2658.603798,0.002658604,0.002659319
300,Cx,59,0,siteSCoutlet170710,Y,263523.1099,618.6180325,2658.603798,0.002658604,0.002659319
301,Cx,60,0,siteSCoutlet170807,Y,267972.9067,618.6180325,2658.603798,0.002658604,0.002659319
302,Mv,54,0,siteDC-4,Y,127713.0386,21269.59093,8712609.079,8.712609079,8.719393995
303,Mv,56,0,SC-8B,Y,237453.753,21269.59093,8712609.079,8.712609079,8.719393995
304,Mv,58,0,siteSC-9A,Y,258694.6456,21269.59093,8712609.079,8.712609079,8.719393995
305,Mv,59,0,siteSCoutlet170710,Y,263523.1099,21269.59093,8712609.079,8.712609079,8.719393995
306,Mv,60,0,siteSCoutlet170807,Y,267972.9067,21269.59093,8712609.079,8.712609079,8.719393995
307,MhMrMm,56,0,SC-8B,Y,237453.753,23885.98137,4821529.236,4.821529236,4.825752906
308,MhMrMm,58,0,siteSC-9A,Y,258694.6456,23885.98137,4821529.236,4.821529236,4.825752906
309,MhMrMm,59,0,siteSCoutlet170710,Y,263523.1099,23885.98137,4821529.236,4.821529236,4.825752906
310,MhMrMm,60,0,siteSCoutlet170807,Y,267972.9067,23885.98137,4821529.236,4.821529236,4.825752906
311,MhMrMm,82,0,siteSC-7B,Y,213971.6585,23885.98137,4821529.236,4.821529236,4.825752906
312,MhMrMm,56,0,SC-8B,Y,237453.753,1272.947433,51000.19261,0.051000193,0.051040563
313,MhMrMm,58,0,siteSC-9A,Y,258694.6456,1272.947433,51000.19261,0.051000193,0.051040563
314,MhMrMm,59,0,siteSCoutlet170710,Y,263523.1099,1272.947433,51000.19261,0.051000193,0.051040563
315,MhMrMm,60,0,siteSCoutlet170807,Y,267972.9067,1272.947433,51000.19261,0.051000193,0.051040563
316,MhMrMm,82,0,siteSC-7B,Y,213971.6585,1272.947433,51000.19261,0.051000193,0.051040563
317,MhMrMm,54,0,siteDC-4,Y,127713.0386,2768.584551,219758.8779,0.219758878,0.219937323
318,MhMrMm,56,0,SC-8B,Y,237453.753,2768.584551,219758.8779,0.219758878,0.219937323
319,MhMrMm,58,0,siteSC-9A,Y,258694.6456,2768.584551,219758.8779,0.219758878,0.219937323
320,MhMrMm,59,0,siteSCoutlet170710,Y,263523.1099,2768.584551,219758.8779,0.219758878,0.219937323
321,MhMrMm,60,0,siteSCoutlet170807,Y,267972.9067,2768.584551,219758.8779,0.219758878,0.219937323
322,MpMbMpv,54,0,siteDC-4,Y,127713.0386,16153.83009,4004623.911,4.004623911,4.007689624
323,MpMbMpv,56,0,SC-8B,Y,237453.753,16153.83009,4004623.911,4.004623911,4.007689624
324,MpMbMpv,58,0,siteSC-9A,Y,258694.6456,16153.83009,4004623.911,4.004623911,4.007689624
325,MpMbMpv,59,0,siteSCoutlet170710,Y,263523.1099,16153.83009,4004623.911,4.004623911,4.007689624
326,MpMbMpv,60,0,siteSCoutlet170807,Y,267972.9067,16153.83009,4004623.911,4.004623911,4.007689624
327,Cx,40,0,HADNTS3160726,Y,19759.42525,193.5106043,1048.220948,0.001048221,0.001049037
328,Cx,41,0,S2UPTS4160617,Y,21949.53018,193.5106043,1048.220948,0.001048221,0.001049037
329,Cx,43,0,S2DNTS5160617,Y,24551.93494,193.5106043,1048.220948,0.001048221,0.001049037
330,Cx,44,0,S3UPTS6160730,Y,25887.85677,193.5106043,1048.220948,0.001048221,0.001049037
331,Cx,46,0,S3DNTS7160730,Y,39206.58459,193.5106043,1048.220948,0.001048221,0.001049037
332,MpMbMpv,14,0,SDDNTS200150704,Y,6690.215488,1114.970782,12042.49202,0.012042492,0.012052035
333,MpMbMpv,15,0,SDDNTS300150704,Y,6912.094798,1114.970782,12042.49202,0.012042492,0.012052035
334,MpMbMpv,16,0,SDDNTS400150704,Y,7087.512259,1114.970782,12042.49202,0.012042492,0.012052035
335,MpMbMpv,45,0,S3INTSINFLOW3160730,Y,35682.3182,1114.970782,12042.49202,0.012042492,0.012052035
336,MpMbMpv,46,0,S3DNTS7160730,Y,39206.58459,1114.970782,12042.49202,0.012042492,0.012052035
337,MpMbMpv,50,0,site10,Y,82937.72067,9304.789622,1714715.422,1.714715422,1.716063352
338,MpMbMpv,54,0,siteDC-4,Y,127713.0386,9304.789622,1714715.422,1.714715422,1.716063352
339,MpMbMpv,56,0,SC-8B,Y,237453.753,9304.789622,1714715.422,1.714715422,1.716063352
340,MpMbMpv,58,0,siteSC-9A,Y,258694.6456,9304.789622,1714715.422,1.714715422,1.716063352
341,MpMbMpv,59,0,siteSCoutlet170710,Y,263523.1099,9304.789622,1714715.422,1.714715422,1.716063352
342,MpMbMpv,60,0,siteSCoutlet170807,Y,267972.9067,9304.789622,1714715.422,1.714715422,1.716063352
343,MpMbMpv,53,0,siteDC-3,Y,43137.1669,12117.94109,1866814.023,1.866814023,1.8681926
344,MpMbMpv,54,0,siteDC-4,Y,127713.0386,12117.94109,1866814.023,1.866814023,1.8681926
345,MpMbMpv,56,0,SC-8B,Y,237453.753,12117.94109,1866814.023,1.866814023,1.8681926
346,MpMbMpv,58,0,siteSC-9A,Y,258694.6456,12117.94109,1866814.023,1.866814023,1.8681926
347,MpMbMpv,59,0,siteSCoutlet170710,Y,263523.1099,12117.94109,1866814.023,1.866814023,1.8681926
348,MpMbMpv,60,0,siteSCoutlet170807,Y,267972.9067,12117.94109,1866814.023,1.866814023,1.8681926
349,ApAt,50,0,site10,Y,82937.72067,32422.60202,6142825.316,6.142825316,6.147518215
350,ApAt,54,0,siteDC-4,Y,127713.0386,32422.60202,6142825.316,6.142825316,6.147518215
351,ApAt,56,0,SC-8B,Y,237453.753,32422.60202,6142825.316,6.142825316,6.147518215
352,ApAt,58,0,siteSC-9A,Y,258694.6456,32422.60202,6142825.316,6.142825316,6.147518215
353,ApAt,59,0,siteSCoutlet170710,Y,263523.1099,32422.60202,6142825.316,6.142825316,6.147518215
354,ApAt,60,0,siteSCoutlet170807,Y,267972.9067,32422.60202,6142825.316,6.142825316,6.147518215
355,R/Cv,56,0,SC-8B,Y,237453.753,1035.212916,33185.17409,0.033185174,0.033209704
356,R/Cv,58,0,siteSC-9A,Y,258694.6456,1035.212916,33185.17409,0.033185174,0.033209704
357,R/Cv,59,0,siteSCoutlet170710,Y,263523.1099,1035.212916,33185.17409,0.033185174,0.033209704
358,R/Cv,60,0,siteSCoutlet170807,Y,267972.9067,1035.212916,33185.17409,0.033185174,0.033209704
359,R/Cv,79,0,siteSC-6B,Y,194569.6103,1035.212916,33185.17409,0.033185174,0.033209704
360,R/Cv,82,0,siteSC-7B,Y,213971.6585,1035.212916,33185.17409,0.033185174,0.033209704
361,Mv,56,0,SC-8B,Y,237453.753,10441.26889,2403117.586,2.403117586,2.404976787
362,Mv,58,0,siteSC-9A,Y,258694.6456,10441.26889,2403117.586,2.403117586,2.404976787
363,Mv,59,0,siteSCoutlet170710,Y,263523.1099,10441.26889,2403117.586,2.403117586,2.404976787
364,Mv,60,0,siteSCoutlet170807,Y,267972.9067,10441.26889,2403117.586,2.403117586,2.404976787
365,Mv,79,0,siteSC-6B,Y,194569.6103,10441.26889,2403117.586,2.403117586,2.404976787
366,Mv,82,0,siteSC-7B,Y,213971.6585,10441.26889,2403117.586,2.403117586,2.404976787
367,R/Cv,56,0,SC-8B,Y,237453.753,276.4718521,2613.052021,0.002613052,0.002615039
368,R/Cv,58,0,siteSC-9A,Y,258694.6456,276.4718521,2613.052021,0.002613052,0.002615039
369,R/Cv,59,0,siteSCoutlet170710,Y,263523.1099,276.4718521,2613.052021,0.002613052,0.002615039
370,R/Cv,60,0,siteSCoutlet170807,Y,267972.9067,276.4718521,2613.052021,0.002613052,0.002615039
371,R/Cv,79,0,siteSC-6B,Y,194569.6103,276.4718521,2613.052021,0.002613052,0.002615039
372,R/Cv,82,0,siteSC-7B,Y,213971.6585,276.4718521,2613.052021,0.002613052,0.002615039
373,Mv,13,0,SDDNTS100150704,Y,6396.227028,1180.578451,11870.78463,0.011870785,0.011879783
374,Mv,14,0,SDDNTS200150704,Y,6690.215488,1180.578451,11870.78463,0.011870785,0.011879783
375,Mv,15,0,SDDNTS300150704,Y,6912.094798,1180.578451,11870.78463,0.011870785,0.011879783
376,Mv,16,0,SDDNTS400150704,Y,7087.512259,1180.578451,11870.78463,0.011870785,0.011879783
377,Mv,45,0,S3INTSINFLOW3160730,Y,35682.3182,1180.578451,11870.78463,0.011870785,0.011879783
378,Mv,46,0,S3DNTS7160730,Y,39206.58459,1180.578451,11870.78463,0.011870785,0.011879783
379,Mv,50,0,site10,Y,82937.72067,9956.231573,3170444.073,3.170444073,3.172840957
380,Mv,54,0,siteDC-4,Y,127713.0386,9956.231573,3170444.073,3.170444073,3.172840957
381,Mv,56,0,SC-8B,Y,237453.753,9956.231573,3170444.073,3.170444073,3.172840957
382,Mv,58,0,siteSC-9A,Y,258694.6456,9956.231573,3170444.073,3.170444073,3.172840957
383,Mv,59,0,siteSCoutlet170710,Y,263523.1099,9956.231573,3170444.073,3.170444073,3.172840957
384,Mv,60,0,siteSCoutlet170807,Y,267972.9067,9956.231573,3170444.073,3.170444073,3.172840957
385,Mv,50,0,site10,Y,82937.72067,14417.65054,3526857.308,3.526857308,3.529679903
386,Mv,54,0,siteDC-4,Y,127713.0386,14417.65054,3526857.308,3.526857308,3.529679903
387,Mv,56,0,SC-8B,Y,237453.753,14417.65054,3526857.308,3.526857308,3.529679903
388,Mv,58,0,siteSC-9A,Y,258694.6456,14417.65054,3526857.308,3.526857308,3.529679903
389,Mv,59,0,siteSCoutlet170710,Y,263523.1099,14417.65054,3526857.308,3.526857308,3.529679903
390,Mv,60,0,siteSCoutlet170807,Y,267972.9067,14417.65054,3526857.308,3.526857308,3.529679903
391,Mv,50,0,site10,Y,82937.72067,3494.00741,406024.6493,0.406024649,0.406331592
392,Mv,54,0,siteDC-4,Y,127713.0386,3494.00741,406024.6493,0.406024649,0.406331592
393,Mv,56,0,SC-8B,Y,237453.753,3494.00741,406024.6493,0.406024649,0.406331592
394,Mv,58,0,siteSC-9A,Y,258694.6456,3494.00741,406024.6493,0.406024649,0.406331592
395,Mv,59,0,siteSCoutlet170710,Y,263523.1099,3494.00741,406024.6493,0.406024649,0.406331592
396,Mv,60,0,siteSCoutlet170807,Y,267972.9067,3494.00741,406024.6493,0.406024649,0.406331592
397,Mv,56,0,SC-8B,Y,237453.753,4359.466947,447723.8833,0.447723883,0.448047685
398,Mv,58,0,siteSC-9A,Y,258694.6456,4359.466947,447723.8833,0.447723883,0.448047685
399,Mv,59,0,siteSCoutlet170710,Y,263523.1099,4359.466947,447723.8833,0.447723883,0.448047685
400,Mv,60,0,siteSCoutlet170807,Y,267972.9067,4359.466947,447723.8833,0.447723883,0.448047685
401,Mv,79,0,siteSC-6B,Y,194569.6103,4359.466947,447723.8833,0.447723883,0.448047685
402,Mv,82,0,siteSC-7B,Y,213971.6585,4359.466947,447723.8833,0.447723883,0.448047685
403,MhMrMm,54,0,siteDC-4,Y,127713.0386,83898.51231,38549457.85,38.54945785,38.57992887
404,MhMrMm,56,0,SC-8B,Y,237453.753,83898.51231,38549457.85,38.54945785,38.57992887
405,MhMrMm,58,0,siteSC-9A,Y,258694.6456,83898.51231,38549457.85,38.54945785,38.57992887
406,MhMrMm,59,0,siteSCoutlet170710,Y,263523.1099,83898.51231,38549457.85,38.54945785,38.57992887
407,MhMrMm,60,0,siteSCoutlet170807,Y,267972.9067,83898.51231,38549457.85,38.54945785,38.57992887
408,MhMrMm,54,0,siteDC-4,Y,127713.0386,83898.51231,38549457.85,38.54945785,38.57992887
409,MhMrMm,56,0,SC-8B,Y,237453.753,83898.51231,38549457.85,38.54945785,38.57992887
410,MhMrMm,58,0,siteSC-9A,Y,258694.6456,83898.51231,38549457.85,38.54945785,38.57992887
411,MhMrMm,59,0,siteSCoutlet170710,Y,263523.1099,83898.51231,38549457.85,38.54945785,38.57992887
412,MhMrMm,60,0,siteSCoutlet170807,Y,267972.9067,83898.51231,38549457.85,38.54945785,38.57992887
413,MhMrMm,56,0,SC-8B,Y,237453.753,36689.51969,11981754.72,11.98175472,11.99143124
414,MhMrMm,58,0,siteSC-9A,Y,258694.6456,36689.51969,11981754.72,11.98175472,11.99143124
415,MhMrMm,59,0,siteSCoutlet170710,Y,263523.1099,36689.51969,11981754.72,11.98175472,11.99143124
416,MhMrMm,60,0,siteSCoutlet170807,Y,267972.9067,36689.51969,11981754.72,11.98175472,11.99143124
417,MhMrMm,82,0,siteSC-7B,Y,213971.6585,36689.51969,11981754.72,11.98175472,11.99143124
418,MhMrMm,56,0,SC-8B,Y,237453.753,36689.51969,11981754.72,11.98175472,11.99143124
419,MhMrMm,58,0,siteSC-9A,Y,258694.6456,36689.51969,11981754.72,11.98175472,11.99143124
420,MhMrMm,59,0,siteSCoutlet170710,Y,263523.1099,36689.51969,11981754.72,11.98175472,11.99143124
421,MhMrMm,60,0,siteSCoutlet170807,Y,267972.9067,36689.51969,11981754.72,11.98175472,11.99143124
422,MhMrMm,82,0,siteSC-7B,Y,213971.6585,36689.51969,11981754.72,11.98175472,11.99143124
423,Mv,56,0,SC-8B,Y,237453.753,18312.01302,5752078.256,5.752078256,5.756525898
424,Mv,58,0,siteSC-9A,Y,258694.6456,18312.01302,5752078.256,5.752078256,5.756525898
425,Mv,59,0,siteSCoutlet170710,Y,263523.1099,18312.01302,5752078.256,5.752078256,5.756525898
426,Mv,60,0,siteSCoutlet170807,Y,267972.9067,18312.01302,5752078.256,5.752078256,5.756525898
427,Mv,79,0,siteSC-6B,Y,194569.6103,18312.01302,5752078.256,5.752078256,5.756525898
428,Mv,82,0,siteSC-7B,Y,213971.6585,18312.01302,5752078.256,5.752078256,5.756525898
429,MpMbMpv,56,0,SC-8B,Y,237453.753,3013.91281,470881.5718,0.470881572,0.471245723
430,MpMbMpv,58,0,siteSC-9A,Y,258694.6456,3013.91281,470881.5718,0.470881572,0.471245723
431,MpMbMpv,59,0,siteSCoutlet170710,Y,263523.1099,3013.91281,470881.5718,0.470881572,0.471245723
432,MpMbMpv,60,0,siteSCoutlet170807,Y,267972.9067,3013.91281,470881.5718,0.470881572,0.471245723
433,MpMbMpv,79,0,siteSC-6B,Y,194569.6103,3013.91281,470881.5718,0.470881572,0.471245723
434,MpMbMpv,82,0,siteSC-7B,Y,213971.6585,3013.91281,470881.5718,0.470881572,0.471245723
435,MpMbMpv,56,0,SC-8B,Y,237453.753,3205.311289,215982.8467,0.215982847,0.216139454
436,MpMbMpv,58,0,siteSC-9A,Y,258694.6456,3205.311289,215982.8467,0.215982847,0.216139454
437,MpMbMpv,59,0,siteSCoutlet170710,Y,263523.1099,3205.311289,215982.8467,0.215982847,0.216139454
438,MpMbMpv,60,0,siteSCoutlet170807,Y,267972.9067,3205.311289,215982.8467,0.215982847,0.216139454
439,MpMbMpv,79,0,siteSC-6B,Y,194569.6103,3205.311289,215982.8467,0.215982847,0.216139454
440,MpMbMpv,82,0,siteSC-7B,Y,213971.6585,3205.311289,215982.8467,0.215982847,0.216139454
441,MpMbMpv,56,0,SC-8B,Y,237453.753,8334.597014,2905202.891,2.905202891,2.907463759
442,MpMbMpv,58,0,siteSC-9A,Y,258694.6456,8334.597014,2905202.891,2.905202891,2.907463759
443,MpMbMpv,59,0,siteSCoutlet170710,Y,263523.1099,8334.597014,2905202.891,2.905202891,2.907463759
444,MpMbMpv,60,0,siteSCoutlet170807,Y,267972.9067,8334.597014,2905202.891,2.905202891,2.907463759
445,MpMbMpv,80,0,site9alt,Y,43408.06294,8334.597014,2905202.891,2.905202891,2.907463759
446,MpMbMpv,82,0,siteSC-7B,Y,213971.6585,8334.597014,2905202.891,2.905202891,2.907463759
447,Cx,56,0,SC-8B,Y,237453.753,3692.308683,548630.3579,0.548630358,0.549058948
448,Cx,58,0,siteSC-9A,Y,258694.6456,3692.308683,548630.3579,0.548630358,0.549058948
449,Cx,59,0,siteSCoutlet170710,Y,263523.1099,3692.308683,548630.3579,0.548630358,0.549058948
450,Cx,60,0,siteSCoutlet170807,Y,267972.9067,3692.308683,548630.3579,0.548630358,0.549058948
451,Cx,79,0,siteSC-6B,Y,194569.6103,3692.308683,548630.3579,0.548630358,0.549058948
452,Cx,82,0,siteSC-7B,Y,213971.6585,3692.308683,548630.3579,0.548630358,0.549058948
453,Cx,56,0,SC-8B,Y,237453.753,888.1153952,29432.21066,0.029432211,0.029453347
454,Cx,58,0,siteSC-9A,Y,258694.6456,888.1153952,29432.21066,0.029432211,0.029453347
455,Cx,59,0,siteSCoutlet170710,Y,263523.1099,888.1153952,29432.21066,0.029432211,0.029453347
456,Cx,60,0,siteSCoutlet170807,Y,267972.9067,888.1153952,29432.21066,0.029432211,0.029453347
457,Cx,80,0,site9alt,Y,43408.06294,888.1153952,29432.21066,0.029432211,0.029453347
458,Cx,82,0,siteSC-7B,Y,213971.6585,888.1153952,29432.21066,0.029432211,0.029453347
459,Gt,56,0,SC-8B,Y,237453.753,3263.210376,676293.1892,0.676293189,0.676800872
460,Gt,58,0,siteSC-9A,Y,258694.6456,3263.210376,676293.1892,0.676293189,0.676800872
461,Gt,59,0,siteSCoutlet170710,Y,263523.1099,3263.210376,676293.1892,0.676293189,0.676800872
462,Gt,60,0,siteSCoutlet170807,Y,267972.9067,3263.210376,676293.1892,0.676293189,0.676800872
463,Gt,79,0,siteSC-6B,Y,194569.6103,3263.210376,676293.1892,0.676293189,0.676800872
464,Gt,82,0,siteSC-7B,Y,213971.6585,3263.210376,676293.1892,0.676293189,0.676800872
465,Gt,50,0,site10,Y,82937.72067,4506.212598,726643.1118,0.726643112,0.727191181
466,Gt,54,0,siteDC-4,Y,127713.0386,4506.212598,726643.1118,0.726643112,0.727191181
467,Gt,56,0,SC-8B,Y,237453.753,4506.212598,726643.1118,0.726643112,0.727191181
468,Gt,58,0,siteSC-9A,Y,258694.6456,4506.212598,726643.1118,0.726643112,0.727191181
469,Gt,59,0,siteSCoutlet170710,Y,263523.1099,4506.212598,726643.1118,0.726643112,0.727191181
470,Gt,60,0,siteSCoutlet170807,Y,267972.9067,4506.212598,726643.1118,0.726643112,0.727191181
471,Cx,56,0,SC-8B,Y,237453.753,4212.664693,155903.7999,0.1559038,0.155988511
472,Cx,58,0,siteSC-9A,Y,258694.6456,4212.664693,155903.7999,0.1559038,0.155988511
473,Cx,59,0,siteSCoutlet170710,Y,263523.1099,4212.664693,155903.7999,0.1559038,0.155988511
474,Cx,60,0,siteSCoutlet170807,Y,267972.9067,4212.664693,155903.7999,0.1559038,0.155988511
475,Cx,79,0,siteSC-6B,Y,194569.6103,4212.664693,155903.7999,0.1559038,0.155988511
476,Cx,82,0,siteSC-7B,Y,213971.6585,4212.664693,155903.7999,0.1559038,0.155988511
477,Gt,56,0,SC-8B,Y,237453.753,1492.53108,149648.7812,0.149648781,0.149757183
478,Gt,58,0,siteSC-9A,Y,258694.6456,1492.53108,149648.7812,0.149648781,0.149757183
479,Gt,59,0,siteSCoutlet170710,Y,263523.1099,1492.53108,149648.7812,0.149648781,0.149757183
480,Gt,60,0,siteSCoutlet170807,Y,267972.9067,1492.53108,149648.7812,0.149648781,0.149757183
481,Gt,79,0,siteSC-6B,Y,194569.6103,1492.53108,149648.7812,0.149648781,0.149757183
482,Gt,82,0,siteSC-7B,Y,213971.6585,1492.53108,149648.7812,0.149648781,0.149757183
483,MpMbMpv,56,0,SC-8B,Y,237453.753,31722.69372,14101110.12,14.10111012,14.11211696
484,MpMbMpv,58,0,siteSC-9A,Y,258694.6456,31722.69372,14101110.12,14.10111012,14.11211696
485,MpMbMpv,59,0,siteSCoutlet170710,Y,263523.1099,31722.69372,14101110.12,14.10111012,14.11211696
486,MpMbMpv,60,0,siteSCoutlet170807,Y,267972.9067,31722.69372,14101110.12,14.10111012,14.11211696
487,MpMbMpv,79,0,siteSC-6B,Y,194569.6103,31722.69372,14101110.12,14.10111012,14.11211696
488,MpMbMpv,82,0,siteSC-7B,Y,213971.6585,31722.69372,14101110.12,14.10111012,14.11211696
489,MpMbMpv,56,0,SC-8B,Y,237453.753,22837.5833,11107038.91,11.10703891,11.11543816
490,MpMbMpv,58,0,siteSC-9A,Y,258694.6456,22837.5833,11107038.91,11.10703891,11.11543816
491,MpMbMpv,59,0,siteSCoutlet170710,Y,263523.1099,22837.5833,11107038.91,11.10703891,11.11543816
492,MpMbMpv,60,0,siteSCoutlet170807,Y,267972.9067,22837.5833,11107038.91,11.10703891,11.11543816
493,MpMbMpv,79,0,siteSC-6B,Y,194569.6103,22837.5833,11107038.91,11.10703891,11.11543816
494,MpMbMpv,82,0,siteSC-7B,Y,213971.6585,22837.5833,11107038.91,11.10703891,11.11543816
495,Cx,50,0,site10,Y,82937.72067,42393.39638,10084849.44,10.08484944,10.09285539
496,Cx,54,0,siteDC-4,Y,127713.0386,42393.39638,10084849.44,10.08484944,10.09285539
497,Cx,56,0,SC-8B,Y,237453.753,42393.39638,10084849.44,10.08484944,10.09285539
498,Cx,58,0,siteSC-9A,Y,258694.6456,42393.39638,10084849.44,10.08484944,10.09285539
499,Cx,59,0,siteSCoutlet170710,Y,263523.1099,42393.39638,10084849.44,10.08484944,10.09285539
500,Cx,60,0,siteSCoutlet170807,Y,267972.9067,42393.39638,10084849.44,10.08484944,10.09285539
501,Cx,53,0,siteDC-3,Y,43137.1669,21450.65454,4616703.809,4.616703809,4.620463262
502,Cx,54,0,siteDC-4,Y,127713.0386,21450.65454,4616703.809,4.616703809,4.620463262
503,Cx,56,0,SC-8B,Y,237453.753,21450.65454,4616703.809,4.616703809,4.620463262
504,Cx,58,0,siteSC-9A,Y,258694.6456,21450.65454,4616703.809,4.616703809,4.620463262
505,Cx,59,0,siteSCoutlet170710,Y,263523.1099,21450.65454,4616703.809,4.616703809,4.620463262
506,Cx,60,0,siteSCoutlet170807,Y,267972.9067,21450.65454,4616703.809,4.616703809,4.620463262
507,Cx,56,0,SC-8B,Y,237453.753,59771.27176,13643766.35,13.64376635,13.65499831
508,Cx,58,0,siteSC-9A,Y,258694.6456,59771.27176,13643766.35,13.64376635,13.65499831
509,Cx,59,0,siteSCoutlet170710,Y,263523.1099,59771.27176,13643766.35,13.64376635,13.65499831
510,Cx,60,0,siteSCoutlet170807,Y,267972.9067,59771.27176,13643766.35,13.64376635,13.65499831
511,Cx,79,0,siteSC-6B,Y,194569.6103,59771.27176,13643766.35,13.64376635,13.65499831
512,Cx,82,0,siteSC-7B,Y,213971.6585,59771.27176,13643766.35,13.64376635,13.65499831
513,Cx,56,0,SC-8B,Y,237453.753,19883.87221,4351783.926,4.351783926,4.355416656
514,Cx,58,0,siteSC-9A,Y,258694.6456,19883.87221,4351783.926,4.351783926,4.355416656
515,Cx,59,0,siteSCoutlet170710,Y,263523.1099,19883.87221,4351783.926,4.351783926,4.355416656
516,Cx,60,0,siteSCoutlet170807,Y,267972.9067,19883.87221,4351783.926,4.351783926,4.355416656
517,Cx,80,0,site9alt,Y,43408.06294,19883.87221,4351783.926,4.351783926,4.355416656
518,Cx,82,0,siteSC-7B,Y,213971.6585,19883.87221,4351783.926,4.351783926,4.355416656
519,Cx,56,0,SC-8B,Y,237453.753,3085.396198,378123.2154,0.378123215,0.378424625
520,Cx,58,0,siteSC-9A,Y,258694.6456,3085.396198,378123.2154,0.378123215,0.378424625
521,Cx,59,0,siteSCoutlet170710,Y,263523.1099,3085.396198,378123.2154,0.378123215,0.378424625
522,Cx,60,0,siteSCoutlet170807,Y,267972.9067,3085.396198,378123.2154,0.378123215,0.378424625
523,Cx,81,0,site6,Y,13039.93453,3085.396198,378123.2154,0.378123215,0.378424625
524,Cx,82,0,siteSC-7B,Y,213971.6585,3085.396198,378123.2154,0.378123215,0.378424625
525,Cx,56,0,SC-8B,Y,237453.753,32.59270746,42.92251316,4.29225E-05,4.29614E-05
526,Cx,58,0,siteSC-9A,Y,258694.6456,32.59270746,42.92251316,4.29225E-05,4.29614E-05
527,Cx,59,0,siteSCoutlet170710,Y,263523.1099,32.59270746,42.92251316,4.29225E-05,4.29614E-05
528,Cx,60,0,siteSCoutlet170807,Y,267972.9067,32.59270746,42.92251316,4.29225E-05,4.29614E-05
529,Cx,79,0,siteSC-6B,Y,194569.6103,32.59270746,42.92251316,4.29225E-05,4.29614E-05
530,Cx,82,0,siteSC-7B,Y,213971.6585,32.59270746,42.92251316,4.29225E-05,4.29614E-05
531,Cx,56,0,SC-8B,Y,237453.753,91.33448034,66.06563067,6.60656E-05,6.61148E-05
532,Cx,58,0,siteSC-9A,Y,258694.6456,91.33448034,66.06563067,6.60656E-05,6.61148E-05
533,Cx,59,0,siteSCoutlet170710,Y,263523.1099,91.33448034,66.06563067,6.60656E-05,6.61148E-05
534,Cx,60,0,siteSCoutlet170807,Y,267972.9067,91.33448034,66.06563067,6.60656E-05,6.61148E-05
535,Cx,79,0,siteSC-6B,Y,194569.6103,91.33448034,66.06563067,6.60656E-05,6.61148E-05
536,Cx,82,0,siteSC-7B,Y,213971.6585,91.33448034,66.06563067,6.60656E-05,6.61148E-05
537,MpMbMpv,56,0,SC-8B,Y,237453.753,9515.639347,3819992.068,3.819992068,3.823078124
538,MpMbMpv,58,0,siteSC-9A,Y,258694.6456,9515.639347,3819992.068,3.819992068,3.823078124
539,MpMbMpv,59,0,siteSCoutlet170710,Y,263523.1099,9515.639347,3819992.068,3.819992068,3.823078124
540,MpMbMpv,60,0,siteSCoutlet170807,Y,267972.9067,9515.639347,3819992.068,3.819992068,3.823078124
541,MpMbMpv,80,0,site9alt,Y,43408.06294,9515.639347,3819992.068,3.819992068,3.823078124
542,MpMbMpv,82,0,siteSC-7B,Y,213971.6585,9515.639347,3819992.068,3.819992068,3.823078124
543,MpMbMpv,56,0,SC-8B,Y,237453.753,84.87595864,110.3317744,0.000110332,0.000110362
544,MpMbMpv,58,0,siteSC-9A,Y,258694.6456,84.87595864,110.3317744,0.000110332,0.000110362
545,MpMbMpv,59,0,siteSCoutlet170710,Y,263523.1099,84.87595864,110.3317744,0.000110332,0.000110362
546,MpMbMpv,60,0,siteSCoutlet170807,Y,267972.9067,84.87595864,110.3317744,0.000110332,0.000110362
547,MpMbMpv,80,0,site9alt,Y,43408.06294,84.87595864,110.3317744,0.000110332,0.000110362
548,MpMbMpv,82,0,siteSC-7B,Y,213971.6585,84.87595864,110.3317744,0.000110332,0.000110362
549,Gp,56,0,SC-8B,Y,237453.753,1764.469764,111503.229,0.111503229,0.111586967
550,Gp,58,0,siteSC-9A,Y,258694.6456,1764.469764,111503.229,0.111503229,0.111586967
551,Gp,59,0,siteSCoutlet170710,Y,263523.1099,1764.469764,111503.229,0.111503229,0.111586967
552,Gp,60,0,siteSCoutlet170807,Y,267972.9067,1764.469764,111503.229,0.111503229,0.111586967
553,Gp,80,0,site9alt,Y,43408.06294,1764.469764,111503.229,0.111503229,0.111586967
554,Gp,82,0,siteSC-7B,Y,213971.6585,1764.469764,111503.229,0.111503229,0.111586967
555,Cx,56,0,SC-8B,Y,237453.753,101.1102509,102.4743783,0.000102474,0.000102563
556,Cx,58,0,siteSC-9A,Y,258694.6456,101.1102509,102.4743783,0.000102474,0.000102563
557,Cx,59,0,siteSCoutlet170710,Y,263523.1099,101.1102509,102.4743783,0.000102474,0.000102563
558,Cx,60,0,siteSCoutlet170807,Y,267972.9067,101.1102509,102.4743783,0.000102474,0.000102563
559,Cx,82,0,siteSC-7B,Y,213971.6585,101.1102509,102.4743783,0.000102474,0.000102563
560,MhMrMm,56,0,SC-8B,Y,237453.753,101.1102509,102.4743783,0.000102474,0.000102563
561,MhMrMm,58,0,siteSC-9A,Y,258694.6456,101.1102509,102.4743783,0.000102474,0.000102563
562,MhMrMm,59,0,siteSCoutlet170710,Y,263523.1099,101.1102509,102.4743783,0.000102474,0.000102563
563,MhMrMm,60,0,siteSCoutlet170807,Y,267972.9067,101.1102509,102.4743783,0.000102474,0.000102563
564,MhMrMm,82,0,siteSC-7B,Y,213971.6585,101.1102509,102.4743783,0.000102474,0.000102563
565,Cx,56,0,SC-8B,Y,237453.753,163.4296312,336.8416255,0.000336842,0.00033687
566,Cx,58,0,siteSC-9A,Y,258694.6456,163.4296312,336.8416255,0.000336842,0.00033687
567,Cx,59,0,siteSCoutlet170710,Y,263523.1099,163.4296312,336.8416255,0.000336842,0.00033687
568,Cx,60,0,siteSCoutlet170807,Y,267972.9067,163.4296312,336.8416255,0.000336842,0.00033687
569,Cx,79,0,siteSC-6B,Y,194569.6103,163.4296312,336.8416255,0.000336842,0.00033687
570,Cx,82,0,siteSC-7B,Y,213971.6585,163.4296312,336.8416255,0.000336842,0.00033687
571,Cx,54,0,siteDC-4,Y,127713.0386,197.5711752,913.5463034,0.000913546,0.000914319
572,Cx,56,0,SC-8B,Y,237453.753,197.5711752,913.5463034,0.000913546,0.000914319
573,Cx,58,0,siteSC-9A,Y,258694.6456,197.5711752,913.5463034,0.000913546,0.000914319
574,Cx,59,0,siteSCoutlet170710,Y,263523.1099,197.5711752,913.5463034,0.000913546,0.000914319
575,Cx,60,0,siteSCoutlet170807,Y,267972.9067,197.5711752,913.5463034,0.000913546,0.000914319
576,MhMrMm,54,0,siteDC-4,Y,127713.0386,197.5711752,913.5463034,0.000913546,0.000914319
577,MhMrMm,56,0,SC-8B,Y,237453.753,197.5711752,913.5463034,0.000913546,0.000914319
578,MhMrMm,58,0,siteSC-9A,Y,258694.6456,197.5711752,913.5463034,0.000913546,0.000914319
579,MhMrMm,59,0,siteSCoutlet170710,Y,263523.1099,197.5711752,913.5463034,0.000913546,0.000914319
580,MhMrMm,60,0,siteSCoutlet170807,Y,267972.9067,197.5711752,913.5463034,0.000913546,0.000914319
581,Cx,54,0,siteDC-4,Y,127713.0386,480.4644372,2411.077836,0.002411078,0.002412004
582,Cx,56,0,SC-8B,Y,237453.753,480.4644372,2411.077836,0.002411078,0.002412004
583,Cx,58,0,siteSC-9A,Y,258694.6456,480.4644372,2411.077836,0.002411078,0.002412004
584,Cx,59,0,siteSCoutlet170710,Y,263523.1099,480.4644372,2411.077836,0.002411078,0.002412004
585,Cx,60,0,siteSCoutlet170807,Y,267972.9067,480.4644372,2411.077836,0.002411078,0.002412004
586,MhMrMm,54,0,siteDC-4,Y,127713.0386,480.4644372,2411.077836,0.002411078,0.002412004
587,MhMrMm,56,0,SC-8B,Y,237453.753,480.4644372,2411.077836,0.002411078,0.002412004
588,MhMrMm,58,0,siteSC-9A,Y,258694.6456,480.4644372,2411.077836,0.002411078,0.002412004
589,MhMrMm,59,0,siteSCoutlet170710,Y,263523.1099,480.4644372,2411.077836,0.002411078,0.002412004
590,MhMrMm,60,0,siteSCoutlet170807,Y,267972.9067,480.4644372,2411.077836,0.002411078,0.002412004
591,Mv,56,0,SC-8B,Y,237453.753,10800.27617,2972082.003,2.972082003,2.97440422
592,Mv,58,0,siteSC-9A,Y,258694.6456,10800.27617,2972082.003,2.972082003,2.97440422
593,Mv,59,0,siteSCoutlet170710,Y,263523.1099,10800.27617,2972082.003,2.972082003,2.97440422
594,Mv,60,0,siteSCoutlet170807,Y,267972.9067,10800.27617,2972082.003,2.972082003,2.97440422
595,Mv,82,0,siteSC-7B,Y,213971.6585,10800.27617,2972082.003,2.972082003,2.97440422
596,MhMrMm,56,0,SC-8B,Y,237453.753,10800.27617,2972082.003,2.972082003,2.97440422
597,MhMrMm,58,0,siteSC-9A,Y,258694.6456,10800.27617,2972082.003,2.972082003,2.97440422
598,MhMrMm,59,0,siteSCoutlet170710,Y,263523.1099,10800.27617,2972082.003,2.972082003,2.97440422
599,MhMrMm,60,0,siteSCoutlet170807,Y,267972.9067,10800.27617,2972082.003,2.972082003,2.97440422
600,MhMrMm,82,0,siteSC-7B,Y,213971.6585,10800.27617,2972082.003,2.972082003,2.97440422
601,Mv,50,0,site10,Y,82937.72067,20479.20102,8193509.051,8.193509051,8.199989287
602,Mv,54,0,siteDC-4,Y,127713.0386,20479.20102,8193509.051,8.193509051,8.199989287
603,Mv,56,0,SC-8B,Y,237453.753,20479.20102,8193509.051,8.193509051,8.199989287
604,Mv,58,0,siteSC-9A,Y,258694.6456,20479.20102,8193509.051,8.193509051,8.199989287
605,Mv,59,0,siteSCoutlet170710,Y,263523.1099,20479.20102,8193509.051,8.193509051,8.199989287
606,Mv,60,0,siteSCoutlet170807,Y,267972.9067,20479.20102,8193509.051,8.193509051,8.199989287
607,Mv,53,0,siteDC-3,Y,43137.1669,10889.94509,2270907.061,2.270907061,2.272744461
608,Mv,54,0,siteDC-4,Y,127713.0386,10889.94509,2270907.061,2.270907061,2.272744461
609,Mv,56,0,SC-8B,Y,237453.753,10889.94509,2270907.061,2.270907061,2.272744461
610,Mv,58,0,siteSC-9A,Y,258694.6456,10889.94509,2270907.061,2.270907061,2.272744461
611,Mv,59,0,siteSCoutlet170710,Y,263523.1099,10889.94509,2270907.061,2.270907061,2.272744461
612,Mv,60,0,siteSCoutlet170807,Y,267972.9067,10889.94509,2270907.061,2.270907061,2.272744461
613,MhMrMm,50,0,site10,Y,82937.72067,3100.720627,544404.5287,0.544404529,0.544812567
614,MhMrMm,54,0,siteDC-4,Y,127713.0386,3100.720627,544404.5287,0.544404529,0.544812567
615,MhMrMm,56,0,SC-8B,Y,237453.753,3100.720627,544404.5287,0.544404529,0.544812567
616,MhMrMm,58,0,siteSC-9A,Y,258694.6456,3100.720627,544404.5287,0.544404529,0.544812567
617,MhMrMm,59,0,siteSCoutlet170710,Y,263523.1099,3100.720627,544404.5287,0.544404529,0.544812567
618,MhMrMm,60,0,siteSCoutlet170807,Y,267972.9067,3100.720627,544404.5287,0.544404529,0.544812567
619,Cx,50,0,site10,Y,82937.72067,526.6549475,2087.123592,0.002087124,0.002088342
620,Cx,54,0,siteDC-4,Y,127713.0386,526.6549475,2087.123592,0.002087124,0.002088342
621,Cx,56,0,SC-8B,Y,237453.753,526.6549475,2087.123592,0.002087124,0.002088342
622,Cx,58,0,siteSC-9A,Y,258694.6456,526.6549475,2087.123592,0.002087124,0.002088342
623,Cx,59,0,siteSCoutlet170710,Y,263523.1099,526.6549475,2087.123592,0.002087124,0.002088342
624,Cx,60,0,siteSCoutlet170807,Y,267972.9067,526.6549475,2087.123592,0.002087124,0.002088342
625,Cx,50,0,site10,Y,82937.72067,309.9273619,1506.969357,0.001506969,0.001507745
626,Cx,54,0,siteDC-4,Y,127713.0386,309.9273619,1506.969357,0.001506969,0.001507745
627,Cx,56,0,SC-8B,Y,237453.753,309.9273619,1506.969357,0.001506969,0.001507745
628,Cx,58,0,siteSC-9A,Y,258694.6456,309.9273619,1506.969357,0.001506969,0.001507745
629,Cx,59,0,siteSCoutlet170710,Y,263523.1099,309.9273619,1506.969357,0.001506969,0.001507745
630,Cx,60,0,siteSCoutlet170807,Y,267972.9067,309.9273619,1506.969357,0.001506969,0.001507745
631,Mv,54,0,siteDC-4,Y,127713.0386,5951.015591,461756.2729,0.461756273,0.462119548
632,Mv,56,0,SC-8B,Y,237453.753,5951.015591,461756.2729,0.461756273,0.462119548
633,Mv,58,0,siteSC-9A,Y,258694.6456,5951.015591,461756.2729,0.461756273,0.462119548
634,Mv,59,0,siteSCoutlet170710,Y,263523.1099,5951.015591,461756.2729,0.461756273,0.462119548
635,Mv,60,0,siteSCoutlet170807,Y,267972.9067,5951.015591,461756.2729,0.461756273,0.462119548
636,MhMrMm,54,0,siteDC-4,Y,127713.0386,5951.015591,461756.2729,0.461756273,0.462119548
637,MhMrMm,56,0,SC-8B,Y,237453.753,5951.015591,461756.2729,0.461756273,0.462119548
638,MhMrMm,58,0,siteSC-9A,Y,258694.6456,5951.015591,461756.2729,0.461756273,0.462119548
639,MhMrMm,59,0,siteSCoutlet170710,Y,263523.1099,5951.015591,461756.2729,0.461756273,0.462119548
640,MhMrMm,60,0,siteSCoutlet170807,Y,267972.9067,5951.015591,461756.2729,0.461756273,0.462119548
641,Mv,56,0,SC-8B,Y,237453.753,2718.855366,183589.9334,0.183589933,0.183732085
642,Mv,58,0,siteSC-9A,Y,258694.6456,2718.855366,183589.9334,0.183589933,0.183732085
643,Mv,59,0,siteSCoutlet170710,Y,263523.1099,2718.855366,183589.9334,0.183589933,0.183732085
644,Mv,60,0,siteSCoutlet170807,Y,267972.9067,2718.855366,183589.9334,0.183589933,0.183732085
645,Mv,82,0,siteSC-7B,Y,213971.6585,2718.855366,183589.9334,0.183589933,0.183732085
646,MhMrMm,56,0,SC-8B,Y,237453.753,2718.855366,183589.9334,0.183589933,0.183732085
647,MhMrMm,58,0,siteSC-9A,Y,258694.6456,2718.855366,183589.9334,0.183589933,0.183732085
648,MhMrMm,59,0,siteSCoutlet170710,Y,263523.1099,2718.855366,183589.9334,0.183589933,0.183732085
649,MhMrMm,60,0,siteSCoutlet170807,Y,267972.9067,2718.855366,183589.9334,0.183589933,0.183732085
650,MhMrMm,82,0,siteSC-7B,Y,213971.6585,2718.855366,183589.9334,0.183589933,0.183732085
651,MhMrMm,56,0,SC-8B,Y,237453.753,13784.73774,1591105.367,1.591105367,1.592412296
652,MhMrMm,58,0,siteSC-9A,Y,258694.6456,13784.73774,1591105.367,1.591105367,1.592412296
653,MhMrMm,59,0,siteSCoutlet170710,Y,263523.1099,13784.73774,1591105.367,1.591105367,1.592412296
654,MhMrMm,60,0,siteSCoutlet170807,Y,267972.9067,13784.73774,1591105.367,1.591105367,1.592412296
655,MhMrMm,79,0,siteSC-6B,Y,194569.6103,13784.73774,1591105.367,1.591105367,1.592412296
656,MhMrMm,82,0,siteSC-7B,Y,213971.6585,13784.73774,1591105.367,1.591105367,1.592412296
657,MhMrMm,56,0,SC-8B,Y,237453.753,20970.59578,3916529.614,3.916529614,3.919708606
658,MhMrMm,58,0,siteSC-9A,Y,258694.6456,20970.59578,3916529.614,3.916529614,3.919708606
659,MhMrMm,59,0,siteSCoutlet170710,Y,263523.1099,20970.59578,3916529.614,3.916529614,3.919708606
660,MhMrMm,60,0,siteSCoutlet170807,Y,267972.9067,20970.59578,3916529.614,3.916529614,3.919708606
661,MhMrMm,80,0,site9alt,Y,43408.06294,20970.59578,3916529.614,3.916529614,3.919708606
662,MhMrMm,82,0,siteSC-7B,Y,213971.6585,20970.59578,3916529.614,3.916529614,3.919708606
663,MhMrMm,56,0,SC-8B,Y,237453.753,32866.49374,20169778.35,20.16977835,20.18601659
664,MhMrMm,58,0,siteSC-9A,Y,258694.6456,32866.49374,20169778.35,20.16977835,20.18601659
665,MhMrMm,59,0,siteSCoutlet170710,Y,263523.1099,32866.49374,20169778.35,20.16977835,20.18601659
666,MhMrMm,60,0,siteSCoutlet170807,Y,267972.9067,32866.49374,20169778.35,20.16977835,20.18601659
667,MhMrMm,79,0,siteSC-6B,Y,194569.6103,32866.49374,20169778.35,20.16977835,20.18601659
668,MhMrMm,82,0,siteSC-7B,Y,213971.6585,32866.49374,20169778.35,20.16977835,20.18601659
669,MhMrMm,56,0,SC-8B,Y,237453.753,56399.06812,16935474.82,16.93547482,16.94885383
670,MhMrMm,58,0,siteSC-9A,Y,258694.6456,56399.06812,16935474.82,16.93547482,16.94885383
671,MhMrMm,59,0,siteSCoutlet170710,Y,263523.1099,56399.06812,16935474.82,16.93547482,16.94885383
672,MhMrMm,60,0,siteSCoutlet170807,Y,267972.9067,56399.06812,16935474.82,16.93547482,16.94885383
673,MhMrMm,80,0,site9alt,Y,43408.06294,56399.06812,16935474.82,16.93547482,16.94885383
674,MhMrMm,82,0,siteSC-7B,Y,213971.6585,56399.06812,16935474.82,16.93547482,16.94885383
675,MhMrMm,56,0,SC-8B,Y,237453.753,17431.72484,4436755.253,4.436755253,4.440286867
676,MhMrMm,58,0,siteSC-9A,Y,258694.6456,17431.72484,4436755.253,4.436755253,4.440286867
677,MhMrMm,59,0,siteSCoutlet170710,Y,263523.1099,17431.72484,4436755.253,4.436755253,4.440286867
678,MhMrMm,60,0,siteSCoutlet170807,Y,267972.9067,17431.72484,4436755.253,4.436755253,4.440286867
679,MhMrMm,81,0,site6,Y,13039.93453,17431.72484,4436755.253,4.436755253,4.440286867
680,MhMrMm,82,0,siteSC-7B,Y,213971.6585,17431.72484,4436755.253,4.436755253,4.440286867
681,MhMrMm,56,0,SC-8B,Y,237453.753,292.8322986,1434.750053,0.00143475,0.001436147
682,MhMrMm,58,0,siteSC-9A,Y,258694.6456,292.8322986,1434.750053,0.00143475,0.001436147
683,MhMrMm,59,0,siteSCoutlet170710,Y,263523.1099,292.8322986,1434.750053,0.00143475,0.001436147
684,MhMrMm,60,0,siteSCoutlet170807,Y,267972.9067,292.8322986,1434.750053,0.00143475,0.001436147
685,MhMrMm,79,0,siteSC-6B,Y,194569.6103,292.8322986,1434.750053,0.00143475,0.001436147
686,MhMrMm,82,0,siteSC-7B,Y,213971.6585,292.8322986,1434.750053,0.00143475,0.001436147
687,MhMrMm,56,0,SC-8B,Y,237453.753,241.7295621,350.8348141,0.000350835,0.000351135
688,MhMrMm,58,0,siteSC-9A,Y,258694.6456,241.7295621,350.8348141,0.000350835,0.000351135
689,MhMrMm,59,0,siteSCoutlet170710,Y,263523.1099,241.7295621,350.8348141,0.000350835,0.000351135
690,MhMrMm,60,0,siteSCoutlet170807,Y,267972.9067,241.7295621,350.8348141,0.000350835,0.000351135
691,MhMrMm,79,0,siteSC-6B,Y,194569.6103,241.7295621,350.8348141,0.000350835,0.000351135
692,MhMrMm,82,0,siteSC-7B,Y,213971.6585,241.7295621,350.8348141,0.000350835,0.000351135
693,MhMrMm,56,0,SC-8B,Y,237453.753,673.478878,8248.088227,0.008248088,0.008254616
694,MhMrMm,58,0,siteSC-9A,Y,258694.6456,673.478878,8248.088227,0.008248088,0.008254616
695,MhMrMm,59,0,siteSCoutlet170710,Y,263523.1099,673.478878,8248.088227,0.008248088,0.008254616
696,MhMrMm,60,0,siteSCoutlet170807,Y,267972.9067,673.478878,8248.088227,0.008248088,0.008254616
697,MhMrMm,79,0,siteSC-6B,Y,194569.6103,673.478878,8248.088227,0.008248088,0.008254616
698,MhMrMm,82,0,siteSC-7B,Y,213971.6585,673.478878,8248.088227,0.008248088,0.008254616
699,MhMrMm,53,0,siteDC-3,Y,43137.1669,26388.26826,8533456.152,8.533456152,8.540321434
700,MhMrMm,54,0,siteDC-4,Y,127713.0386,26388.26826,8533456.152,8.533456152,8.540321434
701,MhMrMm,56,0,SC-8B,Y,237453.753,26388.26826,8533456.152,8.533456152,8.540321434
702,MhMrMm,58,0,siteSC-9A,Y,258694.6456,26388.26826,8533456.152,8.533456152,8.540321434
703,MhMrMm,59,0,siteSCoutlet170710,Y,263523.1099,26388.26826,8533456.152,8.533456152,8.540321434
704,MhMrMm,60,0,siteSCoutlet170807,Y,267972.9067,26388.26826,8533456.152,8.533456152,8.540321434
705,MpMbMpv,53,0,siteDC-3,Y,43137.1669,16019.84167,3508071.296,3.508071296,3.510863518
706,MpMbMpv,54,0,siteDC-4,Y,127713.0386,16019.84167,3508071.296,3.508071296,3.510863518
707,MpMbMpv,56,0,SC-8B,Y,237453.753,16019.84167,3508071.296,3.508071296,3.510863518
708,MpMbMpv,58,0,siteSC-9A,Y,258694.6456,16019.84167,3508071.296,3.508071296,3.510863518
709,MpMbMpv,59,0,siteSCoutlet170710,Y,263523.1099,16019.84167,3508071.296,3.508071296,3.510863518
710,MpMbMpv,60,0,siteSCoutlet170807,Y,267972.9067,16019.84167,3508071.296,3.508071296,3.510863518
711,Af,50,0,site10,Y,82937.72067,3968.298186,489368.2097,0.48936821,0.489732866
712,Af,54,0,siteDC-4,Y,127713.0386,3968.298186,489368.2097,0.48936821,0.489732866
713,Af,56,0,SC-8B,Y,237453.753,3968.298186,489368.2097,0.48936821,0.489732866
714,Af,58,0,siteSC-9A,Y,258694.6456,3968.298186,489368.2097,0.48936821,0.489732866
715,Af,59,0,siteSCoutlet170710,Y,263523.1099,3968.298186,489368.2097,0.48936821,0.489732866
716,Af,60,0,siteSCoutlet170807,Y,267972.9067,3968.298186,489368.2097,0.48936821,0.489732866
717,MhMrMm,50,0,site10,Y,82937.72067,25589.58921,8269603.041,8.269603041,8.276279119
718,MhMrMm,54,0,siteDC-4,Y,127713.0386,25589.58921,8269603.041,8.269603041,8.276279119
719,MhMrMm,56,0,SC-8B,Y,237453.753,25589.58921,8269603.041,8.269603041,8.276279119
720,MhMrMm,58,0,siteSC-9A,Y,258694.6456,25589.58921,8269603.041,8.269603041,8.276279119
721,MhMrMm,59,0,siteSCoutlet170710,Y,263523.1099,25589.58921,8269603.041,8.269603041,8.276279119
722,MhMrMm,60,0,siteSCoutlet170807,Y,267972.9067,25589.58921,8269603.041,8.269603041,8.276279119
723,ApAt,56,0,SC-8B,Y,237453.753,5665.930737,625590.2111,0.625590211,0.626072602
724,ApAt,58,0,siteSC-9A,Y,258694.6456,5665.930737,625590.2111,0.625590211,0.626072602
725,ApAt,59,0,siteSCoutlet170710,Y,263523.1099,5665.930737,625590.2111,0.625590211,0.626072602
726,ApAt,60,0,siteSCoutlet170807,Y,267972.9067,5665.930737,625590.2111,0.625590211,0.626072602
727,ApAt,79,0,siteSC-6B,Y,194569.6103,5665.930737,625590.2111,0.625590211,0.626072602
728,ApAt,82,0,siteSC-7B,Y,213971.6585,5665.930737,625590.2111,0.625590211,0.626072602
729,Mv,56,0,SC-8B,Y,237453.753,11054.67309,3969010.507,3.969010507,3.972064853
730,Mv,58,0,siteSC-9A,Y,258694.6456,11054.67309,3969010.507,3.969010507,3.972064853
731,Mv,59,0,siteSCoutlet170710,Y,263523.1099,11054.67309,3969010.507,3.969010507,3.972064853
732,Mv,60,0,siteSCoutlet170807,Y,267972.9067,11054.67309,3969010.507,3.969010507,3.972064853
733,Mv,79,0,siteSC-6B,Y,194569.6103,11054.67309,3969010.507,3.969010507,3.972064853
734,Mv,82,0,siteSC-7B,Y,213971.6585,11054.67309,3969010.507,3.969010507,3.972064853
735,Cx,56,0,SC-8B,Y,237453.753,8384.666682,1889751.561,1.889751561,1.891277237
736,Cx,58,0,siteSC-9A,Y,258694.6456,8384.666682,1889751.561,1.889751561,1.891277237
737,Cx,59,0,siteSCoutlet170710,Y,263523.1099,8384.666682,1889751.561,1.889751561,1.891277237
738,Cx,60,0,siteSCoutlet170807,Y,267972.9067,8384.666682,1889751.561,1.889751561,1.891277237
739,Cx,79,0,siteSC-6B,Y,194569.6103,8384.666682,1889751.561,1.889751561,1.891277237
740,Cx,82,0,siteSC-7B,Y,213971.6585,8384.666682,1889751.561,1.889751561,1.891277237
741,MhMrMm,56,0,SC-8B,Y,237453.753,27756.43871,11426371.17,11.42637117,11.43543002
742,MhMrMm,58,0,siteSC-9A,Y,258694.6456,27756.43871,11426371.17,11.42637117,11.43543002
743,MhMrMm,59,0,siteSCoutlet170710,Y,263523.1099,27756.43871,11426371.17,11.42637117,11.43543002
744,MhMrMm,60,0,siteSCoutlet170807,Y,267972.9067,27756.43871,11426371.17,11.42637117,11.43543002
745,MhMrMm,79,0,siteSC-6B,Y,194569.6103,27756.43871,11426371.17,11.42637117,11.43543002
746,MhMrMm,82,0,siteSC-7B,Y,213971.6585,27756.43871,11426371.17,11.42637117,11.43543002
747,MhMrMm,56,0,SC-8B,Y,237453.753,100.6456213,151.448328,0.000151448,0.000151507
748,MhMrMm,58,0,siteSC-9A,Y,258694.6456,100.6456213,151.448328,0.000151448,0.000151507
749,MhMrMm,59,0,siteSCoutlet170710,Y,263523.1099,100.6456213,151.448328,0.000151448,0.000151507
750,MhMrMm,60,0,siteSCoutlet170807,Y,267972.9067,100.6456213,151.448328,0.000151448,0.000151507
751,MhMrMm,79,0,siteSC-6B,Y,194569.6103,100.6456213,151.448328,0.000151448,0.000151507
752,MhMrMm,82,0,siteSC-7B,Y,213971.6585,100.6456213,151.448328,0.000151448,0.000151507
753,MpMbMpv,56,0,SC-8B,Y,237453.753,11542.40907,4202165.943,4.202165943,4.205442569
754,MpMbMpv,58,0,siteSC-9A,Y,258694.6456,11542.40907,4202165.943,4.202165943,4.205442569
755,MpMbMpv,59,0,siteSCoutlet170710,Y,263523.1099,11542.40907,4202165.943,4.202165943,4.205442569
756,MpMbMpv,60,0,siteSCoutlet170807,Y,267972.9067,11542.40907,4202165.943,4.202165943,4.205442569
757,MpMbMpv,79,0,siteSC-6B,Y,194569.6103,11542.40907,4202165.943,4.202165943,4.205442569
758,MpMbMpv,82,0,siteSC-7B,Y,213971.6585,11542.40907,4202165.943,4.202165943,4.205442569
759,MpMbMpv,56,0,SC-8B,Y,237453.753,437.9218504,4308.137938,0.004308138,0.00431097
760,MpMbMpv,58,0,siteSC-9A,Y,258694.6456,437.9218504,4308.137938,0.004308138,0.00431097
761,MpMbMpv,59,0,siteSCoutlet170710,Y,263523.1099,437.9218504,4308.137938,0.004308138,0.00431097
762,MpMbMpv,60,0,siteSCoutlet170807,Y,267972.9067,437.9218504,4308.137938,0.004308138,0.00431097
763,MpMbMpv,79,0,siteSC-6B,Y,194569.6103,437.9218504,4308.137938,0.004308138,0.00431097
764,MpMbMpv,82,0,siteSC-7B,Y,213971.6585,437.9218504,4308.137938,0.004308138,0.00431097
765,ApAt,56,0,SC-8B,Y,237453.753,14550.62321,1959890.861,1.959890861,1.961545832
766,ApAt,58,0,siteSC-9A,Y,258694.6456,14550.62321,1959890.861,1.959890861,1.961545832
767,ApAt,59,0,siteSCoutlet170710,Y,263523.1099,14550.62321,1959890.861,1.959890861,1.961545832
768,ApAt,60,0,siteSCoutlet170807,Y,267972.9067,14550.62321,1959890.861,1.959890861,1.961545832
769,ApAt,79,0,siteSC-6B,Y,194569.6103,14550.62321,1959890.861,1.959890861,1.961545832
770,ApAt,82,0,siteSC-7B,Y,213971.6585,14550.62321,1959890.861,1.959890861,1.961545832
771,Cv,56,0,SC-8B,Y,237453.753,243.923389,1687.258766,0.001687259,0.001688524
772,Cv,58,0,siteSC-9A,Y,258694.6456,243.923389,1687.258766,0.001687259,0.001688524
773,Cv,59,0,siteSCoutlet170710,Y,263523.1099,243.923389,1687.258766,0.001687259,0.001688524
774,Cv,60,0,siteSCoutlet170807,Y,267972.9067,243.923389,1687.258766,0.001687259,0.001688524
775,Cv,79,0,siteSC-6B,Y,194569.6103,243.923389,1687.258766,0.001687259,0.001688524
776,Cv,82,0,siteSC-7B,Y,213971.6585,243.923389,1687.258766,0.001687259,0.001688524
777,MhMrMm,50,0,site10,Y,82937.72067,18147.97891,5708615.322,5.708615322,5.71318099
778,MhMrMm,54,0,siteDC-4,Y,127713.0386,18147.97891,5708615.322,5.708615322,5.71318099
779,MhMrMm,56,0,SC-8B,Y,237453.753,18147.97891,5708615.322,5.708615322,5.71318099
780,MhMrMm,58,0,siteSC-9A,Y,258694.6456,18147.97891,5708615.322,5.708615322,5.71318099
781,MhMrMm,59,0,siteSCoutlet170710,Y,263523.1099,18147.97891,5708615.322,5.708615322,5.71318099
782,MhMrMm,60,0,siteSCoutlet170807,Y,267972.9067,18147.97891,5708615.322,5.708615322,5.71318099
783,MpMbMpv,50,0,site10,Y,82937.72067,57646.82158,35019679.41,35.01967941,35.04792629
784,MpMbMpv,54,0,siteDC-4,Y,127713.0386,57646.82158,35019679.41,35.01967941,35.04792629
785,MpMbMpv,56,0,SC-8B,Y,237453.753,57646.82158,35019679.41,35.01967941,35.04792629
786,MpMbMpv,58,0,siteSC-9A,Y,258694.6456,57646.82158,35019679.41,35.01967941,35.04792629
787,MpMbMpv,59,0,siteSCoutlet170710,Y,263523.1099,57646.82158,35019679.41,35.01967941,35.04792629
788,MpMbMpv,60,0,siteSCoutlet170807,Y,267972.9067,57646.82158,35019679.41,35.01967941,35.04792629
789,MpMbMpv,50,0,site10,Y,82937.72067,1114.643655,68784.88579,0.068784886,0.068835232
790,MpMbMpv,54,0,siteDC-4,Y,127713.0386,1114.643655,68784.88579,0.068784886,0.068835232
791,MpMbMpv,56,0,SC-8B,Y,237453.753,1114.643655,68784.88579,0.068784886,0.068835232
792,MpMbMpv,58,0,siteSC-9A,Y,258694.6456,1114.643655,68784.88579,0.068784886,0.068835232
793,MpMbMpv,59,0,siteSCoutlet170710,Y,263523.1099,1114.643655,68784.88579,0.068784886,0.068835232
794,MpMbMpv,60,0,siteSCoutlet170807,Y,267972.9067,1114.643655,68784.88579,0.068784886,0.068835232
795,R/Cv,50,0,site10,Y,82937.72067,7426.766919,2667981.093,2.667981093,2.669937149
796,R/Cv,54,0,siteDC-4,Y,127713.0386,7426.766919,2667981.093,2.667981093,2.669937149
797,R/Cv,56,0,SC-8B,Y,237453.753,7426.766919,2667981.093,2.667981093,2.669937149
798,R/Cv,58,0,siteSC-9A,Y,258694.6456,7426.766919,2667981.093,2.667981093,2.669937149
799,R/Cv,59,0,siteSCoutlet170710,Y,263523.1099,7426.766919,2667981.093,2.667981093,2.669937149
800,R/Cv,60,0,siteSCoutlet170807,Y,267972.9067,7426.766919,2667981.093,2.667981093,2.669937149
801,Cx,38,0,HAUPTS22160726,Y,18972.16236,668.0337997,12546.76438,0.012546764,0.012556547
802,Cx,40,0,HADNTS3160726,Y,19759.42525,668.0337997,12546.76438,0.012546764,0.012556547
803,Cx,41,0,S2UPTS4160617,Y,21949.53018,668.0337997,12546.76438,0.012546764,0.012556547
804,Cx,43,0,S2DNTS5160617,Y,24551.93494,668.0337997,12546.76438,0.012546764,0.012556547
805,Cx,44,0,S3UPTS6160730,Y,25887.85677,668.0337997,12546.76438,0.012546764,0.012556547
806,Cx,46,0,S3DNTS7160730,Y,39206.58459,668.0337997,12546.76438,0.012546764,0.012556547
807,Cx,39,0,HAINTSINFLOW1160617,Y,8350.35635,368.4676505,3733.677457,0.003733677,0.0037365
808,Cx,40,0,HADNTS3160726,Y,19759.42525,368.4676505,3733.677457,0.003733677,0.0037365
809,Cx,41,0,S2UPTS4160617,Y,21949.53018,368.4676505,3733.677457,0.003733677,0.0037365
810,Cx,43,0,S2DNTS5160617,Y,24551.93494,368.4676505,3733.677457,0.003733677,0.0037365
811,Cx,44,0,S3UPTS6160730,Y,25887.85677,368.4676505,3733.677457,0.003733677,0.0037365
812,Cx,46,0,S3DNTS7160730,Y,39206.58459,368.4676505,3733.677457,0.003733677,0.0037365
813,R/Cv,50,0,site10,Y,82937.72067,12251.94375,1716914.142,1.716914142,1.718240249
814,R/Cv,54,0,siteDC-4,Y,127713.0386,12251.94375,1716914.142,1.716914142,1.718240249
815,R/Cv,56,0,SC-8B,Y,237453.753,12251.94375,1716914.142,1.716914142,1.718240249
816,R/Cv,58,0,siteSC-9A,Y,258694.6456,12251.94375,1716914.142,1.716914142,1.718240249
817,R/Cv,59,0,siteSCoutlet170710,Y,263523.1099,12251.94375,1716914.142,1.716914142,1.718240249
818,R/Cv,60,0,siteSCoutlet170807,Y,267972.9067,12251.94375,1716914.142,1.716914142,1.718240249
819,MpMbMpv,13,0,SDDNTS100150704,Y,6396.227028,851.111585,8440.268751,0.008440269,0.00844696
820,MpMbMpv,14,0,SDDNTS200150704,Y,6690.215488,851.111585,8440.268751,0.008440269,0.00844696
821,MpMbMpv,15,0,SDDNTS300150704,Y,6912.094798,851.111585,8440.268751,0.008440269,0.00844696
822,MpMbMpv,16,0,SDDNTS400150704,Y,7087.512259,851.111585,8440.268751,0.008440269,0.00844696
823,MpMbMpv,45,0,S3INTSINFLOW3160730,Y,35682.3182,851.111585,8440.268751,0.008440269,0.00844696
824,MpMbMpv,46,0,S3DNTS7160730,Y,39206.58459,851.111585,8440.268751,0.008440269,0.00844696
825,MpMbMpv,38,0,HAUPTS22160726,Y,18972.16236,1998.390115,47836.60727,0.047836607,0.047873825
826,MpMbMpv,40,0,HADNTS3160726,Y,19759.42525,1998.390115,47836.60727,0.047836607,0.047873825
827,MpMbMpv,41,0,S2UPTS4160617,Y,21949.53018,1998.390115,47836.60727,0.047836607,0.047873825
828,MpMbMpv,43,0,S2DNTS5160617,Y,24551.93494,1998.390115,47836.60727,0.047836607,0.047873825
829,MpMbMpv,44,0,S3UPTS6160730,Y,25887.85677,1998.390115,47836.60727,0.047836607,0.047873825
830,MpMbMpv,46,0,S3DNTS7160730,Y,39206.58459,1998.390115,47836.60727,0.047836607,0.047873825
831,MpMbMpv,39,0,HAINTSINFLOW1160617,Y,8350.35635,8091.875329,1075826.515,1.075826515,1.076665019
832,MpMbMpv,40,0,HADNTS3160726,Y,19759.42525,8091.875329,1075826.515,1.075826515,1.076665019
833,MpMbMpv,41,0,S2UPTS4160617,Y,21949.53018,8091.875329,1075826.515,1.075826515,1.076665019
834,MpMbMpv,43,0,S2DNTS5160617,Y,24551.93494,8091.875329,1075826.515,1.075826515,1.076665019
835,MpMbMpv,44,0,S3UPTS6160730,Y,25887.85677,8091.875329,1075826.515,1.075826515,1.076665019
836,MpMbMpv,46,0,S3DNTS7160730,Y,39206.58459,8091.875329,1075826.515,1.075826515,1.076665019
837,MpMbMpv,52,0,site57,Y,9837.093023,2774.434809,78605.08528,0.078605085,0.078666373
838,MpMbMpv,53,0,siteDC-3,Y,43137.1669,2774.434809,78605.08528,0.078605085,0.078666373
839,MpMbMpv,54,0,siteDC-4,Y,127713.0386,2774.434809,78605.08528,0.078605085,0.078666373
840,MpMbMpv,56,0,SC-8B,Y,237453.753,2774.434809,78605.08528,0.078605085,0.078666373
841,MpMbMpv,58,0,siteSC-9A,Y,258694.6456,2774.434809,78605.08528,0.078605085,0.078666373
842,MpMbMpv,59,0,siteSCoutlet170710,Y,263523.1099,2774.434809,78605.08528,0.078605085,0.078666373
843,MpMbMpv,60,0,siteSCoutlet170807,Y,267972.9067,2774.434809,78605.08528,0.078605085,0.078666373
844,ApAt,56,0,SC-8B,Y,237453.753,252.6859626,2179.4021,0.002179402,0.002180871
845,ApAt,58,0,siteSC-9A,Y,258694.6456,252.6859626,2179.4021,0.002179402,0.002180871
846,ApAt,59,0,siteSCoutlet170710,Y,263523.1099,252.6859626,2179.4021,0.002179402,0.002180871
847,ApAt,60,0,siteSCoutlet170807,Y,267972.9067,252.6859626,2179.4021,0.002179402,0.002180871
848,ApAt,78,0,siteSC-5B,Y,162850.4689,252.6859626,2179.4021,0.002179402,0.002180871
849,ApAt,79,0,siteSC-6B,Y,194569.6103,252.6859626,2179.4021,0.002179402,0.002180871
850,ApAt,82,0,siteSC-7B,Y,213971.6585,252.6859626,2179.4021,0.002179402,0.002180871
851,R/Cv,56,0,SC-8B,Y,237453.753,3869.846413,583661.7062,0.583661706,0.584104217
852,R/Cv,58,0,siteSC-9A,Y,258694.6456,3869.846413,583661.7062,0.583661706,0.584104217
853,R/Cv,59,0,siteSCoutlet170710,Y,263523.1099,3869.846413,583661.7062,0.583661706,0.584104217
854,R/Cv,60,0,siteSCoutlet170807,Y,267972.9067,3869.846413,583661.7062,0.583661706,0.584104217
855,R/Cv,75,0,site24,Y,13663.57841,3869.846413,583661.7062,0.583661706,0.584104217
856,R/Cv,79,0,siteSC-6B,Y,194569.6103,3869.846413,583661.7062,0.583661706,0.584104217
857,R/Cv,82,0,siteSC-7B,Y,213971.6585,3869.846413,583661.7062,0.583661706,0.584104217
858,R/Cv,56,0,SC-8B,Y,237453.753,7321.874093,1253225.853,1.253225853,1.254191829
859,R/Cv,58,0,siteSC-9A,Y,258694.6456,7321.874093,1253225.853,1.253225853,1.254191829
860,R/Cv,59,0,siteSCoutlet170710,Y,263523.1099,7321.874093,1253225.853,1.253225853,1.254191829
861,R/Cv,60,0,siteSCoutlet170807,Y,267972.9067,7321.874093,1253225.853,1.253225853,1.254191829
862,R/Cv,78,0,siteSC-5B,Y,162850.4689,7321.874093,1253225.853,1.253225853,1.254191829
863,R/Cv,79,0,siteSC-6B,Y,194569.6103,7321.874093,1253225.853,1.253225853,1.254191829
864,R/Cv,82,0,siteSC-7B,Y,213971.6585,7321.874093,1253225.853,1.253225853,1.254191829
865,R/Cv,56,0,SC-8B,Y,237453.753,1641.410207,173557.791,0.173557791,0.173680723
866,R/Cv,58,0,siteSC-9A,Y,258694.6456,1641.410207,173557.791,0.173557791,0.173680723
867,R/Cv,59,0,siteSCoutlet170710,Y,263523.1099,1641.410207,173557.791,0.173557791,0.173680723
868,R/Cv,60,0,siteSCoutlet170807,Y,267972.9067,1641.410207,173557.791,0.173557791,0.173680723
869,R/Cv,76,0,site23,Y,26301.05699,1641.410207,173557.791,0.173557791,0.173680723
870,R/Cv,79,0,siteSC-6B,Y,194569.6103,1641.410207,173557.791,0.173557791,0.173680723
871,R/Cv,82,0,siteSC-7B,Y,213971.6585,1641.410207,173557.791,0.173557791,0.173680723
872,R/Cv,56,0,SC-8B,Y,237453.753,1156.083352,76925.69411,0.076925694,0.076981854
873,R/Cv,58,0,siteSC-9A,Y,258694.6456,1156.083352,76925.69411,0.076925694,0.076981854
874,R/Cv,59,0,siteSCoutlet170710,Y,263523.1099,1156.083352,76925.69411,0.076925694,0.076981854
875,R/Cv,60,0,siteSCoutlet170807,Y,267972.9067,1156.083352,76925.69411,0.076925694,0.076981854
876,R/Cv,75,0,site24,Y,13663.57841,1156.083352,76925.69411,0.076925694,0.076981854
877,R/Cv,79,0,siteSC-6B,Y,194569.6103,1156.083352,76925.69411,0.076925694,0.076981854
878,R/Cv,82,0,siteSC-7B,Y,213971.6585,1156.083352,76925.69411,0.076925694,0.076981854
879,R/Cv,56,0,SC-8B,Y,237453.753,2286.923299,179366.4655,0.179366466,0.179498339
880,R/Cv,58,0,siteSC-9A,Y,258694.6456,2286.923299,179366.4655,0.179366466,0.179498339
881,R/Cv,59,0,siteSCoutlet170710,Y,263523.1099,2286.923299,179366.4655,0.179366466,0.179498339
882,R/Cv,60,0,siteSCoutlet170807,Y,267972.9067,2286.923299,179366.4655,0.179366466,0.179498339
883,R/Cv,76,0,site23,Y,26301.05699,2286.923299,179366.4655,0.179366466,0.179498339
884,R/Cv,79,0,siteSC-6B,Y,194569.6103,2286.923299,179366.4655,0.179366466,0.179498339
885,R/Cv,82,0,siteSC-7B,Y,213971.6585,2286.923299,179366.4655,0.179366466,0.179498339
886,R/Cv,56,0,SC-8B,Y,237453.753,4825.964751,1015112.613,1.015112613,1.015850645
887,R/Cv,58,0,siteSC-9A,Y,258694.6456,4825.964751,1015112.613,1.015112613,1.015850645
888,R/Cv,59,0,siteSCoutlet170710,Y,263523.1099,4825.964751,1015112.613,1.015112613,1.015850645
889,R/Cv,60,0,siteSCoutlet170807,Y,267972.9067,4825.964751,1015112.613,1.015112613,1.015850645
890,R/Cv,76,0,site23,Y,26301.05699,4825.964751,1015112.613,1.015112613,1.015850645
891,R/Cv,79,0,siteSC-6B,Y,194569.6103,4825.964751,1015112.613,1.015112613,1.015850645
892,R/Cv,82,0,siteSC-7B,Y,213971.6585,4825.964751,1015112.613,1.015112613,1.015850645
893,R/Cv,56,0,SC-8B,Y,237453.753,4031.450632,494892.7703,0.49489277,0.495217069
894,R/Cv,58,0,siteSC-9A,Y,258694.6456,4031.450632,494892.7703,0.49489277,0.495217069
895,R/Cv,59,0,siteSCoutlet170710,Y,263523.1099,4031.450632,494892.7703,0.49489277,0.495217069
896,R/Cv,60,0,siteSCoutlet170807,Y,267972.9067,4031.450632,494892.7703,0.49489277,0.495217069
897,R/Cv,76,0,site23,Y,26301.05699,4031.450632,494892.7703,0.49489277,0.495217069
898,R/Cv,79,0,siteSC-6B,Y,194569.6103,4031.450632,494892.7703,0.49489277,0.495217069
899,R/Cv,82,0,siteSC-7B,Y,213971.6585,4031.450632,494892.7703,0.49489277,0.495217069
900,R/Cv,56,0,SC-8B,Y,237453.753,5028.697826,349687.0962,0.349687096,0.349953197
901,R/Cv,58,0,siteSC-9A,Y,258694.6456,5028.697826,349687.0962,0.349687096,0.349953197
902,R/Cv,59,0,siteSCoutlet170710,Y,263523.1099,5028.697826,349687.0962,0.349687096,0.349953197
903,R/Cv,60,0,siteSCoutlet170807,Y,267972.9067,5028.697826,349687.0962,0.349687096,0.349953197
904,R/Cv,75,0,site24,Y,13663.57841,5028.697826,349687.0962,0.349687096,0.349953197
905,R/Cv,79,0,siteSC-6B,Y,194569.6103,5028.697826,349687.0962,0.349687096,0.349953197
906,R/Cv,82,0,siteSC-7B,Y,213971.6585,5028.697826,349687.0962,0.349687096,0.349953197
907,R/Cv,56,0,SC-8B,Y,237453.753,19404.92494,2908614.567,2.908614567,2.910738049
908,R/Cv,58,0,siteSC-9A,Y,258694.6456,19404.92494,2908614.567,2.908614567,2.910738049
909,R/Cv,59,0,siteSCoutlet170710,Y,263523.1099,19404.92494,2908614.567,2.908614567,2.910738049
910,R/Cv,60,0,siteSCoutlet170807,Y,267972.9067,19404.92494,2908614.567,2.908614567,2.910738049
911,R/Cv,76,0,site23,Y,26301.05699,19404.92494,2908614.567,2.908614567,2.910738049
912,R/Cv,79,0,siteSC-6B,Y,194569.6103,19404.92494,2908614.567,2.908614567,2.910738049
913,R/Cv,82,0,siteSC-7B,Y,213971.6585,19404.92494,2908614.567,2.908614567,2.910738049
914,Mv,56,0,SC-8B,Y,237453.753,3304.251891,146097.4308,0.146097431,0.146205989
915,Mv,58,0,siteSC-9A,Y,258694.6456,3304.251891,146097.4308,0.146097431,0.146205989
916,Mv,59,0,siteSCoutlet170710,Y,263523.1099,3304.251891,146097.4308,0.146097431,0.146205989
917,Mv,60,0,siteSCoutlet170807,Y,267972.9067,3304.251891,146097.4308,0.146097431,0.146205989
918,Mv,78,0,siteSC-5B,Y,162850.4689,3304.251891,146097.4308,0.146097431,0.146205989
919,Mv,79,0,siteSC-6B,Y,194569.6103,3304.251891,146097.4308,0.146097431,0.146205989
920,Mv,82,0,siteSC-7B,Y,213971.6585,3304.251891,146097.4308,0.146097431,0.146205989
921,Mv,56,0,SC-8B,Y,237453.753,6731.873685,1242450.546,1.242450546,1.243395457
922,Mv,58,0,siteSC-9A,Y,258694.6456,6731.873685,1242450.546,1.242450546,1.243395457
923,Mv,59,0,siteSCoutlet170710,Y,263523.1099,6731.873685,1242450.546,1.242450546,1.243395457
924,Mv,60,0,siteSCoutlet170807,Y,267972.9067,6731.873685,1242450.546,1.242450546,1.243395457
925,Mv,78,0,siteSC-5B,Y,162850.4689,6731.873685,1242450.546,1.242450546,1.243395457
926,Mv,79,0,siteSC-6B,Y,194569.6103,6731.873685,1242450.546,1.242450546,1.243395457
927,Mv,82,0,siteSC-7B,Y,213971.6585,6731.873685,1242450.546,1.242450546,1.243395457
928,Mv,56,0,SC-8B,Y,237453.753,10274.28504,2349978.473,2.349978473,2.351739599
929,Mv,58,0,siteSC-9A,Y,258694.6456,10274.28504,2349978.473,2.349978473,2.351739599
930,Mv,59,0,siteSCoutlet170710,Y,263523.1099,10274.28504,2349978.473,2.349978473,2.351739599
931,Mv,60,0,siteSCoutlet170807,Y,267972.9067,10274.28504,2349978.473,2.349978473,2.351739599
932,Mv,78,0,siteSC-5B,Y,162850.4689,10274.28504,2349978.473,2.349978473,2.351739599
933,Mv,79,0,siteSC-6B,Y,194569.6103,10274.28504,2349978.473,2.349978473,2.351739599
934,Mv,82,0,siteSC-7B,Y,213971.6585,10274.28504,2349978.473,2.349978473,2.351739599
935,Mv,56,0,SC-8B,Y,237453.753,6836.433456,1181650.639,1.181650639,1.182548803
936,Mv,58,0,siteSC-9A,Y,258694.6456,6836.433456,1181650.639,1.181650639,1.182548803
937,Mv,59,0,siteSCoutlet170710,Y,263523.1099,6836.433456,1181650.639,1.181650639,1.182548803
938,Mv,60,0,siteSCoutlet170807,Y,267972.9067,6836.433456,1181650.639,1.181650639,1.182548803
939,Mv,78,0,siteSC-5B,Y,162850.4689,6836.433456,1181650.639,1.181650639,1.182548803
940,Mv,79,0,siteSC-6B,Y,194569.6103,6836.433456,1181650.639,1.181650639,1.182548803
941,Mv,82,0,siteSC-7B,Y,213971.6585,6836.433456,1181650.639,1.181650639,1.182548803
942,Mv,56,0,SC-8B,Y,237453.753,285.8298754,727.2757372,0.000727276,0.000727407
943,Mv,58,0,siteSC-9A,Y,258694.6456,285.8298754,727.2757372,0.000727276,0.000727407
944,Mv,59,0,siteSCoutlet170710,Y,263523.1099,285.8298754,727.2757372,0.000727276,0.000727407
945,Mv,60,0,siteSCoutlet170807,Y,267972.9067,285.8298754,727.2757372,0.000727276,0.000727407
946,Mv,79,0,siteSC-6B,Y,194569.6103,285.8298754,727.2757372,0.000727276,0.000727407
947,Mv,82,0,siteSC-7B,Y,213971.6585,285.8298754,727.2757372,0.000727276,0.000727407
948,MpMbMpv,56,0,SC-8B,Y,237453.753,285.8298754,727.2757372,0.000727276,0.000727407
949,MpMbMpv,58,0,siteSC-9A,Y,258694.6456,285.8298754,727.2757372,0.000727276,0.000727407
950,MpMbMpv,59,0,siteSCoutlet170710,Y,263523.1099,285.8298754,727.2757372,0.000727276,0.000727407
951,MpMbMpv,60,0,siteSCoutlet170807,Y,267972.9067,285.8298754,727.2757372,0.000727276,0.000727407
952,MpMbMpv,79,0,siteSC-6B,Y,194569.6103,285.8298754,727.2757372,0.000727276,0.000727407
953,MpMbMpv,82,0,siteSC-7B,Y,213971.6585,285.8298754,727.2757372,0.000727276,0.000727407
954,Mv,56,0,SC-8B,Y,237453.753,5026.66933,971273.7614,0.971273761,0.97202335
955,Mv,58,0,siteSC-9A,Y,258694.6456,5026.66933,971273.7614,0.971273761,0.97202335
956,Mv,59,0,siteSCoutlet170710,Y,263523.1099,5026.66933,971273.7614,0.971273761,0.97202335
957,Mv,60,0,siteSCoutlet170807,Y,267972.9067,5026.66933,971273.7614,0.971273761,0.97202335
958,Mv,78,0,siteSC-5B,Y,162850.4689,5026.66933,971273.7614,0.971273761,0.97202335
959,Mv,79,0,siteSC-6B,Y,194569.6103,5026.66933,971273.7614,0.971273761,0.97202335
960,Mv,82,0,siteSC-7B,Y,213971.6585,5026.66933,971273.7614,0.971273761,0.97202335
961,MhMrMm,50,0,site10,Y,82937.72067,29836.26509,12970506.91,12.97050691,12.98078535
962,MhMrMm,54,0,siteDC-4,Y,127713.0386,29836.26509,12970506.91,12.97050691,12.98078535
963,MhMrMm,56,0,SC-8B,Y,237453.753,29836.26509,12970506.91,12.97050691,12.98078535
964,MhMrMm,58,0,siteSC-9A,Y,258694.6456,29836.26509,12970506.91,12.97050691,12.98078535
965,MhMrMm,59,0,siteSCoutlet170710,Y,263523.1099,29836.26509,12970506.91,12.97050691,12.98078535
966,MhMrMm,60,0,siteSCoutlet170807,Y,267972.9067,29836.26509,12970506.91,12.97050691,12.98078535
967,MhMrMm,50,0,site10,Y,82937.72067,29836.26509,12970506.91,12.97050691,12.98078535
968,MhMrMm,54,0,siteDC-4,Y,127713.0386,29836.26509,12970506.91,12.97050691,12.98078535
969,MhMrMm,56,0,SC-8B,Y,237453.753,29836.26509,12970506.91,12.97050691,12.98078535
970,MhMrMm,58,0,siteSC-9A,Y,258694.6456,29836.26509,12970506.91,12.97050691,12.98078535
971,MhMrMm,59,0,siteSCoutlet170710,Y,263523.1099,29836.26509,12970506.91,12.97050691,12.98078535
972,MhMrMm,60,0,siteSCoutlet170807,Y,267972.9067,29836.26509,12970506.91,12.97050691,12.98078535
973,MhMrMm,56,0,SC-8B,Y,237453.753,6079.618692,940920.6765,0.940920677,0.941674838
974,MhMrMm,58,0,siteSC-9A,Y,258694.6456,6079.618692,940920.6765,0.940920677,0.941674838
975,MhMrMm,59,0,siteSCoutlet170710,Y,263523.1099,6079.618692,940920.6765,0.940920677,0.941674838
976,MhMrMm,60,0,siteSCoutlet170807,Y,267972.9067,6079.618692,940920.6765,0.940920677,0.941674838
977,MhMrMm,79,0,siteSC-6B,Y,194569.6103,6079.618692,940920.6765,0.940920677,0.941674838
978,MhMrMm,82,0,siteSC-7B,Y,213971.6585,6079.618692,940920.6765,0.940920677,0.941674838
979,MhMrMm,56,0,SC-8B,Y,237453.753,6079.618692,940920.6765,0.940920677,0.941674838
980,MhMrMm,58,0,siteSC-9A,Y,258694.6456,6079.618692,940920.6765,0.940920677,0.941674838
981,MhMrMm,59,0,siteSCoutlet170710,Y,263523.1099,6079.618692,940920.6765,0.940920677,0.941674838
982,MhMrMm,60,0,siteSCoutlet170807,Y,267972.9067,6079.618692,940920.6765,0.940920677,0.941674838
983,MhMrMm,79,0,siteSC-6B,Y,194569.6103,6079.618692,940920.6765,0.940920677,0.941674838
984,MhMrMm,82,0,siteSC-7B,Y,213971.6585,6079.618692,940920.6765,0.940920677,0.941674838
985,MhMrMm,56,0,SC-8B,Y,237453.753,2787.108105,208016.9527,0.208016953,0.208167888
986,MhMrMm,58,0,siteSC-9A,Y,258694.6456,2787.108105,208016.9527,0.208016953,0.208167888
987,MhMrMm,59,0,siteSCoutlet170710,Y,263523.1099,2787.108105,208016.9527,0.208016953,0.208167888
988,MhMrMm,60,0,siteSCoutlet170807,Y,267972.9067,2787.108105,208016.9527,0.208016953,0.208167888
989,MhMrMm,78,0,siteSC-5B,Y,162850.4689,2787.108105,208016.9527,0.208016953,0.208167888
990,MhMrMm,79,0,siteSC-6B,Y,194569.6103,2787.108105,208016.9527,0.208016953,0.208167888
991,MhMrMm,82,0,siteSC-7B,Y,213971.6585,2787.108105,208016.9527,0.208016953,0.208167888
992,Mv,56,0,SC-8B,Y,237453.753,1.020905782,0.0170283,1.70283E-08,1.70416E-08
993,Mv,58,0,siteSC-9A,Y,258694.6456,1.020905782,0.0170283,1.70283E-08,1.70416E-08
994,Mv,59,0,siteSCoutlet170710,Y,263523.1099,1.020905782,0.0170283,1.70283E-08,1.70416E-08
995,Mv,60,0,siteSCoutlet170807,Y,267972.9067,1.020905782,0.0170283,1.70283E-08,1.70416E-08
996,Mv,79,0,siteSC-6B,Y,194569.6103,1.020905782,0.0170283,1.70283E-08,1.70416E-08
997,Mv,82,0,siteSC-7B,Y,213971.6585,1.020905782,0.0170283,1.70283E-08,1.70416E-08
998,MpMbMpv,56,0,SC-8B,Y,237453.753,1.020905782,0.0170283,1.70283E-08,1.70416E-08
999,MpMbMpv,58,0,siteSC-9A,Y,258694.6456,1.020905782,0.0170283,1.70283E-08,1.70416E-08
1000,MpMbMpv,59,0,siteSCoutlet170710,Y,263523.1099,1.020905782,0.0170283,1.70283E-08,1.70416E-08
1001,MpMbMpv,60,0,siteSCoutlet170807,Y,267972.9067,1.020905782,0.0170283,1.70283E-08,1.70416E-08
1002,MpMbMpv,79,0,siteSC-6B,Y,194569.6103,1.020905782,0.0170283,1.70283E-08,1.70416E-08
1003,MpMbMpv,82,0,siteSC-7B,Y,213971.6585,1.020905782,0.0170283,1.70283E-08,1.70416E-08
1004,MpMbMpv,56,0,SC-8B,Y,237453.753,193.6379327,748.7641228,0.000748764,0.00074902
1005,MpMbMpv,58,0,siteSC-9A,Y,258694.6456,193.6379327,748.7641228,0.000748764,0.00074902
1006,MpMbMpv,59,0,siteSCoutlet170710,Y,263523.1099,193.6379327,748.7641228,0.000748764,0.00074902
1007,MpMbMpv,60,0,siteSCoutlet170807,Y,267972.9067,193.6379327,748.7641228,0.000748764,0.00074902
1008,MpMbMpv,79,0,siteSC-6B,Y,194569.6103,193.6379327,748.7641228,0.000748764,0.00074902
1009,MpMbMpv,82,0,siteSC-7B,Y,213971.6585,193.6379327,748.7641228,0.000748764,0.00074902
1010,Cx,56,0,SC-8B,Y,237453.753,193.6379327,748.7641228,0.000748764,0.00074902
1011,Cx,58,0,siteSC-9A,Y,258694.6456,193.6379327,748.7641228,0.000748764,0.00074902
1012,Cx,59,0,siteSCoutlet170710,Y,263523.1099,193.6379327,748.7641228,0.000748764,0.00074902
1013,Cx,60,0,siteSCoutlet170807,Y,267972.9067,193.6379327,748.7641228,0.000748764,0.00074902
1014,Cx,79,0,siteSC-6B,Y,194569.6103,193.6379327,748.7641228,0.000748764,0.00074902
1015,Cx,82,0,siteSC-7B,Y,213971.6585,193.6379327,748.7641228,0.000748764,0.00074902
1016,Cx,56,0,SC-8B,Y,237453.753,12051.34471,3612237.146,3.612237146,3.615040526
1017,Cx,58,0,siteSC-9A,Y,258694.6456,12051.34471,3612237.146,3.612237146,3.615040526
1018,Cx,59,0,siteSCoutlet170710,Y,263523.1099,12051.34471,3612237.146,3.612237146,3.615040526
1019,Cx,60,0,siteSCoutlet170807,Y,267972.9067,12051.34471,3612237.146,3.612237146,3.615040526
1020,Cx,78,0,siteSC-5B,Y,162850.4689,12051.34471,3612237.146,3.612237146,3.615040526
1021,Cx,79,0,siteSC-6B,Y,194569.6103,12051.34471,3612237.146,3.612237146,3.615040526
1022,Cx,82,0,siteSC-7B,Y,213971.6585,12051.34471,3612237.146,3.612237146,3.615040526
1023,Cx,56,0,SC-8B,Y,237453.753,82.72536324,236.0149525,0.000236015,0.00023622
1024,Cx,58,0,siteSC-9A,Y,258694.6456,82.72536324,236.0149525,0.000236015,0.00023622
1025,Cx,59,0,siteSCoutlet170710,Y,263523.1099,82.72536324,236.0149525,0.000236015,0.00023622
1026,Cx,60,0,siteSCoutlet170807,Y,267972.9067,82.72536324,236.0149525,0.000236015,0.00023622
1027,Cx,78,0,siteSC-5B,Y,162850.4689,82.72536324,236.0149525,0.000236015,0.00023622
1028,Cx,79,0,siteSC-6B,Y,194569.6103,82.72536324,236.0149525,0.000236015,0.00023622
1029,Cx,82,0,siteSC-7B,Y,213971.6585,82.72536324,236.0149525,0.000236015,0.00023622
1030,MpMbMpv,56,0,SC-8B,Y,237453.753,12587.81467,2651239.384,2.651239384,2.653345942
1031,MpMbMpv,58,0,siteSC-9A,Y,258694.6456,12587.81467,2651239.384,2.651239384,2.653345942
1032,MpMbMpv,59,0,siteSCoutlet170710,Y,263523.1099,12587.81467,2651239.384,2.651239384,2.653345942
1033,MpMbMpv,60,0,siteSCoutlet170807,Y,267972.9067,12587.81467,2651239.384,2.651239384,2.653345942
1034,MpMbMpv,75,0,site24,Y,13663.57841,12587.81467,2651239.384,2.651239384,2.653345942
1035,MpMbMpv,79,0,siteSC-6B,Y,194569.6103,12587.81467,2651239.384,2.651239384,2.653345942
1036,MpMbMpv,82,0,siteSC-7B,Y,213971.6585,12587.81467,2651239.384,2.651239384,2.653345942
1037,MpMbMpv,56,0,SC-8B,Y,237453.753,34895.871,8978559.021,8.978559021,8.986144163
1038,MpMbMpv,58,0,siteSC-9A,Y,258694.6456,34895.871,8978559.021,8.978559021,8.986144163
1039,MpMbMpv,59,0,siteSCoutlet170710,Y,263523.1099,34895.871,8978559.021,8.978559021,8.986144163
1040,MpMbMpv,60,0,siteSCoutlet170807,Y,267972.9067,34895.871,8978559.021,8.978559021,8.986144163
1041,MpMbMpv,76,0,site23,Y,26301.05699,34895.871,8978559.021,8.978559021,8.986144163
1042,MpMbMpv,79,0,siteSC-6B,Y,194569.6103,34895.871,8978559.021,8.978559021,8.986144163
1043,MpMbMpv,82,0,siteSC-7B,Y,213971.6585,34895.871,8978559.021,8.978559021,8.986144163
1044,MpMbMpv,56,0,SC-8B,Y,237453.753,11112.433,4654744.102,4.654744102,4.65838885
1045,MpMbMpv,58,0,siteSC-9A,Y,258694.6456,11112.433,4654744.102,4.654744102,4.65838885
1046,MpMbMpv,59,0,siteSCoutlet170710,Y,263523.1099,11112.433,4654744.102,4.654744102,4.65838885
1047,MpMbMpv,60,0,siteSCoutlet170807,Y,267972.9067,11112.433,4654744.102,4.654744102,4.65838885
1048,MpMbMpv,78,0,siteSC-5B,Y,162850.4689,11112.433,4654744.102,4.654744102,4.65838885
1049,MpMbMpv,79,0,siteSC-6B,Y,194569.6103,11112.433,4654744.102,4.654744102,4.65838885
1050,MpMbMpv,82,0,siteSC-7B,Y,213971.6585,11112.433,4654744.102,4.654744102,4.65838885
1051,MpMbMpv,56,0,SC-8B,Y,237453.753,58.30765203,21.08485626,2.10849E-05,2.10781E-05
1052,MpMbMpv,58,0,siteSC-9A,Y,258694.6456,58.30765203,21.08485626,2.10849E-05,2.10781E-05
1053,MpMbMpv,59,0,siteSCoutlet170710,Y,263523.1099,58.30765203,21.08485626,2.10849E-05,2.10781E-05
1054,MpMbMpv,60,0,siteSCoutlet170807,Y,267972.9067,58.30765203,21.08485626,2.10849E-05,2.10781E-05
1055,MpMbMpv,79,0,siteSC-6B,Y,194569.6103,58.30765203,21.08485626,2.10849E-05,2.10781E-05
1056,MpMbMpv,82,0,siteSC-7B,Y,213971.6585,58.30765203,21.08485626,2.10849E-05,2.10781E-05
1057,MpMbMpv,56,0,SC-8B,Y,237453.753,58.30765203,21.08485626,2.10849E-05,2.10781E-05
1058,MpMbMpv,58,0,siteSC-9A,Y,258694.6456,58.30765203,21.08485626,2.10849E-05,2.10781E-05
1059,MpMbMpv,59,0,siteSCoutlet170710,Y,263523.1099,58.30765203,21.08485626,2.10849E-05,2.10781E-05
1060,MpMbMpv,60,0,siteSCoutlet170807,Y,267972.9067,58.30765203,21.08485626,2.10849E-05,2.10781E-05
1061,MpMbMpv,79,0,siteSC-6B,Y,194569.6103,58.30765203,21.08485626,2.10849E-05,2.10781E-05
1062,MpMbMpv,82,0,siteSC-7B,Y,213971.6585,58.30765203,21.08485626,2.10849E-05,2.10781E-05
1063,MpMbMpv,56,0,SC-8B,Y,237453.753,12543.00105,4834886.323,4.834886323,4.838706518
1064,MpMbMpv,58,0,siteSC-9A,Y,258694.6456,12543.00105,4834886.323,4.834886323,4.838706518
1065,MpMbMpv,59,0,siteSCoutlet170710,Y,263523.1099,12543.00105,4834886.323,4.834886323,4.838706518
1066,MpMbMpv,60,0,siteSCoutlet170807,Y,267972.9067,12543.00105,4834886.323,4.834886323,4.838706518
1067,MpMbMpv,78,0,siteSC-5B,Y,162850.4689,12543.00105,4834886.323,4.834886323,4.838706518
1068,MpMbMpv,79,0,siteSC-6B,Y,194569.6103,12543.00105,4834886.323,4.834886323,4.838706518
1069,MpMbMpv,82,0,siteSC-7B,Y,213971.6585,12543.00105,4834886.323,4.834886323,4.838706518
1070,Cx,50,0,site10,Y,82937.72067,120.1181536,99.38795816,9.9388E-05,9.94681E-05
1071,Cx,54,0,siteDC-4,Y,127713.0386,120.1181536,99.38795816,9.9388E-05,9.94681E-05
1072,Cx,56,0,SC-8B,Y,237453.753,120.1181536,99.38795816,9.9388E-05,9.94681E-05
1073,Cx,58,0,siteSC-9A,Y,258694.6456,120.1181536,99.38795816,9.9388E-05,9.94681E-05
1074,Cx,59,0,siteSCoutlet170710,Y,263523.1099,120.1181536,99.38795816,9.9388E-05,9.94681E-05
1075,Cx,60,0,siteSCoutlet170807,Y,267972.9067,120.1181536,99.38795816,9.9388E-05,9.94681E-05
1076,Cx,50,0,site10,Y,82937.72067,120.1181536,99.38795816,9.9388E-05,9.94681E-05
1077,Cx,54,0,siteDC-4,Y,127713.0386,120.1181536,99.38795816,9.9388E-05,9.94681E-05
1078,Cx,56,0,SC-8B,Y,237453.753,120.1181536,99.38795816,9.9388E-05,9.94681E-05
1079,Cx,58,0,siteSC-9A,Y,258694.6456,120.1181536,99.38795816,9.9388E-05,9.94681E-05
1080,Cx,59,0,siteSCoutlet170710,Y,263523.1099,120.1181536,99.38795816,9.9388E-05,9.94681E-05
1081,Cx,60,0,siteSCoutlet170807,Y,267972.9067,120.1181536,99.38795816,9.9388E-05,9.94681E-05
1082,Cx,56,0,SC-8B,Y,237453.753,208.4946689,1190.881668,0.001190882,0.001191701
1083,Cx,58,0,siteSC-9A,Y,258694.6456,208.4946689,1190.881668,0.001190882,0.001191701
1084,Cx,59,0,siteSCoutlet170710,Y,263523.1099,208.4946689,1190.881668,0.001190882,0.001191701
1085,Cx,60,0,siteSCoutlet170807,Y,267972.9067,208.4946689,1190.881668,0.001190882,0.001191701
1086,Cx,79,0,siteSC-6B,Y,194569.6103,208.4946689,1190.881668,0.001190882,0.001191701
1087,Cx,82,0,siteSC-7B,Y,213971.6585,208.4946689,1190.881668,0.001190882,0.001191701
1088,MhMrMm,56,0,SC-8B,Y,237453.753,208.4946689,1190.881668,0.001190882,0.001191701
1089,MhMrMm,58,0,siteSC-9A,Y,258694.6456,208.4946689,1190.881668,0.001190882,0.001191701
1090,MhMrMm,59,0,siteSCoutlet170710,Y,263523.1099,208.4946689,1190.881668,0.001190882,0.001191701
1091,MhMrMm,60,0,siteSCoutlet170807,Y,267972.9067,208.4946689,1190.881668,0.001190882,0.001191701
1092,MhMrMm,79,0,siteSC-6B,Y,194569.6103,208.4946689,1190.881668,0.001190882,0.001191701
1093,MhMrMm,82,0,siteSC-7B,Y,213971.6585,208.4946689,1190.881668,0.001190882,0.001191701
1094,Cx,51,0,site7,Y,21892.46785,5962.164861,864466.9701,0.86446697,0.865119975
1095,Cx,53,0,siteDC-3,Y,43137.1669,5962.164861,864466.9701,0.86446697,0.865119975
1096,Cx,54,0,siteDC-4,Y,127713.0386,5962.164861,864466.9701,0.86446697,0.865119975
1097,Cx,56,0,SC-8B,Y,237453.753,5962.164861,864466.9701,0.86446697,0.865119975
1098,Cx,58,0,siteSC-9A,Y,258694.6456,5962.164861,864466.9701,0.86446697,0.865119975
1099,Cx,59,0,siteSCoutlet170710,Y,263523.1099,5962.164861,864466.9701,0.86446697,0.865119975
1100,Cx,60,0,siteSCoutlet170807,Y,267972.9067,5962.164861,864466.9701,0.86446697,0.865119975
1101,Cx,52,0,site57,Y,9837.093023,1557.212556,112122.6446,0.112122645,0.112208735
1102,Cx,53,0,siteDC-3,Y,43137.1669,1557.212556,112122.6446,0.112122645,0.112208735
1103,Cx,54,0,siteDC-4,Y,127713.0386,1557.212556,112122.6446,0.112122645,0.112208735
1104,Cx,56,0,SC-8B,Y,237453.753,1557.212556,112122.6446,0.112122645,0.112208735
1105,Cx,58,0,siteSC-9A,Y,258694.6456,1557.212556,112122.6446,0.112122645,0.112208735
1106,Cx,59,0,siteSCoutlet170710,Y,263523.1099,1557.212556,112122.6446,0.112122645,0.112208735
1107,Cx,60,0,siteSCoutlet170807,Y,267972.9067,1557.212556,112122.6446,0.112122645,0.112208735
1108,Cx,56,0,SC-8B,Y,237453.753,37459.50073,6228627.36,6.22862736,6.233418481
1109,Cx,58,0,siteSC-9A,Y,258694.6456,37459.50073,6228627.36,6.22862736,6.233418481
1110,Cx,59,0,siteSCoutlet170710,Y,263523.1099,37459.50073,6228627.36,6.22862736,6.233418481
1111,Cx,60,0,siteSCoutlet170807,Y,267972.9067,37459.50073,6228627.36,6.22862736,6.233418481
1112,Cx,78,0,siteSC-5B,Y,162850.4689,37459.50073,6228627.36,6.22862736,6.233418481
1113,Cx,79,0,siteSC-6B,Y,194569.6103,37459.50073,6228627.36,6.22862736,6.233418481
1114,Cx,82,0,siteSC-7B,Y,213971.6585,37459.50073,6228627.36,6.22862736,6.233418481
1115,Cx,56,0,SC-8B,Y,237453.753,117.4989561,86.13810347,8.61381E-05,8.60907E-05
1116,Cx,58,0,siteSC-9A,Y,258694.6456,117.4989561,86.13810347,8.61381E-05,8.60907E-05
1117,Cx,59,0,siteSCoutlet170710,Y,263523.1099,117.4989561,86.13810347,8.61381E-05,8.60907E-05
1118,Cx,60,0,siteSCoutlet170807,Y,267972.9067,117.4989561,86.13810347,8.61381E-05,8.60907E-05
1119,Cx,78,0,siteSC-5B,Y,162850.4689,117.4989561,86.13810347,8.61381E-05,8.60907E-05
1120,Cx,79,0,siteSC-6B,Y,194569.6103,117.4989561,86.13810347,8.61381E-05,8.60907E-05
1121,Cx,82,0,siteSC-7B,Y,213971.6585,117.4989561,86.13810347,8.61381E-05,8.60907E-05
1122,Mv,56,0,SC-8B,Y,237453.753,9014.278808,1222844.096,1.222844096,1.223807685
1123,Mv,58,0,siteSC-9A,Y,258694.6456,9014.278808,1222844.096,1.222844096,1.223807685
1124,Mv,59,0,siteSCoutlet170710,Y,263523.1099,9014.278808,1222844.096,1.222844096,1.223807685
1125,Mv,60,0,siteSCoutlet170807,Y,267972.9067,9014.278808,1222844.096,1.222844096,1.223807685
1126,Mv,79,0,siteSC-6B,Y,194569.6103,9014.278808,1222844.096,1.222844096,1.223807685
1127,Mv,82,0,siteSC-7B,Y,213971.6585,9014.278808,1222844.096,1.222844096,1.223807685
1128,MhMrMm,56,0,SC-8B,Y,237453.753,9014.278808,1222844.096,1.222844096,1.223807685
1129,MhMrMm,58,0,siteSC-9A,Y,258694.6456,9014.278808,1222844.096,1.222844096,1.223807685
1130,MhMrMm,59,0,siteSCoutlet170710,Y,263523.1099,9014.278808,1222844.096,1.222844096,1.223807685
1131,MhMrMm,60,0,siteSCoutlet170807,Y,267972.9067,9014.278808,1222844.096,1.222844096,1.223807685
1132,MhMrMm,79,0,siteSC-6B,Y,194569.6103,9014.278808,1222844.096,1.222844096,1.223807685
1133,MhMrMm,82,0,siteSC-7B,Y,213971.6585,9014.278808,1222844.096,1.222844096,1.223807685
1134,Mv,51,0,site7,Y,21892.46785,25895.68641,10292219.57,10.29221957,10.30049996
1135,Mv,53,0,siteDC-3,Y,43137.1669,25895.68641,10292219.57,10.29221957,10.30049996
1136,Mv,54,0,siteDC-4,Y,127713.0386,25895.68641,10292219.57,10.29221957,10.30049996
1137,Mv,56,0,SC-8B,Y,237453.753,25895.68641,10292219.57,10.29221957,10.30049996
1138,Mv,58,0,siteSC-9A,Y,258694.6456,25895.68641,10292219.57,10.29221957,10.30049996
1139,Mv,59,0,siteSCoutlet170710,Y,263523.1099,25895.68641,10292219.57,10.29221957,10.30049996
1140,Mv,60,0,siteSCoutlet170807,Y,267972.9067,25895.68641,10292219.57,10.29221957,10.30049996
1141,Mv,52,0,site57,Y,9837.093023,4161.535386,401707.6948,0.401707695,0.402003792
1142,Mv,53,0,siteDC-3,Y,43137.1669,4161.535386,401707.6948,0.401707695,0.402003792
1143,Mv,54,0,siteDC-4,Y,127713.0386,4161.535386,401707.6948,0.401707695,0.402003792
1144,Mv,56,0,SC-8B,Y,237453.753,4161.535386,401707.6948,0.401707695,0.402003792
1145,Mv,58,0,siteSC-9A,Y,258694.6456,4161.535386,401707.6948,0.401707695,0.402003792
1146,Mv,59,0,siteSCoutlet170710,Y,263523.1099,4161.535386,401707.6948,0.401707695,0.402003792
1147,Mv,60,0,siteSCoutlet170807,Y,267972.9067,4161.535386,401707.6948,0.401707695,0.402003792
1148,MhMrMm,52,0,site57,Y,9837.093023,10450.41656,1798751.507,1.798751507,1.800245803
1149,MhMrMm,53,0,siteDC-3,Y,43137.1669,10450.41656,1798751.507,1.798751507,1.800245803
1150,MhMrMm,54,0,siteDC-4,Y,127713.0386,10450.41656,1798751.507,1.798751507,1.800245803
1151,MhMrMm,56,0,SC-8B,Y,237453.753,10450.41656,1798751.507,1.798751507,1.800245803
1152,MhMrMm,58,0,siteSC-9A,Y,258694.6456,10450.41656,1798751.507,1.798751507,1.800245803
1153,MhMrMm,59,0,siteSCoutlet170710,Y,263523.1099,10450.41656,1798751.507,1.798751507,1.800245803
1154,MhMrMm,60,0,siteSCoutlet170807,Y,267972.9067,10450.41656,1798751.507,1.798751507,1.800245803
1155,At,56,0,SC-8B,Y,237453.753,1542.029607,35490.05671,0.035490057,0.035516905
1156,At,58,0,siteSC-9A,Y,258694.6456,1542.029607,35490.05671,0.035490057,0.035516905
1157,At,59,0,siteSCoutlet170710,Y,263523.1099,1542.029607,35490.05671,0.035490057,0.035516905
1158,At,60,0,siteSCoutlet170807,Y,267972.9067,1542.029607,35490.05671,0.035490057,0.035516905
1159,At,78,0,siteSC-5B,Y,162850.4689,1542.029607,35490.05671,0.035490057,0.035516905
1160,At,79,0,siteSC-6B,Y,194569.6103,1542.029607,35490.05671,0.035490057,0.035516905
1161,At,82,0,siteSC-7B,Y,213971.6585,1542.029607,35490.05671,0.035490057,0.035516905
1162,MpMbMpv,56,0,SC-8B,Y,237453.753,14.19569474,2.661967849,2.66197E-06,2.66463E-06
1163,MpMbMpv,58,0,siteSC-9A,Y,258694.6456,14.19569474,2.661967849,2.66197E-06,2.66463E-06
1164,MpMbMpv,59,0,siteSCoutlet170710,Y,263523.1099,14.19569474,2.661967849,2.66197E-06,2.66463E-06
1165,MpMbMpv,60,0,siteSCoutlet170807,Y,267972.9067,14.19569474,2.661967849,2.66197E-06,2.66463E-06
1166,MpMbMpv,78,0,siteSC-5B,Y,162850.4689,14.19569474,2.661967849,2.66197E-06,2.66463E-06
1167,MpMbMpv,79,0,siteSC-6B,Y,194569.6103,14.19569474,2.661967849,2.66197E-06,2.66463E-06
1168,MpMbMpv,82,0,siteSC-7B,Y,213971.6585,14.19569474,2.661967849,2.66197E-06,2.66463E-06
1169,At,56,0,SC-8B,Y,237453.753,2765.484839,233526.0333,0.233526033,0.233702386
1170,At,58,0,siteSC-9A,Y,258694.6456,2765.484839,233526.0333,0.233526033,0.233702386
1171,At,59,0,siteSCoutlet170710,Y,263523.1099,2765.484839,233526.0333,0.233526033,0.233702386
1172,At,60,0,siteSCoutlet170807,Y,267972.9067,2765.484839,233526.0333,0.233526033,0.233702386
1173,At,78,0,siteSC-5B,Y,162850.4689,2765.484839,233526.0333,0.233526033,0.233702386
1174,At,79,0,siteSC-6B,Y,194569.6103,2765.484839,233526.0333,0.233526033,0.233702386
1175,At,82,0,siteSC-7B,Y,213971.6585,2765.484839,233526.0333,0.233526033,0.233702386
1176,At,56,0,SC-8B,Y,237453.753,3425.737774,100561.3407,0.100561341,0.100639747
1177,At,58,0,siteSC-9A,Y,258694.6456,3425.737774,100561.3407,0.100561341,0.100639747
1178,At,59,0,siteSCoutlet170710,Y,263523.1099,3425.737774,100561.3407,0.100561341,0.100639747
1179,At,60,0,siteSCoutlet170807,Y,267972.9067,3425.737774,100561.3407,0.100561341,0.100639747
1180,At,78,0,siteSC-5B,Y,162850.4689,3425.737774,100561.3407,0.100561341,0.100639747
1181,At,79,0,siteSC-6B,Y,194569.6103,3425.737774,100561.3407,0.100561341,0.100639747
1182,At,82,0,siteSC-7B,Y,213971.6585,3425.737774,100561.3407,0.100561341,0.100639747
1183,At,56,0,SC-8B,Y,237453.753,12074.63048,2557696.7,2.5576967,2.559432349
1184,At,58,0,siteSC-9A,Y,258694.6456,12074.63048,2557696.7,2.5576967,2.559432349
1185,At,59,0,siteSCoutlet170710,Y,263523.1099,12074.63048,2557696.7,2.5576967,2.559432349
1186,At,60,0,siteSCoutlet170807,Y,267972.9067,12074.63048,2557696.7,2.5576967,2.559432349
1187,At,78,0,siteSC-5B,Y,162850.4689,12074.63048,2557696.7,2.5576967,2.559432349
1188,At,79,0,siteSC-6B,Y,194569.6103,12074.63048,2557696.7,2.5576967,2.559432349
1189,At,82,0,siteSC-7B,Y,213971.6585,12074.63048,2557696.7,2.5576967,2.559432349
1190,ApAt,56,0,SC-8B,Y,237453.753,28354.56314,6900656.175,6.900656175,6.906574608
1191,ApAt,58,0,siteSC-9A,Y,258694.6456,28354.56314,6900656.175,6.900656175,6.906574608
1192,ApAt,59,0,siteSCoutlet170710,Y,263523.1099,28354.56314,6900656.175,6.900656175,6.906574608
1193,ApAt,60,0,siteSCoutlet170807,Y,267972.9067,28354.56314,6900656.175,6.900656175,6.906574608
1194,ApAt,78,0,siteSC-5B,Y,162850.4689,28354.56314,6900656.175,6.900656175,6.906574608
1195,ApAt,79,0,siteSC-6B,Y,194569.6103,28354.56314,6900656.175,6.900656175,6.906574608
1196,ApAt,82,0,siteSC-7B,Y,213971.6585,28354.56314,6900656.175,6.900656175,6.906574608
1197,ApAt,56,0,SC-8B,Y,237453.753,8.964525097,0.090005839,9.00058E-08,9.03215E-08
1198,ApAt,58,0,siteSC-9A,Y,258694.6456,8.964525097,0.090005839,9.00058E-08,9.03215E-08
1199,ApAt,59,0,siteSCoutlet170710,Y,263523.1099,8.964525097,0.090005839,9.00058E-08,9.03215E-08
1200,ApAt,60,0,siteSCoutlet170807,Y,267972.9067,8.964525097,0.090005839,9.00058E-08,9.03215E-08
1201,ApAt,78,0,siteSC-5B,Y,162850.4689,8.964525097,0.090005839,9.00058E-08,9.03215E-08
1202,ApAt,79,0,siteSC-6B,Y,194569.6103,8.964525097,0.090005839,9.00058E-08,9.03215E-08
1203,ApAt,82,0,siteSC-7B,Y,213971.6585,8.964525097,0.090005839,9.00058E-08,9.03215E-08
1204,Cx,56,0,SC-8B,Y,237453.753,19.6839434,10.56964304,1.05696E-05,1.05776E-05
1205,Cx,58,0,siteSC-9A,Y,258694.6456,19.6839434,10.56964304,1.05696E-05,1.05776E-05
1206,Cx,59,0,siteSCoutlet170710,Y,263523.1099,19.6839434,10.56964304,1.05696E-05,1.05776E-05
1207,Cx,60,0,siteSCoutlet170807,Y,267972.9067,19.6839434,10.56964304,1.05696E-05,1.05776E-05
1208,Cx,78,0,siteSC-5B,Y,162850.4689,19.6839434,10.56964304,1.05696E-05,1.05776E-05
1209,Cx,79,0,siteSC-6B,Y,194569.6103,19.6839434,10.56964304,1.05696E-05,1.05776E-05
1210,Cx,82,0,siteSC-7B,Y,213971.6585,19.6839434,10.56964304,1.05696E-05,1.05776E-05
1211,Cx,56,0,SC-8B,Y,237453.753,5437.778456,563387.0258,0.563387026,0.563791352
1212,Cx,58,0,siteSC-9A,Y,258694.6456,5437.778456,563387.0258,0.563387026,0.563791352
1213,Cx,59,0,siteSCoutlet170710,Y,263523.1099,5437.778456,563387.0258,0.563387026,0.563791352
1214,Cx,60,0,siteSCoutlet170807,Y,267972.9067,5437.778456,563387.0258,0.563387026,0.563791352
1215,Cx,78,0,siteSC-5B,Y,162850.4689,5437.778456,563387.0258,0.563387026,0.563791352
1216,Cx,79,0,siteSC-6B,Y,194569.6103,5437.778456,563387.0258,0.563387026,0.563791352
1217,Cx,82,0,siteSC-7B,Y,213971.6585,5437.778456,563387.0258,0.563387026,0.563791352
1218,MhMrMm,56,0,SC-8B,Y,237453.753,23175.05598,7438769.086,7.438769086,7.444655652
1219,MhMrMm,58,0,siteSC-9A,Y,258694.6456,23175.05598,7438769.086,7.438769086,7.444655652
1220,MhMrMm,59,0,siteSCoutlet170710,Y,263523.1099,23175.05598,7438769.086,7.438769086,7.444655652
1221,MhMrMm,60,0,siteSCoutlet170807,Y,267972.9067,23175.05598,7438769.086,7.438769086,7.444655652
1222,MhMrMm,78,0,siteSC-5B,Y,162850.4689,23175.05598,7438769.086,7.438769086,7.444655652
1223,MhMrMm,79,0,siteSC-6B,Y,194569.6103,23175.05598,7438769.086,7.438769086,7.444655652
1224,MhMrMm,82,0,siteSC-7B,Y,213971.6585,23175.05598,7438769.086,7.438769086,7.444655652
1225,At,56,0,SC-8B,Y,237453.753,11295.61619,2484292.723,2.484292723,2.486120066
1226,At,58,0,siteSC-9A,Y,258694.6456,11295.61619,2484292.723,2.484292723,2.486120066
1227,At,59,0,siteSCoutlet170710,Y,263523.1099,11295.61619,2484292.723,2.484292723,2.486120066
1228,At,60,0,siteSCoutlet170807,Y,267972.9067,11295.61619,2484292.723,2.484292723,2.486120066
1229,At,78,0,siteSC-5B,Y,162850.4689,11295.61619,2484292.723,2.484292723,2.486120066
1230,At,79,0,siteSC-6B,Y,194569.6103,11295.61619,2484292.723,2.484292723,2.486120066
1231,At,82,0,siteSC-7B,Y,213971.6585,11295.61619,2484292.723,2.484292723,2.486120066
1232,MhMrMm,56,0,SC-8B,Y,237453.753,9544.179473,1273082.618,1.273082618,1.274077089
1233,MhMrMm,58,0,siteSC-9A,Y,258694.6456,9544.179473,1273082.618,1.273082618,1.274077089
1234,MhMrMm,59,0,siteSCoutlet170710,Y,263523.1099,9544.179473,1273082.618,1.273082618,1.274077089
1235,MhMrMm,60,0,siteSCoutlet170807,Y,267972.9067,9544.179473,1273082.618,1.273082618,1.274077089
1236,MhMrMm,78,0,siteSC-5B,Y,162850.4689,9544.179473,1273082.618,1.273082618,1.274077089
1237,MhMrMm,79,0,siteSC-6B,Y,194569.6103,9544.179473,1273082.618,1.273082618,1.274077089
1238,MhMrMm,82,0,siteSC-7B,Y,213971.6585,9544.179473,1273082.618,1.273082618,1.274077089
1239,MpMbMpv,56,0,SC-8B,Y,237453.753,50891.99347,26716157.08,26.71615708,26.73863663
1240,MpMbMpv,58,0,siteSC-9A,Y,258694.6456,50891.99347,26716157.08,26.71615708,26.73863663
1241,MpMbMpv,59,0,siteSCoutlet170710,Y,263523.1099,50891.99347,26716157.08,26.71615708,26.73863663
1242,MpMbMpv,60,0,siteSCoutlet170807,Y,267972.9067,50891.99347,26716157.08,26.71615708,26.73863663
1243,MpMbMpv,78,0,siteSC-5B,Y,162850.4689,50891.99347,26716157.08,26.71615708,26.73863663
1244,MpMbMpv,79,0,siteSC-6B,Y,194569.6103,50891.99347,26716157.08,26.71615708,26.73863663
1245,MpMbMpv,82,0,siteSC-7B,Y,213971.6585,50891.99347,26716157.08,26.71615708,26.73863663
1246,Gt,56,0,SC-8B,Y,237453.753,5218.685003,715987.8532,0.715987853,0.716522848
1247,Gt,58,0,siteSC-9A,Y,258694.6456,5218.685003,715987.8532,0.715987853,0.716522848
1248,Gt,59,0,siteSCoutlet170710,Y,263523.1099,5218.685003,715987.8532,0.715987853,0.716522848
1249,Gt,60,0,siteSCoutlet170807,Y,267972.9067,5218.685003,715987.8532,0.715987853,0.716522848
1250,Gt,78,0,siteSC-5B,Y,162850.4689,5218.685003,715987.8532,0.715987853,0.716522848
1251,Gt,79,0,siteSC-6B,Y,194569.6103,5218.685003,715987.8532,0.715987853,0.716522848
1252,Gt,82,0,siteSC-7B,Y,213971.6585,5218.685003,715987.8532,0.715987853,0.716522848
1253,Gt,56,0,SC-8B,Y,237453.753,1381.249832,101630.509,0.101630509,0.101705069
1254,Gt,58,0,siteSC-9A,Y,258694.6456,1381.249832,101630.509,0.101630509,0.101705069
1255,Gt,59,0,siteSCoutlet170710,Y,263523.1099,1381.249832,101630.509,0.101630509,0.101705069
1256,Gt,60,0,siteSCoutlet170807,Y,267972.9067,1381.249832,101630.509,0.101630509,0.101705069
1257,Gt,78,0,siteSC-5B,Y,162850.4689,1381.249832,101630.509,0.101630509,0.101705069
1258,Gt,79,0,siteSC-6B,Y,194569.6103,1381.249832,101630.509,0.101630509,0.101705069
1259,Gt,82,0,siteSC-7B,Y,213971.6585,1381.249832,101630.509,0.101630509,0.101705069
1260,Af,56,0,SC-8B,Y,237453.753,10571.33447,1942816.839,1.942816839,1.944267371
1261,Af,58,0,siteSC-9A,Y,258694.6456,10571.33447,1942816.839,1.942816839,1.944267371
1262,Af,59,0,siteSCoutlet170710,Y,263523.1099,10571.33447,1942816.839,1.942816839,1.944267371
1263,Af,60,0,siteSCoutlet170807,Y,267972.9067,10571.33447,1942816.839,1.942816839,1.944267371
1264,Af,78,0,siteSC-5B,Y,162850.4689,10571.33447,1942816.839,1.942816839,1.944267371
1265,Af,79,0,siteSC-6B,Y,194569.6103,10571.33447,1942816.839,1.942816839,1.944267371
1266,Af,82,0,siteSC-7B,Y,213971.6585,10571.33447,1942816.839,1.942816839,1.944267371
1267,MhMrMm,56,0,SC-8B,Y,237453.753,1523.172251,142164.3583,0.142164358,0.142265729
1268,MhMrMm,58,0,siteSC-9A,Y,258694.6456,1523.172251,142164.3583,0.142164358,0.142265729
1269,MhMrMm,59,0,siteSCoutlet170710,Y,263523.1099,1523.172251,142164.3583,0.142164358,0.142265729
1270,MhMrMm,60,0,siteSCoutlet170807,Y,267972.9067,1523.172251,142164.3583,0.142164358,0.142265729
1271,MhMrMm,78,0,siteSC-5B,Y,162850.4689,1523.172251,142164.3583,0.142164358,0.142265729
1272,MhMrMm,79,0,siteSC-6B,Y,194569.6103,1523.172251,142164.3583,0.142164358,0.142265729
1273,MhMrMm,82,0,siteSC-7B,Y,213971.6585,1523.172251,142164.3583,0.142164358,0.142265729
1274,fOpOfPO,56,0,SC-8B,Y,237453.753,5546.225356,706312.1246,0.706312125,0.706856375
1275,fOpOfPO,58,0,siteSC-9A,Y,258694.6456,5546.225356,706312.1246,0.706312125,0.706856375
1276,fOpOfPO,59,0,siteSCoutlet170710,Y,263523.1099,5546.225356,706312.1246,0.706312125,0.706856375
1277,fOpOfPO,60,0,siteSCoutlet170807,Y,267972.9067,5546.225356,706312.1246,0.706312125,0.706856375
1278,fOpOfPO,78,0,siteSC-5B,Y,162850.4689,5546.225356,706312.1246,0.706312125,0.706856375
1279,fOpOfPO,79,0,siteSC-6B,Y,194569.6103,5546.225356,706312.1246,0.706312125,0.706856375
1280,fOpOfPO,82,0,siteSC-7B,Y,213971.6585,5546.225356,706312.1246,0.706312125,0.706856375
1281,fOpOfPO,56,0,SC-8B,Y,237453.753,13309.4537,1709300.249,1.709300249,1.710640616
1282,fOpOfPO,58,0,siteSC-9A,Y,258694.6456,13309.4537,1709300.249,1.709300249,1.710640616
1283,fOpOfPO,59,0,siteSCoutlet170710,Y,263523.1099,13309.4537,1709300.249,1.709300249,1.710640616
1284,fOpOfPO,60,0,siteSCoutlet170807,Y,267972.9067,13309.4537,1709300.249,1.709300249,1.710640616
1285,fOpOfPO,78,0,siteSC-5B,Y,162850.4689,13309.4537,1709300.249,1.709300249,1.710640616
1286,fOpOfPO,79,0,siteSC-6B,Y,194569.6103,13309.4537,1709300.249,1.709300249,1.710640616
1287,fOpOfPO,82,0,siteSC-7B,Y,213971.6585,13309.4537,1709300.249,1.709300249,1.710640616
1288,MhMrMm,56,0,SC-8B,Y,237453.753,47701.38305,21259977.2,21.2599772,21.27686506
1289,MhMrMm,58,0,siteSC-9A,Y,258694.6456,47701.38305,21259977.2,21.2599772,21.27686506
1290,MhMrMm,59,0,siteSCoutlet170710,Y,263523.1099,47701.38305,21259977.2,21.2599772,21.27686506
1291,MhMrMm,60,0,siteSCoutlet170807,Y,267972.9067,47701.38305,21259977.2,21.2599772,21.27686506
1292,MhMrMm,78,0,siteSC-5B,Y,162850.4689,47701.38305,21259977.2,21.2599772,21.27686506
1293,MhMrMm,79,0,siteSC-6B,Y,194569.6103,47701.38305,21259977.2,21.2599772,21.27686506
1294,MhMrMm,82,0,siteSC-7B,Y,213971.6585,47701.38305,21259977.2,21.2599772,21.27686506
1295,fOpOfPO,56,0,SC-8B,Y,237453.753,7221.687632,851538.8394,0.851538839,0.852187268
1296,fOpOfPO,58,0,siteSC-9A,Y,258694.6456,7221.687632,851538.8394,0.851538839,0.852187268
1297,fOpOfPO,59,0,siteSCoutlet170710,Y,263523.1099,7221.687632,851538.8394,0.851538839,0.852187268
1298,fOpOfPO,60,0,siteSCoutlet170807,Y,267972.9067,7221.687632,851538.8394,0.851538839,0.852187268
1299,fOpOfPO,78,0,siteSC-5B,Y,162850.4689,7221.687632,851538.8394,0.851538839,0.852187268
1300,fOpOfPO,79,0,siteSC-6B,Y,194569.6103,7221.687632,851538.8394,0.851538839,0.852187268
1301,fOpOfPO,82,0,siteSC-7B,Y,213971.6585,7221.687632,851538.8394,0.851538839,0.852187268
1302,ApAt,56,0,SC-8B,Y,237453.753,21932.39215,3560517.665,3.560517665,3.563136192
1303,ApAt,58,0,siteSC-9A,Y,258694.6456,21932.39215,3560517.665,3.560517665,3.563136192
1304,ApAt,59,0,siteSCoutlet170710,Y,263523.1099,21932.39215,3560517.665,3.560517665,3.563136192
1305,ApAt,60,0,siteSCoutlet170807,Y,267972.9067,21932.39215,3560517.665,3.560517665,3.563136192
1306,ApAt,78,0,siteSC-5B,Y,162850.4689,21932.39215,3560517.665,3.560517665,3.563136192
1307,ApAt,79,0,siteSC-6B,Y,194569.6103,21932.39215,3560517.665,3.560517665,3.563136192
1308,ApAt,82,0,siteSC-7B,Y,213971.6585,21932.39215,3560517.665,3.560517665,3.563136192
1309,MpMbMpv,56,0,SC-8B,Y,237453.753,100.0455719,17.48788784,1.74879E-05,1.74189E-05
1310,MpMbMpv,58,0,siteSC-9A,Y,258694.6456,100.0455719,17.48788784,1.74879E-05,1.74189E-05
1311,MpMbMpv,59,0,siteSCoutlet170710,Y,263523.1099,100.0455719,17.48788784,1.74879E-05,1.74189E-05
1312,MpMbMpv,60,0,siteSCoutlet170807,Y,267972.9067,100.0455719,17.48788784,1.74879E-05,1.74189E-05
1313,MpMbMpv,78,0,siteSC-5B,Y,162850.4689,100.0455719,17.48788784,1.74879E-05,1.74189E-05
1314,MpMbMpv,79,0,siteSC-6B,Y,194569.6103,100.0455719,17.48788784,1.74879E-05,1.74189E-05
1315,MpMbMpv,82,0,siteSC-7B,Y,213971.6585,100.0455719,17.48788784,1.74879E-05,1.74189E-05
1316,Cx,37,0,HAUPTS2160617,Y,18863.82625,2128.890339,195771.38,0.19577138,0.195925534
1317,Cx,38,0,HAUPTS22160726,Y,18972.16236,2128.890339,195771.38,0.19577138,0.195925534
1318,Cx,40,0,HADNTS3160726,Y,19759.42525,2128.890339,195771.38,0.19577138,0.195925534
1319,Cx,41,0,S2UPTS4160617,Y,21949.53018,2128.890339,195771.38,0.19577138,0.195925534
1320,Cx,43,0,S2DNTS5160617,Y,24551.93494,2128.890339,195771.38,0.19577138,0.195925534
1321,Cx,44,0,S3UPTS6160730,Y,25887.85677,2128.890339,195771.38,0.19577138,0.195925534
1322,Cx,46,0,S3DNTS7160730,Y,39206.58459,2128.890339,195771.38,0.19577138,0.195925534
1323,MhMrMm,56,0,SC-8B,Y,237453.753,2434.098529,106466.4603,0.10646646,0.106550699
1324,MhMrMm,58,0,siteSC-9A,Y,258694.6456,2434.098529,106466.4603,0.10646646,0.106550699
1325,MhMrMm,59,0,siteSCoutlet170710,Y,263523.1099,2434.098529,106466.4603,0.10646646,0.106550699
1326,MhMrMm,60,0,siteSCoutlet170807,Y,267972.9067,2434.098529,106466.4603,0.10646646,0.106550699
1327,MhMrMm,78,0,siteSC-5B,Y,162850.4689,2434.098529,106466.4603,0.10646646,0.106550699
1328,MhMrMm,79,0,siteSC-6B,Y,194569.6103,2434.098529,106466.4603,0.10646646,0.106550699
1329,MhMrMm,82,0,siteSC-7B,Y,213971.6585,2434.098529,106466.4603,0.10646646,0.106550699
1330,MhMrMm,56,0,SC-8B,Y,237453.753,23937.92016,10966143.28,10.96614328,10.97507925
1331,MhMrMm,58,0,siteSC-9A,Y,258694.6456,23937.92016,10966143.28,10.96614328,10.97507925
1332,MhMrMm,59,0,siteSCoutlet170710,Y,263523.1099,23937.92016,10966143.28,10.96614328,10.97507925
1333,MhMrMm,60,0,siteSCoutlet170807,Y,267972.9067,23937.92016,10966143.28,10.96614328,10.97507925
1334,MhMrMm,78,0,siteSC-5B,Y,162850.4689,23937.92016,10966143.28,10.96614328,10.97507925
1335,MhMrMm,79,0,siteSC-6B,Y,194569.6103,23937.92016,10966143.28,10.96614328,10.97507925
1336,MhMrMm,82,0,siteSC-7B,Y,213971.6585,23937.92016,10966143.28,10.96614328,10.97507925
1337,MpMbMpv,12,0,site48,Y,6349.769336,175.4190116,1047.097082,0.001047097,0.00104791
1338,MpMbMpv,13,0,SDDNTS100150704,Y,6396.227028,175.4190116,1047.097082,0.001047097,0.00104791
1339,MpMbMpv,14,0,SDDNTS200150704,Y,6690.215488,175.4190116,1047.097082,0.001047097,0.00104791
1340,MpMbMpv,15,0,SDDNTS300150704,Y,6912.094798,175.4190116,1047.097082,0.001047097,0.00104791
1341,MpMbMpv,16,0,SDDNTS400150704,Y,7087.512259,175.4190116,1047.097082,0.001047097,0.00104791
1342,MpMbMpv,45,0,S3INTSINFLOW3160730,Y,35682.3182,175.4190116,1047.097082,0.001047097,0.00104791
1343,MpMbMpv,46,0,S3DNTS7160730,Y,39206.58459,175.4190116,1047.097082,0.001047097,0.00104791
1344,MpMbMpv,37,0,HAUPTS2160617,Y,18863.82625,4725.270748,265677.9312,0.265677931,0.265880495
1345,MpMbMpv,38,0,HAUPTS22160726,Y,18972.16236,4725.270748,265677.9312,0.265677931,0.265880495
1346,MpMbMpv,40,0,HADNTS3160726,Y,19759.42525,4725.270748,265677.9312,0.265677931,0.265880495
1347,MpMbMpv,41,0,S2UPTS4160617,Y,21949.53018,4725.270748,265677.9312,0.265677931,0.265880495
1348,MpMbMpv,43,0,S2DNTS5160617,Y,24551.93494,4725.270748,265677.9312,0.265677931,0.265880495
1349,MpMbMpv,44,0,S3UPTS6160730,Y,25887.85677,4725.270748,265677.9312,0.265677931,0.265880495
1350,MpMbMpv,46,0,S3DNTS7160730,Y,39206.58459,4725.270748,265677.9312,0.265677931,0.265880495
1351,ApAt,56,0,SC-8B,Y,237453.753,20113.74549,2574769.49,2.57476949,2.577031867
1352,ApAt,58,0,siteSC-9A,Y,258694.6456,20113.74549,2574769.49,2.57476949,2.577031867
1353,ApAt,59,0,siteSCoutlet170710,Y,263523.1099,20113.74549,2574769.49,2.57476949,2.577031867
1354,ApAt,60,0,siteSCoutlet170807,Y,267972.9067,20113.74549,2574769.49,2.57476949,2.577031867
1355,ApAt,71,0,site36,Y,54545.36664,20113.74549,2574769.49,2.57476949,2.577031867
1356,ApAt,78,0,siteSC-5B,Y,162850.4689,20113.74549,2574769.49,2.57476949,2.577031867
1357,ApAt,79,0,siteSC-6B,Y,194569.6103,20113.74549,2574769.49,2.57476949,2.577031867
1358,ApAt,82,0,siteSC-7B,Y,213971.6585,20113.74549,2574769.49,2.57476949,2.577031867
1359,ApAt,56,0,SC-8B,Y,237453.753,10476.31957,1258927.024,1.258927024,1.259836411
1360,ApAt,58,0,siteSC-9A,Y,258694.6456,10476.31957,1258927.024,1.258927024,1.259836411
1361,ApAt,59,0,siteSCoutlet170710,Y,263523.1099,10476.31957,1258927.024,1.258927024,1.259836411
1362,ApAt,60,0,siteSCoutlet170807,Y,267972.9067,10476.31957,1258927.024,1.258927024,1.259836411
1363,ApAt,72,0,site37,Y,45537.58056,10476.31957,1258927.024,1.258927024,1.259836411
1364,ApAt,78,0,siteSC-5B,Y,162850.4689,10476.31957,1258927.024,1.258927024,1.259836411
1365,ApAt,79,0,siteSC-6B,Y,194569.6103,10476.31957,1258927.024,1.258927024,1.259836411
1366,ApAt,82,0,siteSC-7B,Y,213971.6585,10476.31957,1258927.024,1.258927024,1.259836411
1367,R/Cv,56,0,SC-8B,Y,237453.753,3193.267997,569918.0399,0.56991804,0.570326703
1368,R/Cv,58,0,siteSC-9A,Y,258694.6456,3193.267997,569918.0399,0.56991804,0.570326703
1369,R/Cv,59,0,siteSCoutlet170710,Y,263523.1099,3193.267997,569918.0399,0.56991804,0.570326703
1370,R/Cv,60,0,siteSCoutlet170807,Y,267972.9067,3193.267997,569918.0399,0.56991804,0.570326703
1371,R/Cv,71,0,site36,Y,54545.36664,3193.267997,569918.0399,0.56991804,0.570326703
1372,R/Cv,78,0,siteSC-5B,Y,162850.4689,3193.267997,569918.0399,0.56991804,0.570326703
1373,R/Cv,79,0,siteSC-6B,Y,194569.6103,3193.267997,569918.0399,0.56991804,0.570326703
1374,R/Cv,82,0,siteSC-7B,Y,213971.6585,3193.267997,569918.0399,0.56991804,0.570326703
1375,R/Cv,56,0,SC-8B,Y,237453.753,538.5093733,10245.09241,0.010245092,0.010252874
1376,R/Cv,58,0,siteSC-9A,Y,258694.6456,538.5093733,10245.09241,0.010245092,0.010252874
1377,R/Cv,59,0,siteSCoutlet170710,Y,263523.1099,538.5093733,10245.09241,0.010245092,0.010252874
1378,R/Cv,60,0,siteSCoutlet170807,Y,267972.9067,538.5093733,10245.09241,0.010245092,0.010252874
1379,R/Cv,72,0,site37,Y,45537.58056,538.5093733,10245.09241,0.010245092,0.010252874
1380,R/Cv,78,0,siteSC-5B,Y,162850.4689,538.5093733,10245.09241,0.010245092,0.010252874
1381,R/Cv,79,0,siteSC-6B,Y,194569.6103,538.5093733,10245.09241,0.010245092,0.010252874
1382,R/Cv,82,0,siteSC-7B,Y,213971.6585,538.5093733,10245.09241,0.010245092,0.010252874
1383,R/Cv,56,0,SC-8B,Y,237453.753,8586.9047,2071698.924,2.071698924,2.073228799
1384,R/Cv,58,0,siteSC-9A,Y,258694.6456,8586.9047,2071698.924,2.071698924,2.073228799
1385,R/Cv,59,0,siteSCoutlet170710,Y,263523.1099,8586.9047,2071698.924,2.071698924,2.073228799
1386,R/Cv,60,0,siteSCoutlet170807,Y,267972.9067,8586.9047,2071698.924,2.071698924,2.073228799
1387,R/Cv,71,0,site36,Y,54545.36664,8586.9047,2071698.924,2.071698924,2.073228799
1388,R/Cv,78,0,siteSC-5B,Y,162850.4689,8586.9047,2071698.924,2.071698924,2.073228799
1389,R/Cv,79,0,siteSC-6B,Y,194569.6103,8586.9047,2071698.924,2.071698924,2.073228799
1390,R/Cv,82,0,siteSC-7B,Y,213971.6585,8586.9047,2071698.924,2.071698924,2.073228799
1391,R/Cv,56,0,SC-8B,Y,237453.753,1623.425632,90483.89155,0.090483892,0.09054732
1392,R/Cv,58,0,siteSC-9A,Y,258694.6456,1623.425632,90483.89155,0.090483892,0.09054732
1393,R/Cv,59,0,siteSCoutlet170710,Y,263523.1099,1623.425632,90483.89155,0.090483892,0.09054732
1394,R/Cv,60,0,siteSCoutlet170807,Y,267972.9067,1623.425632,90483.89155,0.090483892,0.09054732
1395,R/Cv,74,0,siteSC-4B,Y,112154.2356,1623.425632,90483.89155,0.090483892,0.09054732
1396,R/Cv,78,0,siteSC-5B,Y,162850.4689,1623.425632,90483.89155,0.090483892,0.09054732
1397,R/Cv,79,0,siteSC-6B,Y,194569.6103,1623.425632,90483.89155,0.090483892,0.09054732
1398,R/Cv,82,0,siteSC-7B,Y,213971.6585,1623.425632,90483.89155,0.090483892,0.09054732
1399,R/Cv,56,0,SC-8B,Y,237453.753,3485.264892,421434.7563,0.421434756,0.421748127
1400,R/Cv,58,0,siteSC-9A,Y,258694.6456,3485.264892,421434.7563,0.421434756,0.421748127
1401,R/Cv,59,0,siteSCoutlet170710,Y,263523.1099,3485.264892,421434.7563,0.421434756,0.421748127
1402,R/Cv,60,0,siteSCoutlet170807,Y,267972.9067,3485.264892,421434.7563,0.421434756,0.421748127
1403,R/Cv,74,0,siteSC-4B,Y,112154.2356,3485.264892,421434.7563,0.421434756,0.421748127
1404,R/Cv,78,0,siteSC-5B,Y,162850.4689,3485.264892,421434.7563,0.421434756,0.421748127
1405,R/Cv,79,0,siteSC-6B,Y,194569.6103,3485.264892,421434.7563,0.421434756,0.421748127
1406,R/Cv,82,0,siteSC-7B,Y,213971.6585,3485.264892,421434.7563,0.421434756,0.421748127
1407,R/Cv,56,0,SC-8B,Y,237453.753,1562.630547,161457.7421,0.161457742,0.161574546
1408,R/Cv,58,0,siteSC-9A,Y,258694.6456,1562.630547,161457.7421,0.161457742,0.161574546
1409,R/Cv,59,0,siteSCoutlet170710,Y,263523.1099,1562.630547,161457.7421,0.161457742,0.161574546
1410,R/Cv,60,0,siteSCoutlet170807,Y,267972.9067,1562.630547,161457.7421,0.161457742,0.161574546
1411,R/Cv,74,0,siteSC-4B,Y,112154.2356,1562.630547,161457.7421,0.161457742,0.161574546
1412,R/Cv,78,0,siteSC-5B,Y,162850.4689,1562.630547,161457.7421,0.161457742,0.161574546
1413,R/Cv,79,0,siteSC-6B,Y,194569.6103,1562.630547,161457.7421,0.161457742,0.161574546
1414,R/Cv,82,0,siteSC-7B,Y,213971.6585,1562.630547,161457.7421,0.161457742,0.161574546
1415,R/Cv,56,0,SC-8B,Y,237453.753,6294.98207,1457243.832,1.457243832,1.458330478
1416,R/Cv,58,0,siteSC-9A,Y,258694.6456,6294.98207,1457243.832,1.457243832,1.458330478
1417,R/Cv,59,0,siteSCoutlet170710,Y,263523.1099,6294.98207,1457243.832,1.457243832,1.458330478
1418,R/Cv,60,0,siteSCoutlet170807,Y,267972.9067,6294.98207,1457243.832,1.457243832,1.458330478
1419,R/Cv,74,0,siteSC-4B,Y,112154.2356,6294.98207,1457243.832,1.457243832,1.458330478
1420,R/Cv,78,0,siteSC-5B,Y,162850.4689,6294.98207,1457243.832,1.457243832,1.458330478
1421,R/Cv,79,0,siteSC-6B,Y,194569.6103,6294.98207,1457243.832,1.457243832,1.458330478
1422,R/Cv,82,0,siteSC-7B,Y,213971.6585,6294.98207,1457243.832,1.457243832,1.458330478
1423,R/Cv,56,0,SC-8B,Y,237453.753,9676.883201,2204500.192,2.204500192,2.206161749
1424,R/Cv,58,0,siteSC-9A,Y,258694.6456,9676.883201,2204500.192,2.204500192,2.206161749
1425,R/Cv,59,0,siteSCoutlet170710,Y,263523.1099,9676.883201,2204500.192,2.204500192,2.206161749
1426,R/Cv,60,0,siteSCoutlet170807,Y,267972.9067,9676.883201,2204500.192,2.204500192,2.206161749
1427,R/Cv,74,0,siteSC-4B,Y,112154.2356,9676.883201,2204500.192,2.204500192,2.206161749
1428,R/Cv,78,0,siteSC-5B,Y,162850.4689,9676.883201,2204500.192,2.204500192,2.206161749
1429,R/Cv,79,0,siteSC-6B,Y,194569.6103,9676.883201,2204500.192,2.204500192,2.206161749
1430,R/Cv,82,0,siteSC-7B,Y,213971.6585,9676.883201,2204500.192,2.204500192,2.206161749
1431,R/Cv,56,0,SC-8B,Y,237453.753,16.71643924,-2.13E-07,-2.13E-13,0
1432,R/Cv,58,0,siteSC-9A,Y,258694.6456,16.71643924,-2.13E-07,-2.13E-13,0
1433,R/Cv,59,0,siteSCoutlet170710,Y,263523.1099,16.71643924,-2.13E-07,-2.13E-13,0
1434,R/Cv,60,0,siteSCoutlet170807,Y,267972.9067,16.71643924,-2.13E-07,-2.13E-13,0
1435,R/Cv,76,0,site23,Y,26301.05699,16.71643924,-2.13E-07,-2.13E-13,0
1436,R/Cv,79,0,siteSC-6B,Y,194569.6103,16.71643924,-2.13E-07,-2.13E-13,0
1437,R/Cv,82,0,siteSC-7B,Y,213971.6585,16.71643924,-2.13E-07,-2.13E-13,0
1438,MpMbMpv,56,0,SC-8B,Y,237453.753,16.71643924,-2.13E-07,-2.13E-13,0
1439,MpMbMpv,58,0,siteSC-9A,Y,258694.6456,16.71643924,-2.13E-07,-2.13E-13,0
1440,MpMbMpv,59,0,siteSCoutlet170710,Y,263523.1099,16.71643924,-2.13E-07,-2.13E-13,0
1441,MpMbMpv,60,0,siteSCoutlet170807,Y,267972.9067,16.71643924,-2.13E-07,-2.13E-13,0
1442,MpMbMpv,76,0,site23,Y,26301.05699,16.71643924,-2.13E-07,-2.13E-13,0
1443,MpMbMpv,79,0,siteSC-6B,Y,194569.6103,16.71643924,-2.13E-07,-2.13E-13,0
1444,MpMbMpv,82,0,siteSC-7B,Y,213971.6585,16.71643924,-2.13E-07,-2.13E-13,0
1445,R/Cv,56,0,SC-8B,Y,237453.753,9353.429462,1987399.16,1.98739916,1.988917546
1446,R/Cv,58,0,siteSC-9A,Y,258694.6456,9353.429462,1987399.16,1.98739916,1.988917546
1447,R/Cv,59,0,siteSCoutlet170710,Y,263523.1099,9353.429462,1987399.16,1.98739916,1.988917546
1448,R/Cv,60,0,siteSCoutlet170807,Y,267972.9067,9353.429462,1987399.16,1.98739916,1.988917546
1449,R/Cv,74,0,siteSC-4B,Y,112154.2356,9353.429462,1987399.16,1.98739916,1.988917546
1450,R/Cv,78,0,siteSC-5B,Y,162850.4689,9353.429462,1987399.16,1.98739916,1.988917546
1451,R/Cv,79,0,siteSC-6B,Y,194569.6103,9353.429462,1987399.16,1.98739916,1.988917546
1452,R/Cv,82,0,siteSC-7B,Y,213971.6585,9353.429462,1987399.16,1.98739916,1.988917546
1453,Mv,56,0,SC-8B,Y,237453.753,15914.3294,1911355.421,1.911355421,1.913045083
1454,Mv,58,0,siteSC-9A,Y,258694.6456,15914.3294,1911355.421,1.911355421,1.913045083
1455,Mv,59,0,siteSCoutlet170710,Y,263523.1099,15914.3294,1911355.421,1.911355421,1.913045083
1456,Mv,60,0,siteSCoutlet170807,Y,267972.9067,15914.3294,1911355.421,1.911355421,1.913045083
1457,Mv,74,0,siteSC-4B,Y,112154.2356,15914.3294,1911355.421,1.911355421,1.913045083
1458,Mv,78,0,siteSC-5B,Y,162850.4689,15914.3294,1911355.421,1.911355421,1.913045083
1459,Mv,79,0,siteSC-6B,Y,194569.6103,15914.3294,1911355.421,1.911355421,1.913045083
1460,Mv,82,0,siteSC-7B,Y,213971.6585,15914.3294,1911355.421,1.911355421,1.913045083
1461,Mv,11,0,SDDN150704,Y,6210.417495,3549.483609,63501.73178,0.063501732,0.063550873
1462,Mv,12,0,site48,Y,6349.769336,3549.483609,63501.73178,0.063501732,0.063550873
1463,Mv,13,0,SDDNTS100150704,Y,6396.227028,3549.483609,63501.73178,0.063501732,0.063550873
1464,Mv,14,0,SDDNTS200150704,Y,6690.215488,3549.483609,63501.73178,0.063501732,0.063550873
1465,Mv,15,0,SDDNTS300150704,Y,6912.094798,3549.483609,63501.73178,0.063501732,0.063550873
1466,Mv,16,0,SDDNTS400150704,Y,7087.512259,3549.483609,63501.73178,0.063501732,0.063550873
1467,Mv,45,0,S3INTSINFLOW3160730,Y,35682.3182,3549.483609,63501.73178,0.063501732,0.063550873
1468,Mv,46,0,S3DNTS7160730,Y,39206.58459,3549.483609,63501.73178,0.063501732,0.063550873
1469,Mv,56,0,SC-8B,Y,237453.753,6760.310698,648684.5557,0.648684556,0.649201801
1470,Mv,58,0,siteSC-9A,Y,258694.6456,6760.310698,648684.5557,0.648684556,0.649201801
1471,Mv,59,0,siteSCoutlet170710,Y,263523.1099,6760.310698,648684.5557,0.648684556,0.649201801
1472,Mv,60,0,siteSCoutlet170807,Y,267972.9067,6760.310698,648684.5557,0.648684556,0.649201801
1473,Mv,71,0,site36,Y,54545.36664,6760.310698,648684.5557,0.648684556,0.649201801
1474,Mv,78,0,siteSC-5B,Y,162850.4689,6760.310698,648684.5557,0.648684556,0.649201801
1475,Mv,79,0,siteSC-6B,Y,194569.6103,6760.310698,648684.5557,0.648684556,0.649201801
1476,Mv,82,0,siteSC-7B,Y,213971.6585,6760.310698,648684.5557,0.648684556,0.649201801
1477,Mv,56,0,SC-8B,Y,237453.753,2533.819778,167738.5538,0.167738554,0.167866776
1478,Mv,58,0,siteSC-9A,Y,258694.6456,2533.819778,167738.5538,0.167738554,0.167866776
1479,Mv,59,0,siteSCoutlet170710,Y,263523.1099,2533.819778,167738.5538,0.167738554,0.167866776
1480,Mv,60,0,siteSCoutlet170807,Y,267972.9067,2533.819778,167738.5538,0.167738554,0.167866776
1481,Mv,72,0,site37,Y,45537.58056,2533.819778,167738.5538,0.167738554,0.167866776
1482,Mv,78,0,siteSC-5B,Y,162850.4689,2533.819778,167738.5538,0.167738554,0.167866776
1483,Mv,79,0,siteSC-6B,Y,194569.6103,2533.819778,167738.5538,0.167738554,0.167866776
1484,Mv,82,0,siteSC-7B,Y,213971.6585,2533.819778,167738.5538,0.167738554,0.167866776
1485,Mv,56,0,SC-8B,Y,237453.753,9339.131178,2380800.006,2.380800006,2.382514517
1486,Mv,58,0,siteSC-9A,Y,258694.6456,9339.131178,2380800.006,2.380800006,2.382514517
1487,Mv,59,0,siteSCoutlet170710,Y,263523.1099,9339.131178,2380800.006,2.380800006,2.382514517
1488,Mv,60,0,siteSCoutlet170807,Y,267972.9067,9339.131178,2380800.006,2.380800006,2.382514517
1489,Mv,72,0,site37,Y,45537.58056,9339.131178,2380800.006,2.380800006,2.382514517
1490,Mv,78,0,siteSC-5B,Y,162850.4689,9339.131178,2380800.006,2.380800006,2.382514517
1491,Mv,79,0,siteSC-6B,Y,194569.6103,9339.131178,2380800.006,2.380800006,2.382514517
1492,Mv,82,0,siteSC-7B,Y,213971.6585,9339.131178,2380800.006,2.380800006,2.382514517
1493,Mv,56,0,SC-8B,Y,237453.753,18260.68263,5492546.087,5.492546087,5.496720921
1494,Mv,58,0,siteSC-9A,Y,258694.6456,18260.68263,5492546.087,5.492546087,5.496720921
1495,Mv,59,0,siteSCoutlet170710,Y,263523.1099,18260.68263,5492546.087,5.492546087,5.496720921
1496,Mv,60,0,siteSCoutlet170807,Y,267972.9067,18260.68263,5492546.087,5.492546087,5.496720921
1497,Mv,70,0,site5,Y,25525.5358,18260.68263,5492546.087,5.492546087,5.496720921
1498,Mv,78,0,siteSC-5B,Y,162850.4689,18260.68263,5492546.087,5.492546087,5.496720921
1499,Mv,79,0,siteSC-6B,Y,194569.6103,18260.68263,5492546.087,5.492546087,5.496720921
1500,Mv,82,0,siteSC-7B,Y,213971.6585,18260.68263,5492546.087,5.492546087,5.496720921
1501,Mv,56,0,SC-8B,Y,237453.753,12318.44727,4717786.495,4.717786495,4.721258387
1502,Mv,58,0,siteSC-9A,Y,258694.6456,12318.44727,4717786.495,4.717786495,4.721258387
1503,Mv,59,0,siteSCoutlet170710,Y,263523.1099,12318.44727,4717786.495,4.717786495,4.721258387
1504,Mv,60,0,siteSCoutlet170807,Y,267972.9067,12318.44727,4717786.495,4.717786495,4.721258387
1505,Mv,74,0,siteSC-4B,Y,112154.2356,12318.44727,4717786.495,4.717786495,4.721258387
1506,Mv,78,0,siteSC-5B,Y,162850.4689,12318.44727,4717786.495,4.717786495,4.721258387
1507,Mv,79,0,siteSC-6B,Y,194569.6103,12318.44727,4717786.495,4.717786495,4.721258387
1508,Mv,82,0,siteSC-7B,Y,213971.6585,12318.44727,4717786.495,4.717786495,4.721258387
1509,MhMrMm,56,0,SC-8B,Y,237453.753,40.26889434,12.2096224,1.22096E-05,1.22073E-05
1510,MhMrMm,58,0,siteSC-9A,Y,258694.6456,40.26889434,12.2096224,1.22096E-05,1.22073E-05
1511,MhMrMm,59,0,siteSCoutlet170710,Y,263523.1099,40.26889434,12.2096224,1.22096E-05,1.22073E-05
1512,MhMrMm,60,0,siteSCoutlet170807,Y,267972.9067,40.26889434,12.2096224,1.22096E-05,1.22073E-05
1513,MhMrMm,78,0,siteSC-5B,Y,162850.4689,40.26889434,12.2096224,1.22096E-05,1.22073E-05
1514,MhMrMm,79,0,siteSC-6B,Y,194569.6103,40.26889434,12.2096224,1.22096E-05,1.22073E-05
1515,MhMrMm,82,0,siteSC-7B,Y,213971.6585,40.26889434,12.2096224,1.22096E-05,1.22073E-05
1516,Cx,56,0,SC-8B,Y,237453.753,40.26889434,12.2096224,1.22096E-05,1.22073E-05
1517,Cx,58,0,siteSC-9A,Y,258694.6456,40.26889434,12.2096224,1.22096E-05,1.22073E-05
1518,Cx,59,0,siteSCoutlet170710,Y,263523.1099,40.26889434,12.2096224,1.22096E-05,1.22073E-05
1519,Cx,60,0,siteSCoutlet170807,Y,267972.9067,40.26889434,12.2096224,1.22096E-05,1.22073E-05
1520,Cx,78,0,siteSC-5B,Y,162850.4689,40.26889434,12.2096224,1.22096E-05,1.22073E-05
1521,Cx,79,0,siteSC-6B,Y,194569.6103,40.26889434,12.2096224,1.22096E-05,1.22073E-05
1522,Cx,82,0,siteSC-7B,Y,213971.6585,40.26889434,12.2096224,1.22096E-05,1.22073E-05
1523,MhMrMm,56,0,SC-8B,Y,237453.753,39222.31394,9268334.195,9.268334195,9.275660649
1524,MhMrMm,58,0,siteSC-9A,Y,258694.6456,39222.31394,9268334.195,9.268334195,9.275660649
1525,MhMrMm,59,0,siteSCoutlet170710,Y,263523.1099,39222.31394,9268334.195,9.268334195,9.275660649
1526,MhMrMm,60,0,siteSCoutlet170807,Y,267972.9067,39222.31394,9268334.195,9.268334195,9.275660649
1527,MhMrMm,78,0,siteSC-5B,Y,162850.4689,39222.31394,9268334.195,9.268334195,9.275660649
1528,MhMrMm,79,0,siteSC-6B,Y,194569.6103,39222.31394,9268334.195,9.268334195,9.275660649
1529,MhMrMm,82,0,siteSC-7B,Y,213971.6585,39222.31394,9268334.195,9.268334195,9.275660649
1530,MhMrMm,56,0,SC-8B,Y,237453.753,39222.31394,9268334.195,9.268334195,9.275660649
1531,MhMrMm,58,0,siteSC-9A,Y,258694.6456,39222.31394,9268334.195,9.268334195,9.275660649
1532,MhMrMm,59,0,siteSCoutlet170710,Y,263523.1099,39222.31394,9268334.195,9.268334195,9.275660649
1533,MhMrMm,60,0,siteSCoutlet170807,Y,267972.9067,39222.31394,9268334.195,9.268334195,9.275660649
1534,MhMrMm,78,0,siteSC-5B,Y,162850.4689,39222.31394,9268334.195,9.268334195,9.275660649
1535,MhMrMm,79,0,siteSC-6B,Y,194569.6103,39222.31394,9268334.195,9.268334195,9.275660649
1536,MhMrMm,82,0,siteSC-7B,Y,213971.6585,39222.31394,9268334.195,9.268334195,9.275660649
1537,Ct,56,0,SC-8B,Y,237453.753,934.5765822,27000.02268,0.027000023,0.02701897
1538,Ct,58,0,siteSC-9A,Y,258694.6456,934.5765822,27000.02268,0.027000023,0.02701897
1539,Ct,59,0,siteSCoutlet170710,Y,263523.1099,934.5765822,27000.02268,0.027000023,0.02701897
1540,Ct,60,0,siteSCoutlet170807,Y,267972.9067,934.5765822,27000.02268,0.027000023,0.02701897
1541,Ct,69,0,site19,Y,22391.73955,934.5765822,27000.02268,0.027000023,0.02701897
1542,Ct,78,0,siteSC-5B,Y,162850.4689,934.5765822,27000.02268,0.027000023,0.02701897
1543,Ct,79,0,siteSC-6B,Y,194569.6103,934.5765822,27000.02268,0.027000023,0.02701897
1544,Ct,82,0,siteSC-7B,Y,213971.6585,934.5765822,27000.02268,0.027000023,0.02701897
1545,Ct,56,0,SC-8B,Y,237453.753,2776.848477,71218.88256,0.071218883,0.071260928
1546,Ct,58,0,siteSC-9A,Y,258694.6456,2776.848477,71218.88256,0.071218883,0.071260928
1547,Ct,59,0,siteSCoutlet170710,Y,263523.1099,2776.848477,71218.88256,0.071218883,0.071260928
1548,Ct,60,0,siteSCoutlet170807,Y,267972.9067,2776.848477,71218.88256,0.071218883,0.071260928
1549,Ct,72,0,site37,Y,45537.58056,2776.848477,71218.88256,0.071218883,0.071260928
1550,Ct,78,0,siteSC-5B,Y,162850.4689,2776.848477,71218.88256,0.071218883,0.071260928
1551,Ct,79,0,siteSC-6B,Y,194569.6103,2776.848477,71218.88256,0.071218883,0.071260928
1552,Ct,82,0,siteSC-7B,Y,213971.6585,2776.848477,71218.88256,0.071218883,0.071260928
1553,Mv,56,0,SC-8B,Y,237453.753,19819.28195,10431432.52,10.43143252,10.43935853
1554,Mv,58,0,siteSC-9A,Y,258694.6456,19819.28195,10431432.52,10.43143252,10.43935853
1555,Mv,59,0,siteSCoutlet170710,Y,263523.1099,19819.28195,10431432.52,10.43143252,10.43935853
1556,Mv,60,0,siteSCoutlet170807,Y,267972.9067,19819.28195,10431432.52,10.43143252,10.43935853
1557,Mv,74,0,siteSC-4B,Y,112154.2356,19819.28195,10431432.52,10.43143252,10.43935853
1558,Mv,78,0,siteSC-5B,Y,162850.4689,19819.28195,10431432.52,10.43143252,10.43935853
1559,Mv,79,0,siteSC-6B,Y,194569.6103,19819.28195,10431432.52,10.43143252,10.43935853
1560,Mv,82,0,siteSC-7B,Y,213971.6585,19819.28195,10431432.52,10.43143252,10.43935853
1561,Gt,56,0,SC-8B,Y,237453.753,2727.692413,399961.7245,0.399961725,0.400261111
1562,Gt,58,0,siteSC-9A,Y,258694.6456,2727.692413,399961.7245,0.399961725,0.400261111
1563,Gt,59,0,siteSCoutlet170710,Y,263523.1099,2727.692413,399961.7245,0.399961725,0.400261111
1564,Gt,60,0,siteSCoutlet170807,Y,267972.9067,2727.692413,399961.7245,0.399961725,0.400261111
1565,Gt,78,0,siteSC-5B,Y,162850.4689,2727.692413,399961.7245,0.399961725,0.400261111
1566,Gt,79,0,siteSC-6B,Y,194569.6103,2727.692413,399961.7245,0.399961725,0.400261111
1567,Gt,82,0,siteSC-7B,Y,213971.6585,2727.692413,399961.7245,0.399961725,0.400261111
1568,MhMrMm,56,0,SC-8B,Y,237453.753,2727.692413,399961.7245,0.399961725,0.400261111
1569,MhMrMm,58,0,siteSC-9A,Y,258694.6456,2727.692413,399961.7245,0.399961725,0.400261111
1570,MhMrMm,59,0,siteSCoutlet170710,Y,263523.1099,2727.692413,399961.7245,0.399961725,0.400261111
1571,MhMrMm,60,0,siteSCoutlet170807,Y,267972.9067,2727.692413,399961.7245,0.399961725,0.400261111
1572,MhMrMm,78,0,siteSC-5B,Y,162850.4689,2727.692413,399961.7245,0.399961725,0.400261111
1573,MhMrMm,79,0,siteSC-6B,Y,194569.6103,2727.692413,399961.7245,0.399961725,0.400261111
1574,MhMrMm,82,0,siteSC-7B,Y,213971.6585,2727.692413,399961.7245,0.399961725,0.400261111
1575,Mv,56,0,SC-8B,Y,237453.753,9677.249115,553494.1784,0.553494178,0.553925262
1576,Mv,58,0,siteSC-9A,Y,258694.6456,9677.249115,553494.1784,0.553494178,0.553925262
1577,Mv,59,0,siteSCoutlet170710,Y,263523.1099,9677.249115,553494.1784,0.553494178,0.553925262
1578,Mv,60,0,siteSCoutlet170807,Y,267972.9067,9677.249115,553494.1784,0.553494178,0.553925262
1579,Mv,74,0,siteSC-4B,Y,112154.2356,9677.249115,553494.1784,0.553494178,0.553925262
1580,Mv,78,0,siteSC-5B,Y,162850.4689,9677.249115,553494.1784,0.553494178,0.553925262
1581,Mv,79,0,siteSC-6B,Y,194569.6103,9677.249115,553494.1784,0.553494178,0.553925262
1582,Mv,82,0,siteSC-7B,Y,213971.6585,9677.249115,553494.1784,0.553494178,0.553925262
1583,Cx,56,0,SC-8B,Y,237453.753,1143.416636,19702.49263,0.019702493,0.019715936
1584,Cx,58,0,siteSC-9A,Y,258694.6456,1143.416636,19702.49263,0.019702493,0.019715936
1585,Cx,59,0,siteSCoutlet170710,Y,263523.1099,1143.416636,19702.49263,0.019702493,0.019715936
1586,Cx,60,0,siteSCoutlet170807,Y,267972.9067,1143.416636,19702.49263,0.019702493,0.019715936
1587,Cx,74,0,siteSC-4B,Y,112154.2356,1143.416636,19702.49263,0.019702493,0.019715936
1588,Cx,78,0,siteSC-5B,Y,162850.4689,1143.416636,19702.49263,0.019702493,0.019715936
1589,Cx,79,0,siteSC-6B,Y,194569.6103,1143.416636,19702.49263,0.019702493,0.019715936
1590,Cx,82,0,siteSC-7B,Y,213971.6585,1143.416636,19702.49263,0.019702493,0.019715936
1591,Cx,56,0,SC-8B,Y,237453.753,55.45618084,15.54143036,1.55414E-05,1.55489E-05
1592,Cx,58,0,siteSC-9A,Y,258694.6456,55.45618084,15.54143036,1.55414E-05,1.55489E-05
1593,Cx,59,0,siteSCoutlet170710,Y,263523.1099,55.45618084,15.54143036,1.55414E-05,1.55489E-05
1594,Cx,60,0,siteSCoutlet170807,Y,267972.9067,55.45618084,15.54143036,1.55414E-05,1.55489E-05
1595,Cx,78,0,siteSC-5B,Y,162850.4689,55.45618084,15.54143036,1.55414E-05,1.55489E-05
1596,Cx,79,0,siteSC-6B,Y,194569.6103,55.45618084,15.54143036,1.55414E-05,1.55489E-05
1597,Cx,82,0,siteSC-7B,Y,213971.6585,55.45618084,15.54143036,1.55414E-05,1.55489E-05
1598,MpMbMpv,56,0,SC-8B,Y,237453.753,55.45618084,15.54143036,1.55414E-05,1.55489E-05
1599,MpMbMpv,58,0,siteSC-9A,Y,258694.6456,55.45618084,15.54143036,1.55414E-05,1.55489E-05
1600,MpMbMpv,59,0,siteSCoutlet170710,Y,263523.1099,55.45618084,15.54143036,1.55414E-05,1.55489E-05
1601,MpMbMpv,60,0,siteSCoutlet170807,Y,267972.9067,55.45618084,15.54143036,1.55414E-05,1.55489E-05
1602,MpMbMpv,78,0,siteSC-5B,Y,162850.4689,55.45618084,15.54143036,1.55414E-05,1.55489E-05
1603,MpMbMpv,79,0,siteSC-6B,Y,194569.6103,55.45618084,15.54143036,1.55414E-05,1.55489E-05
1604,MpMbMpv,82,0,siteSC-7B,Y,213971.6585,55.45618084,15.54143036,1.55414E-05,1.55489E-05
1605,Cv,56,0,SC-8B,Y,237453.753,4803.81881,1064443.524,1.064443524,1.065228566
1606,Cv,58,0,siteSC-9A,Y,258694.6456,4803.81881,1064443.524,1.064443524,1.065228566
1607,Cv,59,0,siteSCoutlet170710,Y,263523.1099,4803.81881,1064443.524,1.064443524,1.065228566
1608,Cv,60,0,siteSCoutlet170807,Y,267972.9067,4803.81881,1064443.524,1.064443524,1.065228566
1609,Cv,74,0,siteSC-4B,Y,112154.2356,4803.81881,1064443.524,1.064443524,1.065228566
1610,Cv,78,0,siteSC-5B,Y,162850.4689,4803.81881,1064443.524,1.064443524,1.065228566
1611,Cv,79,0,siteSC-6B,Y,194569.6103,4803.81881,1064443.524,1.064443524,1.065228566
1612,Cv,82,0,siteSC-7B,Y,213971.6585,4803.81881,1064443.524,1.064443524,1.065228566
1613,MpMbMpv,56,0,SC-8B,Y,237453.753,238.5744243,677.0400962,0.00067704,0.00067759
1614,MpMbMpv,58,0,siteSC-9A,Y,258694.6456,238.5744243,677.0400962,0.00067704,0.00067759
1615,MpMbMpv,59,0,siteSCoutlet170710,Y,263523.1099,238.5744243,677.0400962,0.00067704,0.00067759
1616,MpMbMpv,60,0,siteSCoutlet170807,Y,267972.9067,238.5744243,677.0400962,0.00067704,0.00067759
1617,MpMbMpv,74,0,siteSC-4B,Y,112154.2356,238.5744243,677.0400962,0.00067704,0.00067759
1618,MpMbMpv,78,0,siteSC-5B,Y,162850.4689,238.5744243,677.0400962,0.00067704,0.00067759
1619,MpMbMpv,79,0,siteSC-6B,Y,194569.6103,238.5744243,677.0400962,0.00067704,0.00067759
1620,MpMbMpv,82,0,siteSC-7B,Y,213971.6585,238.5744243,677.0400962,0.00067704,0.00067759
1621,MpMbMpv,56,0,SC-8B,Y,237453.753,21.76730766,11.34189554,1.13419E-05,1.13481E-05
1622,MpMbMpv,58,0,siteSC-9A,Y,258694.6456,21.76730766,11.34189554,1.13419E-05,1.13481E-05
1623,MpMbMpv,59,0,siteSCoutlet170710,Y,263523.1099,21.76730766,11.34189554,1.13419E-05,1.13481E-05
1624,MpMbMpv,60,0,siteSCoutlet170807,Y,267972.9067,21.76730766,11.34189554,1.13419E-05,1.13481E-05
1625,MpMbMpv,78,0,siteSC-5B,Y,162850.4689,21.76730766,11.34189554,1.13419E-05,1.13481E-05
1626,MpMbMpv,79,0,siteSC-6B,Y,194569.6103,21.76730766,11.34189554,1.13419E-05,1.13481E-05
1627,MpMbMpv,82,0,siteSC-7B,Y,213971.6585,21.76730766,11.34189554,1.13419E-05,1.13481E-05
1628,At,56,0,SC-8B,Y,237453.753,21.76730766,11.34189554,1.13419E-05,1.13481E-05
1629,At,58,0,siteSC-9A,Y,258694.6456,21.76730766,11.34189554,1.13419E-05,1.13481E-05
1630,At,59,0,siteSCoutlet170710,Y,263523.1099,21.76730766,11.34189554,1.13419E-05,1.13481E-05
1631,At,60,0,siteSCoutlet170807,Y,267972.9067,21.76730766,11.34189554,1.13419E-05,1.13481E-05
1632,At,78,0,siteSC-5B,Y,162850.4689,21.76730766,11.34189554,1.13419E-05,1.13481E-05
1633,At,79,0,siteSC-6B,Y,194569.6103,21.76730766,11.34189554,1.13419E-05,1.13481E-05
1634,At,82,0,siteSC-7B,Y,213971.6585,21.76730766,11.34189554,1.13419E-05,1.13481E-05
1635,MpMbMpv,56,0,SC-8B,Y,237453.753,83240.39247,41609306.43,41.60930643,41.64162805
1636,MpMbMpv,58,0,siteSC-9A,Y,258694.6456,83240.39247,41609306.43,41.60930643,41.64162805
1637,MpMbMpv,59,0,siteSCoutlet170710,Y,263523.1099,83240.39247,41609306.43,41.60930643,41.64162805
1638,MpMbMpv,60,0,siteSCoutlet170807,Y,267972.9067,83240.39247,41609306.43,41.60930643,41.64162805
1639,MpMbMpv,74,0,siteSC-4B,Y,112154.2356,83240.39247,41609306.43,41.60930643,41.64162805
1640,MpMbMpv,78,0,siteSC-5B,Y,162850.4689,83240.39247,41609306.43,41.60930643,41.64162805
1641,MpMbMpv,79,0,siteSC-6B,Y,194569.6103,83240.39247,41609306.43,41.60930643,41.64162805
1642,MpMbMpv,82,0,siteSC-7B,Y,213971.6585,83240.39247,41609306.43,41.60930643,41.64162805
1643,MpMbMpv,56,0,SC-8B,Y,237453.753,154.907654,607.3638401,0.000607364,0.000607843
1644,MpMbMpv,58,0,siteSC-9A,Y,258694.6456,154.907654,607.3638401,0.000607364,0.000607843
1645,MpMbMpv,59,0,siteSCoutlet170710,Y,263523.1099,154.907654,607.3638401,0.000607364,0.000607843
1646,MpMbMpv,60,0,siteSCoutlet170807,Y,267972.9067,154.907654,607.3638401,0.000607364,0.000607843
1647,MpMbMpv,74,0,siteSC-4B,Y,112154.2356,154.907654,607.3638401,0.000607364,0.000607843
1648,MpMbMpv,78,0,siteSC-5B,Y,162850.4689,154.907654,607.3638401,0.000607364,0.000607843
1649,MpMbMpv,79,0,siteSC-6B,Y,194569.6103,154.907654,607.3638401,0.000607364,0.000607843
1650,MpMbMpv,82,0,siteSC-7B,Y,213971.6585,154.907654,607.3638401,0.000607364,0.000607843
1651,MpMbMpv,56,0,SC-8B,Y,237453.753,1170.305378,8462.89631,0.008462896,0.008459233
1652,MpMbMpv,58,0,siteSC-9A,Y,258694.6456,1170.305378,8462.89631,0.008462896,0.008459233
1653,MpMbMpv,59,0,siteSCoutlet170710,Y,263523.1099,1170.305378,8462.89631,0.008462896,0.008459233
1654,MpMbMpv,60,0,siteSCoutlet170807,Y,267972.9067,1170.305378,8462.89631,0.008462896,0.008459233
1655,MpMbMpv,74,0,siteSC-4B,Y,112154.2356,1170.305378,8462.89631,0.008462896,0.008459233
1656,MpMbMpv,78,0,siteSC-5B,Y,162850.4689,1170.305378,8462.89631,0.008462896,0.008459233
1657,MpMbMpv,79,0,siteSC-6B,Y,194569.6103,1170.305378,8462.89631,0.008462896,0.008459233
1658,MpMbMpv,82,0,siteSC-7B,Y,213971.6585,1170.305378,8462.89631,0.008462896,0.008459233
1659,MpMbMpv,56,0,SC-8B,Y,237453.753,12148.4252,3524310.109,3.524310109,3.527061014
1660,MpMbMpv,58,0,siteSC-9A,Y,258694.6456,12148.4252,3524310.109,3.524310109,3.527061014
1661,MpMbMpv,59,0,siteSCoutlet170710,Y,263523.1099,12148.4252,3524310.109,3.524310109,3.527061014
1662,MpMbMpv,60,0,siteSCoutlet170807,Y,267972.9067,12148.4252,3524310.109,3.524310109,3.527061014
1663,MpMbMpv,73,0,site38,Y,12122.56923,12148.4252,3524310.109,3.524310109,3.527061014
1664,MpMbMpv,78,0,siteSC-5B,Y,162850.4689,12148.4252,3524310.109,3.524310109,3.527061014
1665,MpMbMpv,79,0,siteSC-6B,Y,194569.6103,12148.4252,3524310.109,3.524310109,3.527061014
1666,MpMbMpv,82,0,siteSC-7B,Y,213971.6585,12148.4252,3524310.109,3.524310109,3.527061014
1667,Cx,56,0,SC-8B,Y,237453.753,13.28072664,4.171472223,4.17147E-06,4.18707E-06
1668,Cx,58,0,siteSC-9A,Y,258694.6456,13.28072664,4.171472223,4.17147E-06,4.18707E-06
1669,Cx,59,0,siteSCoutlet170710,Y,263523.1099,13.28072664,4.171472223,4.17147E-06,4.18707E-06
1670,Cx,60,0,siteSCoutlet170807,Y,267972.9067,13.28072664,4.171472223,4.17147E-06,4.18707E-06
1671,Cx,71,0,site36,Y,54545.36664,13.28072664,4.171472223,4.17147E-06,4.18707E-06
1672,Cx,78,0,siteSC-5B,Y,162850.4689,13.28072664,4.171472223,4.17147E-06,4.18707E-06
1673,Cx,79,0,siteSC-6B,Y,194569.6103,13.28072664,4.171472223,4.17147E-06,4.18707E-06
1674,Cx,82,0,siteSC-7B,Y,213971.6585,13.28072664,4.171472223,4.17147E-06,4.18707E-06
1675,Cx,56,0,SC-8B,Y,237453.753,61.67323813,139.159859,0.00013916,0.000139278
1676,Cx,58,0,siteSC-9A,Y,258694.6456,61.67323813,139.159859,0.00013916,0.000139278
1677,Cx,59,0,siteSCoutlet170710,Y,263523.1099,61.67323813,139.159859,0.00013916,0.000139278
1678,Cx,60,0,siteSCoutlet170807,Y,267972.9067,61.67323813,139.159859,0.00013916,0.000139278
1679,Cx,72,0,site37,Y,45537.58056,61.67323813,139.159859,0.00013916,0.000139278
1680,Cx,78,0,siteSC-5B,Y,162850.4689,61.67323813,139.159859,0.00013916,0.000139278
1681,Cx,79,0,siteSC-6B,Y,194569.6103,61.67323813,139.159859,0.00013916,0.000139278
1682,Cx,82,0,siteSC-7B,Y,213971.6585,61.67323813,139.159859,0.00013916,0.000139278
1683,Cx,56,0,SC-8B,Y,237453.753,88.9007668,44.71001139,4.471E-05,4.46887E-05
1684,Cx,58,0,siteSC-9A,Y,258694.6456,88.9007668,44.71001139,4.471E-05,4.46887E-05
1685,Cx,59,0,siteSCoutlet170710,Y,263523.1099,88.9007668,44.71001139,4.471E-05,4.46887E-05
1686,Cx,60,0,siteSCoutlet170807,Y,267972.9067,88.9007668,44.71001139,4.471E-05,4.46887E-05
1687,Cx,78,0,siteSC-5B,Y,162850.4689,88.9007668,44.71001139,4.471E-05,4.46887E-05
1688,Cx,79,0,siteSC-6B,Y,194569.6103,88.9007668,44.71001139,4.471E-05,4.46887E-05
1689,Cx,82,0,siteSC-7B,Y,213971.6585,88.9007668,44.71001139,4.471E-05,4.46887E-05
1690,Af,56,0,SC-8B,Y,237453.753,88.9007668,44.71001139,4.471E-05,4.46887E-05
1691,Af,58,0,siteSC-9A,Y,258694.6456,88.9007668,44.71001139,4.471E-05,4.46887E-05
1692,Af,59,0,siteSCoutlet170710,Y,263523.1099,88.9007668,44.71001139,4.471E-05,4.46887E-05
1693,Af,60,0,siteSCoutlet170807,Y,267972.9067,88.9007668,44.71001139,4.471E-05,4.46887E-05
1694,Af,78,0,siteSC-5B,Y,162850.4689,88.9007668,44.71001139,4.471E-05,4.46887E-05
1695,Af,79,0,siteSC-6B,Y,194569.6103,88.9007668,44.71001139,4.471E-05,4.46887E-05
1696,Af,82,0,siteSC-7B,Y,213971.6585,88.9007668,44.71001139,4.471E-05,4.46887E-05
1697,Mv,56,0,SC-8B,Y,237453.753,12758.00963,1364656.218,1.364656218,1.365771354
1698,Mv,58,0,siteSC-9A,Y,258694.6456,12758.00963,1364656.218,1.364656218,1.365771354
1699,Mv,59,0,siteSCoutlet170710,Y,263523.1099,12758.00963,1364656.218,1.364656218,1.365771354
1700,Mv,60,0,siteSCoutlet170807,Y,267972.9067,12758.00963,1364656.218,1.364656218,1.365771354
1701,Mv,78,0,siteSC-5B,Y,162850.4689,12758.00963,1364656.218,1.364656218,1.365771354
1702,Mv,79,0,siteSC-6B,Y,194569.6103,12758.00963,1364656.218,1.364656218,1.365771354
1703,Mv,82,0,siteSC-7B,Y,213971.6585,12758.00963,1364656.218,1.364656218,1.365771354
1704,MhMrMm,56,0,SC-8B,Y,237453.753,12758.00963,1364656.218,1.364656218,1.365771354
1705,MhMrMm,58,0,siteSC-9A,Y,258694.6456,12758.00963,1364656.218,1.364656218,1.365771354
1706,MhMrMm,59,0,siteSCoutlet170710,Y,263523.1099,12758.00963,1364656.218,1.364656218,1.365771354
1707,MhMrMm,60,0,siteSCoutlet170807,Y,267972.9067,12758.00963,1364656.218,1.364656218,1.365771354
1708,MhMrMm,78,0,siteSC-5B,Y,162850.4689,12758.00963,1364656.218,1.364656218,1.365771354
1709,MhMrMm,79,0,siteSC-6B,Y,194569.6103,12758.00963,1364656.218,1.364656218,1.365771354
1710,MhMrMm,82,0,siteSC-7B,Y,213971.6585,12758.00963,1364656.218,1.364656218,1.365771354
1711,At,56,0,SC-8B,Y,237453.753,13913.16609,2585405.905,2.585405905,2.587515891
1712,At,58,0,siteSC-9A,Y,258694.6456,13913.16609,2585405.905,2.585405905,2.587515891
1713,At,59,0,siteSCoutlet170710,Y,263523.1099,13913.16609,2585405.905,2.585405905,2.587515891
1714,At,60,0,siteSCoutlet170807,Y,267972.9067,13913.16609,2585405.905,2.585405905,2.587515891
1715,At,74,0,siteSC-4B,Y,112154.2356,13913.16609,2585405.905,2.585405905,2.587515891
1716,At,78,0,siteSC-5B,Y,162850.4689,13913.16609,2585405.905,2.585405905,2.587515891
1717,At,79,0,siteSC-6B,Y,194569.6103,13913.16609,2585405.905,2.585405905,2.587515891
1718,At,82,0,siteSC-7B,Y,213971.6585,13913.16609,2585405.905,2.585405905,2.587515891
1719,At,56,0,SC-8B,Y,237453.753,59.1993309,30.65623536,3.06562E-05,3.0697E-05
1720,At,58,0,siteSC-9A,Y,258694.6456,59.1993309,30.65623536,3.06562E-05,3.0697E-05
1721,At,59,0,siteSCoutlet170710,Y,263523.1099,59.1993309,30.65623536,3.06562E-05,3.0697E-05
1722,At,60,0,siteSCoutlet170807,Y,267972.9067,59.1993309,30.65623536,3.06562E-05,3.0697E-05
1723,At,74,0,siteSC-4B,Y,112154.2356,59.1993309,30.65623536,3.06562E-05,3.0697E-05
1724,At,78,0,siteSC-5B,Y,162850.4689,59.1993309,30.65623536,3.06562E-05,3.0697E-05
1725,At,79,0,siteSC-6B,Y,194569.6103,59.1993309,30.65623536,3.06562E-05,3.0697E-05
1726,At,82,0,siteSC-7B,Y,213971.6585,59.1993309,30.65623536,3.06562E-05,3.0697E-05
1727,At,56,0,SC-8B,Y,237453.753,2915.441911,412601.9534,0.412601953,0.412892949
1728,At,58,0,siteSC-9A,Y,258694.6456,2915.441911,412601.9534,0.412601953,0.412892949
1729,At,59,0,siteSCoutlet170710,Y,263523.1099,2915.441911,412601.9534,0.412601953,0.412892949
1730,At,60,0,siteSCoutlet170807,Y,267972.9067,2915.441911,412601.9534,0.412601953,0.412892949
1731,At,78,0,siteSC-5B,Y,162850.4689,2915.441911,412601.9534,0.412601953,0.412892949
1732,At,79,0,siteSC-6B,Y,194569.6103,2915.441911,412601.9534,0.412601953,0.412892949
1733,At,82,0,siteSC-7B,Y,213971.6585,2915.441911,412601.9534,0.412601953,0.412892949
1734,MhMrMm,56,0,SC-8B,Y,237453.753,2915.441911,412601.9534,0.412601953,0.412892949
1735,MhMrMm,58,0,siteSC-9A,Y,258694.6456,2915.441911,412601.9534,0.412601953,0.412892949
1736,MhMrMm,59,0,siteSCoutlet170710,Y,263523.1099,2915.441911,412601.9534,0.412601953,0.412892949
1737,MhMrMm,60,0,siteSCoutlet170807,Y,267972.9067,2915.441911,412601.9534,0.412601953,0.412892949
1738,MhMrMm,78,0,siteSC-5B,Y,162850.4689,2915.441911,412601.9534,0.412601953,0.412892949
1739,MhMrMm,79,0,siteSC-6B,Y,194569.6103,2915.441911,412601.9534,0.412601953,0.412892949
1740,MhMrMm,82,0,siteSC-7B,Y,213971.6585,2915.441911,412601.9534,0.412601953,0.412892949
1741,At,56,0,SC-8B,Y,237453.753,5646.566397,629525.9847,0.629525985,0.629948027
1742,At,58,0,siteSC-9A,Y,258694.6456,5646.566397,629525.9847,0.629525985,0.629948027
1743,At,59,0,siteSCoutlet170710,Y,263523.1099,5646.566397,629525.9847,0.629525985,0.629948027
1744,At,60,0,siteSCoutlet170807,Y,267972.9067,5646.566397,629525.9847,0.629525985,0.629948027
1745,At,78,0,siteSC-5B,Y,162850.4689,5646.566397,629525.9847,0.629525985,0.629948027
1746,At,79,0,siteSC-6B,Y,194569.6103,5646.566397,629525.9847,0.629525985,0.629948027
1747,At,82,0,siteSC-7B,Y,213971.6585,5646.566397,629525.9847,0.629525985,0.629948027
1748,MhMrMm,56,0,SC-8B,Y,237453.753,5646.566397,629525.9847,0.629525985,0.629948027
1749,MhMrMm,58,0,siteSC-9A,Y,258694.6456,5646.566397,629525.9847,0.629525985,0.629948027
1750,MhMrMm,59,0,siteSCoutlet170710,Y,263523.1099,5646.566397,629525.9847,0.629525985,0.629948027
1751,MhMrMm,60,0,siteSCoutlet170807,Y,267972.9067,5646.566397,629525.9847,0.629525985,0.629948027
1752,MhMrMm,78,0,siteSC-5B,Y,162850.4689,5646.566397,629525.9847,0.629525985,0.629948027
1753,MhMrMm,79,0,siteSC-6B,Y,194569.6103,5646.566397,629525.9847,0.629525985,0.629948027
1754,MhMrMm,82,0,siteSC-7B,Y,213971.6585,5646.566397,629525.9847,0.629525985,0.629948027
1755,Gt,56,0,SC-8B,Y,237453.753,915.7024067,44190.31121,0.044190311,0.044224006
1756,Gt,58,0,siteSC-9A,Y,258694.6456,915.7024067,44190.31121,0.044190311,0.044224006
1757,Gt,59,0,siteSCoutlet170710,Y,263523.1099,915.7024067,44190.31121,0.044190311,0.044224006
1758,Gt,60,0,siteSCoutlet170807,Y,267972.9067,915.7024067,44190.31121,0.044190311,0.044224006
1759,Gt,78,0,siteSC-5B,Y,162850.4689,915.7024067,44190.31121,0.044190311,0.044224006
1760,Gt,79,0,siteSC-6B,Y,194569.6103,915.7024067,44190.31121,0.044190311,0.044224006
1761,Gt,82,0,siteSC-7B,Y,213971.6585,915.7024067,44190.31121,0.044190311,0.044224006
1762,MhMrMm,56,0,SC-8B,Y,237453.753,915.7024067,44190.31121,0.044190311,0.044224006
1763,MhMrMm,58,0,siteSC-9A,Y,258694.6456,915.7024067,44190.31121,0.044190311,0.044224006
1764,MhMrMm,59,0,siteSCoutlet170710,Y,263523.1099,915.7024067,44190.31121,0.044190311,0.044224006
1765,MhMrMm,60,0,siteSCoutlet170807,Y,267972.9067,915.7024067,44190.31121,0.044190311,0.044224006
1766,MhMrMm,78,0,siteSC-5B,Y,162850.4689,915.7024067,44190.31121,0.044190311,0.044224006
1767,MhMrMm,79,0,siteSC-6B,Y,194569.6103,915.7024067,44190.31121,0.044190311,0.044224006
1768,MhMrMm,82,0,siteSC-7B,Y,213971.6585,915.7024067,44190.31121,0.044190311,0.044224006
1769,Gt,56,0,SC-8B,Y,237453.753,2108.78189,205937.1027,0.205937103,0.206099968
1770,Gt,58,0,siteSC-9A,Y,258694.6456,2108.78189,205937.1027,0.205937103,0.206099968
1771,Gt,59,0,siteSCoutlet170710,Y,263523.1099,2108.78189,205937.1027,0.205937103,0.206099968
1772,Gt,60,0,siteSCoutlet170807,Y,267972.9067,2108.78189,205937.1027,0.205937103,0.206099968
1773,Gt,78,0,siteSC-5B,Y,162850.4689,2108.78189,205937.1027,0.205937103,0.206099968
1774,Gt,79,0,siteSC-6B,Y,194569.6103,2108.78189,205937.1027,0.205937103,0.206099968
1775,Gt,82,0,siteSC-7B,Y,213971.6585,2108.78189,205937.1027,0.205937103,0.206099968
1776,MhMrMm,56,0,SC-8B,Y,237453.753,2108.78189,205937.1027,0.205937103,0.206099968
1777,MhMrMm,58,0,siteSC-9A,Y,258694.6456,2108.78189,205937.1027,0.205937103,0.206099968
1778,MhMrMm,59,0,siteSCoutlet170710,Y,263523.1099,2108.78189,205937.1027,0.205937103,0.206099968
1779,MhMrMm,60,0,siteSCoutlet170807,Y,267972.9067,2108.78189,205937.1027,0.205937103,0.206099968
1780,MhMrMm,78,0,siteSC-5B,Y,162850.4689,2108.78189,205937.1027,0.205937103,0.206099968
1781,MhMrMm,79,0,siteSC-6B,Y,194569.6103,2108.78189,205937.1027,0.205937103,0.206099968
1782,MhMrMm,82,0,siteSC-7B,Y,213971.6585,2108.78189,205937.1027,0.205937103,0.206099968
1783,ApAt,56,0,SC-8B,Y,237453.753,353.5996938,1923.375914,0.001923376,0.001924596
1784,ApAt,58,0,siteSC-9A,Y,258694.6456,353.5996938,1923.375914,0.001923376,0.001924596
1785,ApAt,59,0,siteSCoutlet170710,Y,263523.1099,353.5996938,1923.375914,0.001923376,0.001924596
1786,ApAt,60,0,siteSCoutlet170807,Y,267972.9067,353.5996938,1923.375914,0.001923376,0.001924596
1787,ApAt,74,0,siteSC-4B,Y,112154.2356,353.5996938,1923.375914,0.001923376,0.001924596
1788,ApAt,78,0,siteSC-5B,Y,162850.4689,353.5996938,1923.375914,0.001923376,0.001924596
1789,ApAt,79,0,siteSC-6B,Y,194569.6103,353.5996938,1923.375914,0.001923376,0.001924596
1790,ApAt,82,0,siteSC-7B,Y,213971.6585,353.5996938,1923.375914,0.001923376,0.001924596
1791,MhMrMm,56,0,SC-8B,Y,237453.753,6256.942844,489606.6128,0.489606613,0.48999363
1792,MhMrMm,58,0,siteSC-9A,Y,258694.6456,6256.942844,489606.6128,0.489606613,0.48999363
1793,MhMrMm,59,0,siteSCoutlet170710,Y,263523.1099,6256.942844,489606.6128,0.489606613,0.48999363
1794,MhMrMm,60,0,siteSCoutlet170807,Y,267972.9067,6256.942844,489606.6128,0.489606613,0.48999363
1795,MhMrMm,73,0,site38,Y,12122.56923,6256.942844,489606.6128,0.489606613,0.48999363
1796,MhMrMm,78,0,siteSC-5B,Y,162850.4689,6256.942844,489606.6128,0.489606613,0.48999363
1797,MhMrMm,79,0,siteSC-6B,Y,194569.6103,6256.942844,489606.6128,0.489606613,0.48999363
1798,MhMrMm,82,0,siteSC-7B,Y,213971.6585,6256.942844,489606.6128,0.489606613,0.48999363
1799,MhMrMm,56,0,SC-8B,Y,237453.753,27.38565708,29.02765684,2.90277E-05,2.90536E-05
1800,MhMrMm,58,0,siteSC-9A,Y,258694.6456,27.38565708,29.02765684,2.90277E-05,2.90536E-05
1801,MhMrMm,59,0,siteSCoutlet170710,Y,263523.1099,27.38565708,29.02765684,2.90277E-05,2.90536E-05
1802,MhMrMm,60,0,siteSCoutlet170807,Y,267972.9067,27.38565708,29.02765684,2.90277E-05,2.90536E-05
1803,MhMrMm,73,0,site38,Y,12122.56923,27.38565708,29.02765684,2.90277E-05,2.90536E-05
1804,MhMrMm,78,0,siteSC-5B,Y,162850.4689,27.38565708,29.02765684,2.90277E-05,2.90536E-05
1805,MhMrMm,79,0,siteSC-6B,Y,194569.6103,27.38565708,29.02765684,2.90277E-05,2.90536E-05
1806,MhMrMm,82,0,siteSC-7B,Y,213971.6585,27.38565708,29.02765684,2.90277E-05,2.90536E-05
1807,MhMrMm,56,0,SC-8B,Y,237453.753,134.9208407,408.3362755,0.000408336,0.000408547
1808,MhMrMm,58,0,siteSC-9A,Y,258694.6456,134.9208407,408.3362755,0.000408336,0.000408547
1809,MhMrMm,59,0,siteSCoutlet170710,Y,263523.1099,134.9208407,408.3362755,0.000408336,0.000408547
1810,MhMrMm,60,0,siteSCoutlet170807,Y,267972.9067,134.9208407,408.3362755,0.000408336,0.000408547
1811,MhMrMm,73,0,site38,Y,12122.56923,134.9208407,408.3362755,0.000408336,0.000408547
1812,MhMrMm,78,0,siteSC-5B,Y,162850.4689,134.9208407,408.3362755,0.000408336,0.000408547
1813,MhMrMm,79,0,siteSC-6B,Y,194569.6103,134.9208407,408.3362755,0.000408336,0.000408547
1814,MhMrMm,82,0,siteSC-7B,Y,213971.6585,134.9208407,408.3362755,0.000408336,0.000408547
1815,MhMrMm,56,0,SC-8B,Y,237453.753,2306.738156,244378.3905,0.244378391,0.244564258
1816,MhMrMm,58,0,siteSC-9A,Y,258694.6456,2306.738156,244378.3905,0.244378391,0.244564258
1817,MhMrMm,59,0,siteSCoutlet170710,Y,263523.1099,2306.738156,244378.3905,0.244378391,0.244564258
1818,MhMrMm,60,0,siteSCoutlet170807,Y,267972.9067,2306.738156,244378.3905,0.244378391,0.244564258
1819,MhMrMm,71,0,site36,Y,54545.36664,2306.738156,244378.3905,0.244378391,0.244564258
1820,MhMrMm,78,0,siteSC-5B,Y,162850.4689,2306.738156,244378.3905,0.244378391,0.244564258
1821,MhMrMm,79,0,siteSC-6B,Y,194569.6103,2306.738156,244378.3905,0.244378391,0.244564258
1822,MhMrMm,82,0,siteSC-7B,Y,213971.6585,2306.738156,244378.3905,0.244378391,0.244564258
1823,MpMbMpv,56,0,SC-8B,Y,237453.753,13175.47306,2540215.258,2.540215258,2.542165041
1824,MpMbMpv,58,0,siteSC-9A,Y,258694.6456,13175.47306,2540215.258,2.540215258,2.542165041
1825,MpMbMpv,59,0,siteSCoutlet170710,Y,263523.1099,13175.47306,2540215.258,2.540215258,2.542165041
1826,MpMbMpv,60,0,siteSCoutlet170807,Y,267972.9067,13175.47306,2540215.258,2.540215258,2.542165041
1827,MpMbMpv,68,0,site20,Y,12077.91629,13175.47306,2540215.258,2.540215258,2.542165041
1828,MpMbMpv,78,0,siteSC-5B,Y,162850.4689,13175.47306,2540215.258,2.540215258,2.542165041
1829,MpMbMpv,79,0,siteSC-6B,Y,194569.6103,13175.47306,2540215.258,2.540215258,2.542165041
1830,MpMbMpv,82,0,siteSC-7B,Y,213971.6585,13175.47306,2540215.258,2.540215258,2.542165041
1831,MpMbMpv,56,0,SC-8B,Y,237453.753,14536.81509,3813727.908,3.813727908,3.816613676
1832,MpMbMpv,58,0,siteSC-9A,Y,258694.6456,14536.81509,3813727.908,3.813727908,3.816613676
1833,MpMbMpv,59,0,siteSCoutlet170710,Y,263523.1099,14536.81509,3813727.908,3.813727908,3.816613676
1834,MpMbMpv,60,0,siteSCoutlet170807,Y,267972.9067,14536.81509,3813727.908,3.813727908,3.816613676
1835,MpMbMpv,69,0,site19,Y,22391.73955,14536.81509,3813727.908,3.813727908,3.816613676
1836,MpMbMpv,78,0,siteSC-5B,Y,162850.4689,14536.81509,3813727.908,3.813727908,3.816613676
1837,MpMbMpv,79,0,siteSC-6B,Y,194569.6103,14536.81509,3813727.908,3.813727908,3.816613676
1838,MpMbMpv,82,0,siteSC-7B,Y,213971.6585,14536.81509,3813727.908,3.813727908,3.816613676
1839,MpMbMpv,56,0,SC-8B,Y,237453.753,19237.48023,7954252.817,7.954252817,7.960457352
1840,MpMbMpv,58,0,siteSC-9A,Y,258694.6456,19237.48023,7954252.817,7.954252817,7.960457352
1841,MpMbMpv,59,0,siteSCoutlet170710,Y,263523.1099,19237.48023,7954252.817,7.954252817,7.960457352
1842,MpMbMpv,60,0,siteSCoutlet170807,Y,267972.9067,19237.48023,7954252.817,7.954252817,7.960457352
1843,MpMbMpv,70,0,site5,Y,25525.5358,19237.48023,7954252.817,7.954252817,7.960457352
1844,MpMbMpv,78,0,siteSC-5B,Y,162850.4689,19237.48023,7954252.817,7.954252817,7.960457352
1845,MpMbMpv,79,0,siteSC-6B,Y,194569.6103,19237.48023,7954252.817,7.954252817,7.960457352
1846,MpMbMpv,82,0,siteSC-7B,Y,213971.6585,19237.48023,7954252.817,7.954252817,7.960457352
1847,MpMbMpv,56,0,SC-8B,Y,237453.753,66869.52361,20145625.87,20.14562587,20.16165587
1848,MpMbMpv,58,0,siteSC-9A,Y,258694.6456,66869.52361,20145625.87,20.14562587,20.16165587
1849,MpMbMpv,59,0,siteSCoutlet170710,Y,263523.1099,66869.52361,20145625.87,20.14562587,20.16165587
1850,MpMbMpv,60,0,siteSCoutlet170807,Y,267972.9067,66869.52361,20145625.87,20.14562587,20.16165587
1851,MpMbMpv,71,0,site36,Y,54545.36664,66869.52361,20145625.87,20.14562587,20.16165587
1852,MpMbMpv,78,0,siteSC-5B,Y,162850.4689,66869.52361,20145625.87,20.14562587,20.16165587
1853,MpMbMpv,79,0,siteSC-6B,Y,194569.6103,66869.52361,20145625.87,20.14562587,20.16165587
1854,MpMbMpv,82,0,siteSC-7B,Y,213971.6585,66869.52361,20145625.87,20.14562587,20.16165587
1855,MpMbMpv,56,0,SC-8B,Y,237453.753,26599.09635,8692992.58,8.69299258,8.699611423
1856,MpMbMpv,58,0,siteSC-9A,Y,258694.6456,26599.09635,8692992.58,8.69299258,8.699611423
1857,MpMbMpv,59,0,siteSCoutlet170710,Y,263523.1099,26599.09635,8692992.58,8.69299258,8.699611423
1858,MpMbMpv,60,0,siteSCoutlet170807,Y,267972.9067,26599.09635,8692992.58,8.69299258,8.699611423
1859,MpMbMpv,72,0,site37,Y,45537.58056,26599.09635,8692992.58,8.69299258,8.699611423
1860,MpMbMpv,78,0,siteSC-5B,Y,162850.4689,26599.09635,8692992.58,8.69299258,8.699611423
1861,MpMbMpv,79,0,siteSC-6B,Y,194569.6103,26599.09635,8692992.58,8.69299258,8.699611423
1862,MpMbMpv,82,0,siteSC-7B,Y,213971.6585,26599.09635,8692992.58,8.69299258,8.699611423
1863,MpMbMpv,56,0,SC-8B,Y,237453.753,17165.88526,7056351.068,7.056351068,7.062004577
1864,MpMbMpv,58,0,siteSC-9A,Y,258694.6456,17165.88526,7056351.068,7.056351068,7.062004577
1865,MpMbMpv,59,0,siteSCoutlet170710,Y,263523.1099,17165.88526,7056351.068,7.056351068,7.062004577
1866,MpMbMpv,60,0,siteSCoutlet170807,Y,267972.9067,17165.88526,7056351.068,7.056351068,7.062004577
1867,MpMbMpv,74,0,siteSC-4B,Y,112154.2356,17165.88526,7056351.068,7.056351068,7.062004577
1868,MpMbMpv,78,0,siteSC-5B,Y,162850.4689,17165.88526,7056351.068,7.056351068,7.062004577
1869,MpMbMpv,79,0,siteSC-6B,Y,194569.6103,17165.88526,7056351.068,7.056351068,7.062004577
1870,MpMbMpv,82,0,siteSC-7B,Y,213971.6585,17165.88526,7056351.068,7.056351068,7.062004577
1871,MpMbMpv,56,0,SC-8B,Y,237453.753,82.33054279,67.07253955,6.70725E-05,6.71292E-05
1872,MpMbMpv,58,0,siteSC-9A,Y,258694.6456,82.33054279,67.07253955,6.70725E-05,6.71292E-05
1873,MpMbMpv,59,0,siteSCoutlet170710,Y,263523.1099,82.33054279,67.07253955,6.70725E-05,6.71292E-05
1874,MpMbMpv,60,0,siteSCoutlet170807,Y,267972.9067,82.33054279,67.07253955,6.70725E-05,6.71292E-05
1875,MpMbMpv,71,0,site36,Y,54545.36664,82.33054279,67.07253955,6.70725E-05,6.71292E-05
1876,MpMbMpv,78,0,siteSC-5B,Y,162850.4689,82.33054279,67.07253955,6.70725E-05,6.71292E-05
1877,MpMbMpv,79,0,siteSC-6B,Y,194569.6103,82.33054279,67.07253955,6.70725E-05,6.71292E-05
1878,MpMbMpv,82,0,siteSC-7B,Y,213971.6585,82.33054279,67.07253955,6.70725E-05,6.71292E-05
1879,Gt,56,0,SC-8B,Y,237453.753,6196.212106,1005607.739,1.005607739,1.006356817
1880,Gt,58,0,siteSC-9A,Y,258694.6456,6196.212106,1005607.739,1.005607739,1.006356817
1881,Gt,59,0,siteSCoutlet170710,Y,263523.1099,6196.212106,1005607.739,1.005607739,1.006356817
1882,Gt,60,0,siteSCoutlet170807,Y,267972.9067,6196.212106,1005607.739,1.005607739,1.006356817
1883,Gt,78,0,siteSC-5B,Y,162850.4689,6196.212106,1005607.739,1.005607739,1.006356817
1884,Gt,79,0,siteSC-6B,Y,194569.6103,6196.212106,1005607.739,1.005607739,1.006356817
1885,Gt,82,0,siteSC-7B,Y,213971.6585,6196.212106,1005607.739,1.005607739,1.006356817
1886,MhMrMm,56,0,SC-8B,Y,237453.753,6196.212106,1005607.739,1.005607739,1.006356817
1887,MhMrMm,58,0,siteSC-9A,Y,258694.6456,6196.212106,1005607.739,1.005607739,1.006356817
1888,MhMrMm,59,0,siteSCoutlet170710,Y,263523.1099,6196.212106,1005607.739,1.005607739,1.006356817
1889,MhMrMm,60,0,siteSCoutlet170807,Y,267972.9067,6196.212106,1005607.739,1.005607739,1.006356817
1890,MhMrMm,78,0,siteSC-5B,Y,162850.4689,6196.212106,1005607.739,1.005607739,1.006356817
1891,MhMrMm,79,0,siteSC-6B,Y,194569.6103,6196.212106,1005607.739,1.005607739,1.006356817
1892,MhMrMm,82,0,siteSC-7B,Y,213971.6585,6196.212106,1005607.739,1.005607739,1.006356817
1893,Gt,56,0,SC-8B,Y,237453.753,1480.617596,110682.567,0.110682567,0.110767039
1894,Gt,58,0,siteSC-9A,Y,258694.6456,1480.617596,110682.567,0.110682567,0.110767039
1895,Gt,59,0,siteSCoutlet170710,Y,263523.1099,1480.617596,110682.567,0.110682567,0.110767039
1896,Gt,60,0,siteSCoutlet170807,Y,267972.9067,1480.617596,110682.567,0.110682567,0.110767039
1897,Gt,78,0,siteSC-5B,Y,162850.4689,1480.617596,110682.567,0.110682567,0.110767039
1898,Gt,79,0,siteSC-6B,Y,194569.6103,1480.617596,110682.567,0.110682567,0.110767039
1899,Gt,82,0,siteSC-7B,Y,213971.6585,1480.617596,110682.567,0.110682567,0.110767039
1900,MhMrMm,56,0,SC-8B,Y,237453.753,1480.617596,110682.567,0.110682567,0.110767039
1901,MhMrMm,58,0,siteSC-9A,Y,258694.6456,1480.617596,110682.567,0.110682567,0.110767039
1902,MhMrMm,59,0,siteSCoutlet170710,Y,263523.1099,1480.617596,110682.567,0.110682567,0.110767039
1903,MhMrMm,60,0,siteSCoutlet170807,Y,267972.9067,1480.617596,110682.567,0.110682567,0.110767039
1904,MhMrMm,78,0,siteSC-5B,Y,162850.4689,1480.617596,110682.567,0.110682567,0.110767039
1905,MhMrMm,79,0,siteSC-6B,Y,194569.6103,1480.617596,110682.567,0.110682567,0.110767039
1906,MhMrMm,82,0,siteSC-7B,Y,213971.6585,1480.617596,110682.567,0.110682567,0.110767039
1907,Gt,56,0,SC-8B,Y,237453.753,8707.842176,947019.3494,0.947019349,0.947757007
1908,Gt,58,0,siteSC-9A,Y,258694.6456,8707.842176,947019.3494,0.947019349,0.947757007
1909,Gt,59,0,siteSCoutlet170710,Y,263523.1099,8707.842176,947019.3494,0.947019349,0.947757007
1910,Gt,60,0,siteSCoutlet170807,Y,267972.9067,8707.842176,947019.3494,0.947019349,0.947757007
1911,Gt,78,0,siteSC-5B,Y,162850.4689,8707.842176,947019.3494,0.947019349,0.947757007
1912,Gt,79,0,siteSC-6B,Y,194569.6103,8707.842176,947019.3494,0.947019349,0.947757007
1913,Gt,82,0,siteSC-7B,Y,213971.6585,8707.842176,947019.3494,0.947019349,0.947757007
1914,MhMrMm,56,0,SC-8B,Y,237453.753,8707.842176,947019.3494,0.947019349,0.947757007
1915,MhMrMm,58,0,siteSC-9A,Y,258694.6456,8707.842176,947019.3494,0.947019349,0.947757007
1916,MhMrMm,59,0,siteSCoutlet170710,Y,263523.1099,8707.842176,947019.3494,0.947019349,0.947757007
1917,MhMrMm,60,0,siteSCoutlet170807,Y,267972.9067,8707.842176,947019.3494,0.947019349,0.947757007
1918,MhMrMm,78,0,siteSC-5B,Y,162850.4689,8707.842176,947019.3494,0.947019349,0.947757007
1919,MhMrMm,79,0,siteSC-6B,Y,194569.6103,8707.842176,947019.3494,0.947019349,0.947757007
1920,MhMrMm,82,0,siteSC-7B,Y,213971.6585,8707.842176,947019.3494,0.947019349,0.947757007
1921,Cx,56,0,SC-8B,Y,237453.753,7238.905363,874722.5915,0.874722591,0.875395981
1922,Cx,58,0,siteSC-9A,Y,258694.6456,7238.905363,874722.5915,0.874722591,0.875395981
1923,Cx,59,0,siteSCoutlet170710,Y,263523.1099,7238.905363,874722.5915,0.874722591,0.875395981
1924,Cx,60,0,siteSCoutlet170807,Y,267972.9067,7238.905363,874722.5915,0.874722591,0.875395981
1925,Cx,78,0,siteSC-5B,Y,162850.4689,7238.905363,874722.5915,0.874722591,0.875395981
1926,Cx,79,0,siteSC-6B,Y,194569.6103,7238.905363,874722.5915,0.874722591,0.875395981
1927,Cx,82,0,siteSC-7B,Y,213971.6585,7238.905363,874722.5915,0.874722591,0.875395981
1928,MhMrMm,56,0,SC-8B,Y,237453.753,7238.905363,874722.5915,0.874722591,0.875395981
1929,MhMrMm,58,0,siteSC-9A,Y,258694.6456,7238.905363,874722.5915,0.874722591,0.875395981
1930,MhMrMm,59,0,siteSCoutlet170710,Y,263523.1099,7238.905363,874722.5915,0.874722591,0.875395981
1931,MhMrMm,60,0,siteSCoutlet170807,Y,267972.9067,7238.905363,874722.5915,0.874722591,0.875395981
1932,MhMrMm,78,0,siteSC-5B,Y,162850.4689,7238.905363,874722.5915,0.874722591,0.875395981
1933,MhMrMm,79,0,siteSC-6B,Y,194569.6103,7238.905363,874722.5915,0.874722591,0.875395981
1934,MhMrMm,82,0,siteSC-7B,Y,213971.6585,7238.905363,874722.5915,0.874722591,0.875395981
1935,Cx,56,0,SC-8B,Y,237453.753,7527.147283,1901080.2,1.9010802,1.902656311
1936,Cx,58,0,siteSC-9A,Y,258694.6456,7527.147283,1901080.2,1.9010802,1.902656311
1937,Cx,59,0,siteSCoutlet170710,Y,263523.1099,7527.147283,1901080.2,1.9010802,1.902656311
1938,Cx,60,0,siteSCoutlet170807,Y,267972.9067,7527.147283,1901080.2,1.9010802,1.902656311
1939,Cx,78,0,siteSC-5B,Y,162850.4689,7527.147283,1901080.2,1.9010802,1.902656311
1940,Cx,79,0,siteSC-6B,Y,194569.6103,7527.147283,1901080.2,1.9010802,1.902656311
1941,Cx,82,0,siteSC-7B,Y,213971.6585,7527.147283,1901080.2,1.9010802,1.902656311
1942,MhMrMm,56,0,SC-8B,Y,237453.753,7527.147283,1901080.2,1.9010802,1.902656311
1943,MhMrMm,58,0,siteSC-9A,Y,258694.6456,7527.147283,1901080.2,1.9010802,1.902656311
1944,MhMrMm,59,0,siteSCoutlet170710,Y,263523.1099,7527.147283,1901080.2,1.9010802,1.902656311
1945,MhMrMm,60,0,siteSCoutlet170807,Y,267972.9067,7527.147283,1901080.2,1.9010802,1.902656311
1946,MhMrMm,78,0,siteSC-5B,Y,162850.4689,7527.147283,1901080.2,1.9010802,1.902656311
1947,MhMrMm,79,0,siteSC-6B,Y,194569.6103,7527.147283,1901080.2,1.9010802,1.902656311
1948,MhMrMm,82,0,siteSC-7B,Y,213971.6585,7527.147283,1901080.2,1.9010802,1.902656311
1949,Af,56,0,SC-8B,Y,237453.753,4056.740162,605280.2448,0.605280245,0.605776467
1950,Af,58,0,siteSC-9A,Y,258694.6456,4056.740162,605280.2448,0.605280245,0.605776467
1951,Af,59,0,siteSCoutlet170710,Y,263523.1099,4056.740162,605280.2448,0.605280245,0.605776467
1952,Af,60,0,siteSCoutlet170807,Y,267972.9067,4056.740162,605280.2448,0.605280245,0.605776467
1953,Af,78,0,siteSC-5B,Y,162850.4689,4056.740162,605280.2448,0.605280245,0.605776467
1954,Af,79,0,siteSC-6B,Y,194569.6103,4056.740162,605280.2448,0.605280245,0.605776467
1955,Af,82,0,siteSC-7B,Y,213971.6585,4056.740162,605280.2448,0.605280245,0.605776467
1956,MhMrMm,56,0,SC-8B,Y,237453.753,4056.740162,605280.2448,0.605280245,0.605776467
1957,MhMrMm,58,0,siteSC-9A,Y,258694.6456,4056.740162,605280.2448,0.605280245,0.605776467
1958,MhMrMm,59,0,siteSCoutlet170710,Y,263523.1099,4056.740162,605280.2448,0.605280245,0.605776467
1959,MhMrMm,60,0,siteSCoutlet170807,Y,267972.9067,4056.740162,605280.2448,0.605280245,0.605776467
1960,MhMrMm,78,0,siteSC-5B,Y,162850.4689,4056.740162,605280.2448,0.605280245,0.605776467
1961,MhMrMm,79,0,siteSC-6B,Y,194569.6103,4056.740162,605280.2448,0.605280245,0.605776467
1962,MhMrMm,82,0,siteSC-7B,Y,213971.6585,4056.740162,605280.2448,0.605280245,0.605776467
1963,Af,56,0,SC-8B,Y,237453.753,9842.168072,1560718.387,1.560718387,1.562002009
1964,Af,58,0,siteSC-9A,Y,258694.6456,9842.168072,1560718.387,1.560718387,1.562002009
1965,Af,59,0,siteSCoutlet170710,Y,263523.1099,9842.168072,1560718.387,1.560718387,1.562002009
1966,Af,60,0,siteSCoutlet170807,Y,267972.9067,9842.168072,1560718.387,1.560718387,1.562002009
1967,Af,78,0,siteSC-5B,Y,162850.4689,9842.168072,1560718.387,1.560718387,1.562002009
1968,Af,79,0,siteSC-6B,Y,194569.6103,9842.168072,1560718.387,1.560718387,1.562002009
1969,Af,82,0,siteSC-7B,Y,213971.6585,9842.168072,1560718.387,1.560718387,1.562002009
1970,MhMrMm,56,0,SC-8B,Y,237453.753,9842.168072,1560718.387,1.560718387,1.562002009
1971,MhMrMm,58,0,siteSC-9A,Y,258694.6456,9842.168072,1560718.387,1.560718387,1.562002009
1972,MhMrMm,59,0,siteSCoutlet170710,Y,263523.1099,9842.168072,1560718.387,1.560718387,1.562002009
1973,MhMrMm,60,0,siteSCoutlet170807,Y,267972.9067,9842.168072,1560718.387,1.560718387,1.562002009
1974,MhMrMm,78,0,siteSC-5B,Y,162850.4689,9842.168072,1560718.387,1.560718387,1.562002009
1975,MhMrMm,79,0,siteSC-6B,Y,194569.6103,9842.168072,1560718.387,1.560718387,1.562002009
1976,MhMrMm,82,0,siteSC-7B,Y,213971.6585,9842.168072,1560718.387,1.560718387,1.562002009
1977,Gt,56,0,SC-8B,Y,237453.753,3083.066419,527336.5398,0.52733654,0.527719856
1978,Gt,58,0,siteSC-9A,Y,258694.6456,3083.066419,527336.5398,0.52733654,0.527719856
1979,Gt,59,0,siteSCoutlet170710,Y,263523.1099,3083.066419,527336.5398,0.52733654,0.527719856
1980,Gt,60,0,siteSCoutlet170807,Y,267972.9067,3083.066419,527336.5398,0.52733654,0.527719856
1981,Gt,78,0,siteSC-5B,Y,162850.4689,3083.066419,527336.5398,0.52733654,0.527719856
1982,Gt,79,0,siteSC-6B,Y,194569.6103,3083.066419,527336.5398,0.52733654,0.527719856
1983,Gt,82,0,siteSC-7B,Y,213971.6585,3083.066419,527336.5398,0.52733654,0.527719856
1984,MhMrMm,56,0,SC-8B,Y,237453.753,3083.066419,527336.5398,0.52733654,0.527719856
1985,MhMrMm,58,0,siteSC-9A,Y,258694.6456,3083.066419,527336.5398,0.52733654,0.527719856
1986,MhMrMm,59,0,siteSCoutlet170710,Y,263523.1099,3083.066419,527336.5398,0.52733654,0.527719856
1987,MhMrMm,60,0,siteSCoutlet170807,Y,267972.9067,3083.066419,527336.5398,0.52733654,0.527719856
1988,MhMrMm,78,0,siteSC-5B,Y,162850.4689,3083.066419,527336.5398,0.52733654,0.527719856
1989,MhMrMm,79,0,siteSC-6B,Y,194569.6103,3083.066419,527336.5398,0.52733654,0.527719856
1990,MhMrMm,82,0,siteSC-7B,Y,213971.6585,3083.066419,527336.5398,0.52733654,0.527719856
1991,fOpOfPO,56,0,SC-8B,Y,237453.753,164.5773876,468.8075371,0.000468808,0.000469003
1992,fOpOfPO,58,0,siteSC-9A,Y,258694.6456,164.5773876,468.8075371,0.000468808,0.000469003
1993,fOpOfPO,59,0,siteSCoutlet170710,Y,263523.1099,164.5773876,468.8075371,0.000468808,0.000469003
1994,fOpOfPO,60,0,siteSCoutlet170807,Y,267972.9067,164.5773876,468.8075371,0.000468808,0.000469003
1995,fOpOfPO,78,0,siteSC-5B,Y,162850.4689,164.5773876,468.8075371,0.000468808,0.000469003
1996,fOpOfPO,79,0,siteSC-6B,Y,194569.6103,164.5773876,468.8075371,0.000468808,0.000469003
1997,fOpOfPO,82,0,siteSC-7B,Y,213971.6585,164.5773876,468.8075371,0.000468808,0.000469003
1998,MhMrMm,56,0,SC-8B,Y,237453.753,164.5773876,468.8075371,0.000468808,0.000469003
1999,MhMrMm,58,0,siteSC-9A,Y,258694.6456,164.5773876,468.8075371,0.000468808,0.000469003
2000,MhMrMm,59,0,siteSCoutlet170710,Y,263523.1099,164.5773876,468.8075371,0.000468808,0.000469003
2001,MhMrMm,60,0,siteSCoutlet170807,Y,267972.9067,164.5773876,468.8075371,0.000468808,0.000469003
2002,MhMrMm,78,0,siteSC-5B,Y,162850.4689,164.5773876,468.8075371,0.000468808,0.000469003
2003,MhMrMm,79,0,siteSC-6B,Y,194569.6103,164.5773876,468.8075371,0.000468808,0.000469003
2004,MhMrMm,82,0,siteSC-7B,Y,213971.6585,164.5773876,468.8075371,0.000468808,0.000469003
2005,MhMrMm,56,0,SC-8B,Y,237453.753,2706.756931,301959.3007,0.301959301,0.302194197
2006,MhMrMm,58,0,siteSC-9A,Y,258694.6456,2706.756931,301959.3007,0.301959301,0.302194197
2007,MhMrMm,59,0,siteSCoutlet170710,Y,263523.1099,2706.756931,301959.3007,0.301959301,0.302194197
2008,MhMrMm,60,0,siteSCoutlet170807,Y,267972.9067,2706.756931,301959.3007,0.301959301,0.302194197
2009,MhMrMm,74,0,siteSC-4B,Y,112154.2356,2706.756931,301959.3007,0.301959301,0.302194197
2010,MhMrMm,78,0,siteSC-5B,Y,162850.4689,2706.756931,301959.3007,0.301959301,0.302194197
2011,MhMrMm,79,0,siteSC-6B,Y,194569.6103,2706.756931,301959.3007,0.301959301,0.302194197
2012,MhMrMm,82,0,siteSC-7B,Y,213971.6585,2706.756931,301959.3007,0.301959301,0.302194197
2013,Cx,56,0,SC-8B,Y,237453.753,10209.69477,1550221.561,1.550221561,1.551343607
2014,Cx,58,0,siteSC-9A,Y,258694.6456,10209.69477,1550221.561,1.550221561,1.551343607
2015,Cx,59,0,siteSCoutlet170710,Y,263523.1099,10209.69477,1550221.561,1.550221561,1.551343607
2016,Cx,60,0,siteSCoutlet170807,Y,267972.9067,10209.69477,1550221.561,1.550221561,1.551343607
2017,Cx,69,0,site19,Y,22391.73955,10209.69477,1550221.561,1.550221561,1.551343607
2018,Cx,78,0,siteSC-5B,Y,162850.4689,10209.69477,1550221.561,1.550221561,1.551343607
2019,Cx,79,0,siteSC-6B,Y,194569.6103,10209.69477,1550221.561,1.550221561,1.551343607
2020,Cx,82,0,siteSC-7B,Y,213971.6585,10209.69477,1550221.561,1.550221561,1.551343607
2021,Cx,56,0,SC-8B,Y,237453.753,527.9981112,4848.585675,0.004848586,0.004852829
2022,Cx,58,0,siteSC-9A,Y,258694.6456,527.9981112,4848.585675,0.004848586,0.004852829
2023,Cx,59,0,siteSCoutlet170710,Y,263523.1099,527.9981112,4848.585675,0.004848586,0.004852829
2024,Cx,60,0,siteSCoutlet170807,Y,267972.9067,527.9981112,4848.585675,0.004848586,0.004852829
2025,Cx,72,0,site37,Y,45537.58056,527.9981112,4848.585675,0.004848586,0.004852829
2026,Cx,78,0,siteSC-5B,Y,162850.4689,527.9981112,4848.585675,0.004848586,0.004852829
2027,Cx,79,0,siteSC-6B,Y,194569.6103,527.9981112,4848.585675,0.004848586,0.004852829
2028,Cx,82,0,siteSC-7B,Y,213971.6585,527.9981112,4848.585675,0.004848586,0.004852829
2029,Ct,56,0,SC-8B,Y,237453.753,5474.272794,722294.796,0.722294796,0.722851594
2030,Ct,58,0,siteSC-9A,Y,258694.6456,5474.272794,722294.796,0.722294796,0.722851594
2031,Ct,59,0,siteSCoutlet170710,Y,263523.1099,5474.272794,722294.796,0.722294796,0.722851594
2032,Ct,60,0,siteSCoutlet170807,Y,267972.9067,5474.272794,722294.796,0.722294796,0.722851594
2033,Ct,69,0,site19,Y,22391.73955,5474.272794,722294.796,0.722294796,0.722851594
2034,Ct,78,0,siteSC-5B,Y,162850.4689,5474.272794,722294.796,0.722294796,0.722851594
2035,Ct,79,0,siteSC-6B,Y,194569.6103,5474.272794,722294.796,0.722294796,0.722851594
2036,Ct,82,0,siteSC-7B,Y,213971.6585,5474.272794,722294.796,0.722294796,0.722851594
2037,Ct,56,0,SC-8B,Y,237453.753,7339.777053,1280101.148,1.280101148,1.28105722
2038,Ct,58,0,siteSC-9A,Y,258694.6456,7339.777053,1280101.148,1.280101148,1.28105722
2039,Ct,59,0,siteSCoutlet170710,Y,263523.1099,7339.777053,1280101.148,1.280101148,1.28105722
2040,Ct,60,0,siteSCoutlet170807,Y,267972.9067,7339.777053,1280101.148,1.280101148,1.28105722
2041,Ct,70,0,site5,Y,25525.5358,7339.777053,1280101.148,1.280101148,1.28105722
2042,Ct,78,0,siteSC-5B,Y,162850.4689,7339.777053,1280101.148,1.280101148,1.28105722
2043,Ct,79,0,siteSC-6B,Y,194569.6103,7339.777053,1280101.148,1.280101148,1.28105722
2044,Ct,82,0,siteSC-7B,Y,213971.6585,7339.777053,1280101.148,1.280101148,1.28105722
2045,Mv,56,0,SC-8B,Y,237453.753,596.1347353,5257.347363,0.005257347,0.005261087
2046,Mv,58,0,siteSC-9A,Y,258694.6456,596.1347353,5257.347363,0.005257347,0.005261087
2047,Mv,59,0,siteSCoutlet170710,Y,263523.1099,596.1347353,5257.347363,0.005257347,0.005261087
2048,Mv,60,0,siteSCoutlet170807,Y,267972.9067,596.1347353,5257.347363,0.005257347,0.005261087
2049,Mv,69,0,site19,Y,22391.73955,596.1347353,5257.347363,0.005257347,0.005261087
2050,Mv,78,0,siteSC-5B,Y,162850.4689,596.1347353,5257.347363,0.005257347,0.005261087
2051,Mv,79,0,siteSC-6B,Y,194569.6103,596.1347353,5257.347363,0.005257347,0.005261087
2052,Mv,82,0,siteSC-7B,Y,213971.6585,596.1347353,5257.347363,0.005257347,0.005261087
2053,Mv,56,0,SC-8B,Y,237453.753,14733.52916,2973300.064,2.973300064,2.975667314
2054,Mv,58,0,siteSC-9A,Y,258694.6456,14733.52916,2973300.064,2.973300064,2.975667314
2055,Mv,59,0,siteSCoutlet170710,Y,263523.1099,14733.52916,2973300.064,2.973300064,2.975667314
2056,Mv,60,0,siteSCoutlet170807,Y,267972.9067,14733.52916,2973300.064,2.973300064,2.975667314
2057,Mv,71,0,site36,Y,54545.36664,14733.52916,2973300.064,2.973300064,2.975667314
2058,Mv,78,0,siteSC-5B,Y,162850.4689,14733.52916,2973300.064,2.973300064,2.975667314
2059,Mv,79,0,siteSC-6B,Y,194569.6103,14733.52916,2973300.064,2.973300064,2.975667314
2060,Mv,82,0,siteSC-7B,Y,213971.6585,14733.52916,2973300.064,2.973300064,2.975667314
2061,Mv,56,0,SC-8B,Y,237453.753,15405.13681,2524361.24,2.52436124,2.526300706
2062,Mv,58,0,siteSC-9A,Y,258694.6456,15405.13681,2524361.24,2.52436124,2.526300706
2063,Mv,59,0,siteSCoutlet170710,Y,263523.1099,15405.13681,2524361.24,2.52436124,2.526300706
2064,Mv,60,0,siteSCoutlet170807,Y,267972.9067,15405.13681,2524361.24,2.52436124,2.526300706
2065,Mv,72,0,site37,Y,45537.58056,15405.13681,2524361.24,2.52436124,2.526300706
2066,Mv,78,0,siteSC-5B,Y,162850.4689,15405.13681,2524361.24,2.52436124,2.526300706
2067,Mv,79,0,siteSC-6B,Y,194569.6103,15405.13681,2524361.24,2.52436124,2.526300706
2068,Mv,82,0,siteSC-7B,Y,213971.6585,15405.13681,2524361.24,2.52436124,2.526300706
2069,R/Cv,56,0,SC-8B,Y,237453.753,1330.55183,126653.7468,0.126653747,0.126741704
2070,R/Cv,58,0,siteSC-9A,Y,258694.6456,1330.55183,126653.7468,0.126653747,0.126741704
2071,R/Cv,59,0,siteSCoutlet170710,Y,263523.1099,1330.55183,126653.7468,0.126653747,0.126741704
2072,R/Cv,60,0,siteSCoutlet170807,Y,267972.9067,1330.55183,126653.7468,0.126653747,0.126741704
2073,R/Cv,71,0,site36,Y,54545.36664,1330.55183,126653.7468,0.126653747,0.126741704
2074,R/Cv,78,0,siteSC-5B,Y,162850.4689,1330.55183,126653.7468,0.126653747,0.126741704
2075,R/Cv,79,0,siteSC-6B,Y,194569.6103,1330.55183,126653.7468,0.126653747,0.126741704
2076,R/Cv,82,0,siteSC-7B,Y,213971.6585,1330.55183,126653.7468,0.126653747,0.126741704
2077,R/Cv,56,0,SC-8B,Y,237453.753,2208.701682,368947.8244,0.368947824,0.369209269
2078,R/Cv,58,0,siteSC-9A,Y,258694.6456,2208.701682,368947.8244,0.368947824,0.369209269
2079,R/Cv,59,0,siteSCoutlet170710,Y,263523.1099,2208.701682,368947.8244,0.368947824,0.369209269
2080,R/Cv,60,0,siteSCoutlet170807,Y,267972.9067,2208.701682,368947.8244,0.368947824,0.369209269
2081,R/Cv,71,0,site36,Y,54545.36664,2208.701682,368947.8244,0.368947824,0.369209269
2082,R/Cv,78,0,siteSC-5B,Y,162850.4689,2208.701682,368947.8244,0.368947824,0.369209269
2083,R/Cv,79,0,siteSC-6B,Y,194569.6103,2208.701682,368947.8244,0.368947824,0.369209269
2084,R/Cv,82,0,siteSC-7B,Y,213971.6585,2208.701682,368947.8244,0.368947824,0.369209269
2085,Cx,56,0,SC-8B,Y,237453.753,11820.4494,1889990.326,1.889990326,1.891526334
2086,Cx,58,0,siteSC-9A,Y,258694.6456,11820.4494,1889990.326,1.889990326,1.891526334
2087,Cx,59,0,siteSCoutlet170710,Y,263523.1099,11820.4494,1889990.326,1.889990326,1.891526334
2088,Cx,60,0,siteSCoutlet170807,Y,267972.9067,11820.4494,1889990.326,1.889990326,1.891526334
2089,Cx,71,0,site36,Y,54545.36664,11820.4494,1889990.326,1.889990326,1.891526334
2090,Cx,78,0,siteSC-5B,Y,162850.4689,11820.4494,1889990.326,1.889990326,1.891526334
2091,Cx,79,0,siteSC-6B,Y,194569.6103,11820.4494,1889990.326,1.889990326,1.891526334
2092,Cx,82,0,siteSC-7B,Y,213971.6585,11820.4494,1889990.326,1.889990326,1.891526334
2093,MpMbMpv,56,0,SC-8B,Y,237453.753,181.4521368,769.9126255,0.000769913,0.00077047
2094,MpMbMpv,58,0,siteSC-9A,Y,258694.6456,181.4521368,769.9126255,0.000769913,0.00077047
2095,MpMbMpv,59,0,siteSCoutlet170710,Y,263523.1099,181.4521368,769.9126255,0.000769913,0.00077047
2096,MpMbMpv,60,0,siteSCoutlet170807,Y,267972.9067,181.4521368,769.9126255,0.000769913,0.00077047
2097,MpMbMpv,71,0,site36,Y,54545.36664,181.4521368,769.9126255,0.000769913,0.00077047
2098,MpMbMpv,78,0,siteSC-5B,Y,162850.4689,181.4521368,769.9126255,0.000769913,0.00077047
2099,MpMbMpv,79,0,siteSC-6B,Y,194569.6103,181.4521368,769.9126255,0.000769913,0.00077047
2100,MpMbMpv,82,0,siteSC-7B,Y,213971.6585,181.4521368,769.9126255,0.000769913,0.00077047
2101,MpMbMpv,56,0,SC-8B,Y,237453.753,833.5589129,6756.681883,0.006756682,0.006758071
2102,MpMbMpv,58,0,siteSC-9A,Y,258694.6456,833.5589129,6756.681883,0.006756682,0.006758071
2103,MpMbMpv,59,0,siteSCoutlet170710,Y,263523.1099,833.5589129,6756.681883,0.006756682,0.006758071
2104,MpMbMpv,60,0,siteSCoutlet170807,Y,267972.9067,833.5589129,6756.681883,0.006756682,0.006758071
2105,MpMbMpv,71,0,site36,Y,54545.36664,833.5589129,6756.681883,0.006756682,0.006758071
2106,MpMbMpv,78,0,siteSC-5B,Y,162850.4689,833.5589129,6756.681883,0.006756682,0.006758071
2107,MpMbMpv,79,0,siteSC-6B,Y,194569.6103,833.5589129,6756.681883,0.006756682,0.006758071
2108,MpMbMpv,82,0,siteSC-7B,Y,213971.6585,833.5589129,6756.681883,0.006756682,0.006758071
2109,R/Cv,56,0,SC-8B,Y,237453.753,2917.190262,334977.5169,0.334977517,0.335231026
2110,R/Cv,58,0,siteSC-9A,Y,258694.6456,2917.190262,334977.5169,0.334977517,0.335231026
2111,R/Cv,59,0,siteSCoutlet170710,Y,263523.1099,2917.190262,334977.5169,0.334977517,0.335231026
2112,R/Cv,60,0,siteSCoutlet170807,Y,267972.9067,2917.190262,334977.5169,0.334977517,0.335231026
2113,R/Cv,71,0,site36,Y,54545.36664,2917.190262,334977.5169,0.334977517,0.335231026
2114,R/Cv,78,0,siteSC-5B,Y,162850.4689,2917.190262,334977.5169,0.334977517,0.335231026
2115,R/Cv,79,0,siteSC-6B,Y,194569.6103,2917.190262,334977.5169,0.334977517,0.335231026
2116,R/Cv,82,0,siteSC-7B,Y,213971.6585,2917.190262,334977.5169,0.334977517,0.335231026
2117,Cx,56,0,SC-8B,Y,237453.753,6684.971393,700979.5159,0.700979516,0.701496298
2118,Cx,58,0,siteSC-9A,Y,258694.6456,6684.971393,700979.5159,0.700979516,0.701496298
2119,Cx,59,0,siteSCoutlet170710,Y,263523.1099,6684.971393,700979.5159,0.700979516,0.701496298
2120,Cx,60,0,siteSCoutlet170807,Y,267972.9067,6684.971393,700979.5159,0.700979516,0.701496298
2121,Cx,74,0,siteSC-4B,Y,112154.2356,6684.971393,700979.5159,0.700979516,0.701496298
2122,Cx,78,0,siteSC-5B,Y,162850.4689,6684.971393,700979.5159,0.700979516,0.701496298
2123,Cx,79,0,siteSC-6B,Y,194569.6103,6684.971393,700979.5159,0.700979516,0.701496298
2124,Cx,82,0,siteSC-7B,Y,213971.6585,6684.971393,700979.5159,0.700979516,0.701496298
2125,Cy,56,0,SC-8B,Y,237453.753,1992.009184,108757.1825,0.108757182,0.108841594
2126,Cy,58,0,siteSC-9A,Y,258694.6456,1992.009184,108757.1825,0.108757182,0.108841594
2127,Cy,59,0,siteSCoutlet170710,Y,263523.1099,1992.009184,108757.1825,0.108757182,0.108841594
2128,Cy,60,0,siteSCoutlet170807,Y,267972.9067,1992.009184,108757.1825,0.108757182,0.108841594
2129,Cy,74,0,siteSC-4B,Y,112154.2356,1992.009184,108757.1825,0.108757182,0.108841594
2130,Cy,78,0,siteSC-5B,Y,162850.4689,1992.009184,108757.1825,0.108757182,0.108841594
2131,Cy,79,0,siteSC-6B,Y,194569.6103,1992.009184,108757.1825,0.108757182,0.108841594
2132,Cy,82,0,siteSC-7B,Y,213971.6585,1992.009184,108757.1825,0.108757182,0.108841594
2133,Cv,56,0,SC-8B,Y,237453.753,5176.520747,805488.1085,0.805488108,0.806117246
2134,Cv,58,0,siteSC-9A,Y,258694.6456,5176.520747,805488.1085,0.805488108,0.806117246
2135,Cv,59,0,siteSCoutlet170710,Y,263523.1099,5176.520747,805488.1085,0.805488108,0.806117246
2136,Cv,60,0,siteSCoutlet170807,Y,267972.9067,5176.520747,805488.1085,0.805488108,0.806117246
2137,Cv,74,0,siteSC-4B,Y,112154.2356,5176.520747,805488.1085,0.805488108,0.806117246
2138,Cv,78,0,siteSC-5B,Y,162850.4689,5176.520747,805488.1085,0.805488108,0.806117246
2139,Cv,79,0,siteSC-6B,Y,194569.6103,5176.520747,805488.1085,0.805488108,0.806117246
2140,Cv,82,0,siteSC-7B,Y,213971.6585,5176.520747,805488.1085,0.805488108,0.806117246
2141,Cx,36,0,SEDNTS1000150821,Y,17106.99654,792.3748852,11232.15996,0.01123216,0.011240795
2142,Cx,37,0,HAUPTS2160617,Y,18863.82625,792.3748852,11232.15996,0.01123216,0.011240795
2143,Cx,38,0,HAUPTS22160726,Y,18972.16236,792.3748852,11232.15996,0.01123216,0.011240795
2144,Cx,40,0,HADNTS3160726,Y,19759.42525,792.3748852,11232.15996,0.01123216,0.011240795
2145,Cx,41,0,S2UPTS4160617,Y,21949.53018,792.3748852,11232.15996,0.01123216,0.011240795
2146,Cx,43,0,S2DNTS5160617,Y,24551.93494,792.3748852,11232.15996,0.01123216,0.011240795
2147,Cx,44,0,S3UPTS6160730,Y,25887.85677,792.3748852,11232.15996,0.01123216,0.011240795
2148,Cx,46,0,S3DNTS7160730,Y,39206.58459,792.3748852,11232.15996,0.01123216,0.011240795
2149,R/Cv,56,0,SC-8B,Y,237453.753,12021.54542,1975239.637,1.975239637,1.976761309
2150,R/Cv,58,0,siteSC-9A,Y,258694.6456,12021.54542,1975239.637,1.975239637,1.976761309
2151,R/Cv,59,0,siteSCoutlet170710,Y,263523.1099,12021.54542,1975239.637,1.975239637,1.976761309
2152,R/Cv,60,0,siteSCoutlet170807,Y,267972.9067,12021.54542,1975239.637,1.975239637,1.976761309
2153,R/Cv,69,0,site19,Y,22391.73955,12021.54542,1975239.637,1.975239637,1.976761309
2154,R/Cv,78,0,siteSC-5B,Y,162850.4689,12021.54542,1975239.637,1.975239637,1.976761309
2155,R/Cv,79,0,siteSC-6B,Y,194569.6103,12021.54542,1975239.637,1.975239637,1.976761309
2156,R/Cv,82,0,siteSC-7B,Y,213971.6585,12021.54542,1975239.637,1.975239637,1.976761309
2157,R/Cv,56,0,SC-8B,Y,237453.753,30478.16648,10481903.49,10.48190349,10.48973517
2158,R/Cv,58,0,siteSC-9A,Y,258694.6456,30478.16648,10481903.49,10.48190349,10.48973517
2159,R/Cv,59,0,siteSCoutlet170710,Y,263523.1099,30478.16648,10481903.49,10.48190349,10.48973517
2160,R/Cv,60,0,siteSCoutlet170807,Y,267972.9067,30478.16648,10481903.49,10.48190349,10.48973517
2161,R/Cv,71,0,site36,Y,54545.36664,30478.16648,10481903.49,10.48190349,10.48973517
2162,R/Cv,78,0,siteSC-5B,Y,162850.4689,30478.16648,10481903.49,10.48190349,10.48973517
2163,R/Cv,79,0,siteSC-6B,Y,194569.6103,30478.16648,10481903.49,10.48190349,10.48973517
2164,R/Cv,82,0,siteSC-7B,Y,213971.6585,30478.16648,10481903.49,10.48190349,10.48973517
2165,R/Cv,56,0,SC-8B,Y,237453.753,14631.29579,2836395.861,2.836395861,2.838602044
2166,R/Cv,58,0,siteSC-9A,Y,258694.6456,14631.29579,2836395.861,2.836395861,2.838602044
2167,R/Cv,59,0,siteSCoutlet170710,Y,263523.1099,14631.29579,2836395.861,2.836395861,2.838602044
2168,R/Cv,60,0,siteSCoutlet170807,Y,267972.9067,14631.29579,2836395.861,2.836395861,2.838602044
2169,R/Cv,72,0,site37,Y,45537.58056,14631.29579,2836395.861,2.836395861,2.838602044
2170,R/Cv,78,0,siteSC-5B,Y,162850.4689,14631.29579,2836395.861,2.836395861,2.838602044
2171,R/Cv,79,0,siteSC-6B,Y,194569.6103,14631.29579,2836395.861,2.836395861,2.838602044
2172,R/Cv,82,0,siteSC-7B,Y,213971.6585,14631.29579,2836395.861,2.836395861,2.838602044
2173,R/Cv,56,0,SC-8B,Y,237453.753,264.2804144,1388.548529,0.001388549,0.001389097
2174,R/Cv,58,0,siteSC-9A,Y,258694.6456,264.2804144,1388.548529,0.001388549,0.001389097
2175,R/Cv,59,0,siteSCoutlet170710,Y,263523.1099,264.2804144,1388.548529,0.001388549,0.001389097
2176,R/Cv,60,0,siteSCoutlet170807,Y,267972.9067,264.2804144,1388.548529,0.001388549,0.001389097
2177,R/Cv,72,0,site37,Y,45537.58056,264.2804144,1388.548529,0.001388549,0.001389097
2178,R/Cv,78,0,siteSC-5B,Y,162850.4689,264.2804144,1388.548529,0.001388549,0.001389097
2179,R/Cv,79,0,siteSC-6B,Y,194569.6103,264.2804144,1388.548529,0.001388549,0.001389097
2180,R/Cv,82,0,siteSC-7B,Y,213971.6585,264.2804144,1388.548529,0.001388549,0.001389097
2181,Mv,56,0,SC-8B,Y,237453.753,5582.775335,467293.9821,0.467293982,0.467648325
2182,Mv,58,0,siteSC-9A,Y,258694.6456,5582.775335,467293.9821,0.467293982,0.467648325
2183,Mv,59,0,siteSCoutlet170710,Y,263523.1099,5582.775335,467293.9821,0.467293982,0.467648325
2184,Mv,60,0,siteSCoutlet170807,Y,267972.9067,5582.775335,467293.9821,0.467293982,0.467648325
2185,Mv,69,0,site19,Y,22391.73955,5582.775335,467293.9821,0.467293982,0.467648325
2186,Mv,78,0,siteSC-5B,Y,162850.4689,5582.775335,467293.9821,0.467293982,0.467648325
2187,Mv,79,0,siteSC-6B,Y,194569.6103,5582.775335,467293.9821,0.467293982,0.467648325
2188,Mv,82,0,siteSC-7B,Y,213971.6585,5582.775335,467293.9821,0.467293982,0.467648325
2189,Mv,56,0,SC-8B,Y,237453.753,10503.5146,3368313.561,3.368313561,3.370889853
2190,Mv,58,0,siteSC-9A,Y,258694.6456,10503.5146,3368313.561,3.368313561,3.370889853
2191,Mv,59,0,siteSCoutlet170710,Y,263523.1099,10503.5146,3368313.561,3.368313561,3.370889853
2192,Mv,60,0,siteSCoutlet170807,Y,267972.9067,10503.5146,3368313.561,3.368313561,3.370889853
2193,Mv,70,0,site5,Y,25525.5358,10503.5146,3368313.561,3.368313561,3.370889853
2194,Mv,78,0,siteSC-5B,Y,162850.4689,10503.5146,3368313.561,3.368313561,3.370889853
2195,Mv,79,0,siteSC-6B,Y,194569.6103,10503.5146,3368313.561,3.368313561,3.370889853
2196,Mv,82,0,siteSC-7B,Y,213971.6585,10503.5146,3368313.561,3.368313561,3.370889853
2197,MhMrMm,56,0,SC-8B,Y,237453.753,1841.216063,68773.22098,0.068773221,0.068827472
2198,MhMrMm,58,0,siteSC-9A,Y,258694.6456,1841.216063,68773.22098,0.068773221,0.068827472
2199,MhMrMm,59,0,siteSCoutlet170710,Y,263523.1099,1841.216063,68773.22098,0.068773221,0.068827472
2200,MhMrMm,60,0,siteSCoutlet170807,Y,267972.9067,1841.216063,68773.22098,0.068773221,0.068827472
2201,MhMrMm,68,0,site20,Y,12077.91629,1841.216063,68773.22098,0.068773221,0.068827472
2202,MhMrMm,78,0,siteSC-5B,Y,162850.4689,1841.216063,68773.22098,0.068773221,0.068827472
2203,MhMrMm,79,0,siteSC-6B,Y,194569.6103,1841.216063,68773.22098,0.068773221,0.068827472
2204,MhMrMm,82,0,siteSC-7B,Y,213971.6585,1841.216063,68773.22098,0.068773221,0.068827472
2205,MhMrMm,56,0,SC-8B,Y,237453.753,17000.82595,7859399.17,7.85939917,7.865813516
2206,MhMrMm,58,0,siteSC-9A,Y,258694.6456,17000.82595,7859399.17,7.85939917,7.865813516
2207,MhMrMm,59,0,siteSCoutlet170710,Y,263523.1099,17000.82595,7859399.17,7.85939917,7.865813516
2208,MhMrMm,60,0,siteSCoutlet170807,Y,267972.9067,17000.82595,7859399.17,7.85939917,7.865813516
2209,MhMrMm,72,0,site37,Y,45537.58056,17000.82595,7859399.17,7.85939917,7.865813516
2210,MhMrMm,78,0,siteSC-5B,Y,162850.4689,17000.82595,7859399.17,7.85939917,7.865813516
2211,MhMrMm,79,0,siteSC-6B,Y,194569.6103,17000.82595,7859399.17,7.85939917,7.865813516
2212,MhMrMm,82,0,siteSC-7B,Y,213971.6585,17000.82595,7859399.17,7.85939917,7.865813516
2213,MpMbMpv,11,0,SDDN150704,Y,6210.417495,2990.829057,101589.5327,0.101589533,0.10167003
2214,MpMbMpv,12,0,site48,Y,6349.769336,2990.829057,101589.5327,0.101589533,0.10167003
2215,MpMbMpv,13,0,SDDNTS100150704,Y,6396.227028,2990.829057,101589.5327,0.101589533,0.10167003
2216,MpMbMpv,14,0,SDDNTS200150704,Y,6690.215488,2990.829057,101589.5327,0.101589533,0.10167003
2217,MpMbMpv,15,0,SDDNTS300150704,Y,6912.094798,2990.829057,101589.5327,0.101589533,0.10167003
2218,MpMbMpv,16,0,SDDNTS400150704,Y,7087.512259,2990.829057,101589.5327,0.101589533,0.10167003
2219,MpMbMpv,45,0,S3INTSINFLOW3160730,Y,35682.3182,2990.829057,101589.5327,0.101589533,0.10167003
2220,MpMbMpv,46,0,S3DNTS7160730,Y,39206.58459,2990.829057,101589.5327,0.101589533,0.10167003
2221,MpMbMpv,36,0,SEDNTS1000150821,Y,17106.99654,1479.186003,22947.11604,0.022947116,0.022965395
2222,MpMbMpv,37,0,HAUPTS2160617,Y,18863.82625,1479.186003,22947.11604,0.022947116,0.022965395
2223,MpMbMpv,38,0,HAUPTS22160726,Y,18972.16236,1479.186003,22947.11604,0.022947116,0.022965395
2224,MpMbMpv,40,0,HADNTS3160726,Y,19759.42525,1479.186003,22947.11604,0.022947116,0.022965395
2225,MpMbMpv,41,0,S2UPTS4160617,Y,21949.53018,1479.186003,22947.11604,0.022947116,0.022965395
2226,MpMbMpv,43,0,S2DNTS5160617,Y,24551.93494,1479.186003,22947.11604,0.022947116,0.022965395
2227,MpMbMpv,44,0,S3UPTS6160730,Y,25887.85677,1479.186003,22947.11604,0.022947116,0.022965395
2228,MpMbMpv,46,0,S3DNTS7160730,Y,39206.58459,1479.186003,22947.11604,0.022947116,0.022965395
2229,MpMbMpv,11,0,SDDN150704,Y,6210.417495,147.4711655,730.4035749,0.000730404,0.000730867
2230,MpMbMpv,12,0,site48,Y,6349.769336,147.4711655,730.4035749,0.000730404,0.000730867
2231,MpMbMpv,13,0,SDDNTS100150704,Y,6396.227028,147.4711655,730.4035749,0.000730404,0.000730867
2232,MpMbMpv,14,0,SDDNTS200150704,Y,6690.215488,147.4711655,730.4035749,0.000730404,0.000730867
2233,MpMbMpv,15,0,SDDNTS300150704,Y,6912.094798,147.4711655,730.4035749,0.000730404,0.000730867
2234,MpMbMpv,16,0,SDDNTS400150704,Y,7087.512259,147.4711655,730.4035749,0.000730404,0.000730867
2235,MpMbMpv,45,0,S3INTSINFLOW3160730,Y,35682.3182,147.4711655,730.4035749,0.000730404,0.000730867
2236,MpMbMpv,46,0,S3DNTS7160730,Y,39206.58459,147.4711655,730.4035749,0.000730404,0.000730867
2237,ApAt,56,0,SC-8B,Y,237453.753,15.5667913,1.804269869,1.80427E-06,1.80397E-06
2238,ApAt,58,0,siteSC-9A,Y,258694.6456,15.5667913,1.804269869,1.80427E-06,1.80397E-06
2239,ApAt,59,0,siteSCoutlet170710,Y,263523.1099,15.5667913,1.804269869,1.80427E-06,1.80397E-06
2240,ApAt,60,0,siteSCoutlet170807,Y,267972.9067,15.5667913,1.804269869,1.80427E-06,1.80397E-06
2241,ApAt,71,0,site36,Y,54545.36664,15.5667913,1.804269869,1.80427E-06,1.80397E-06
2242,ApAt,78,0,siteSC-5B,Y,162850.4689,15.5667913,1.804269869,1.80427E-06,1.80397E-06
2243,ApAt,79,0,siteSC-6B,Y,194569.6103,15.5667913,1.804269869,1.80427E-06,1.80397E-06
2244,ApAt,82,0,siteSC-7B,Y,213971.6585,15.5667913,1.804269869,1.80427E-06,1.80397E-06
2245,Mv,56,0,SC-8B,Y,237453.753,15.5667913,1.804269869,1.80427E-06,1.80397E-06
2246,Mv,58,0,siteSC-9A,Y,258694.6456,15.5667913,1.804269869,1.80427E-06,1.80397E-06
2247,Mv,59,0,siteSCoutlet170710,Y,263523.1099,15.5667913,1.804269869,1.80427E-06,1.80397E-06
2248,Mv,60,0,siteSCoutlet170807,Y,267972.9067,15.5667913,1.804269869,1.80427E-06,1.80397E-06
2249,Mv,71,0,site36,Y,54545.36664,15.5667913,1.804269869,1.80427E-06,1.80397E-06
2250,Mv,78,0,siteSC-5B,Y,162850.4689,15.5667913,1.804269869,1.80427E-06,1.80397E-06
2251,Mv,79,0,siteSC-6B,Y,194569.6103,15.5667913,1.804269869,1.80427E-06,1.80397E-06
2252,Mv,82,0,siteSC-7B,Y,213971.6585,15.5667913,1.804269869,1.80427E-06,1.80397E-06
2253,Mv,56,0,SC-8B,Y,237453.753,80.4644073,394.1779175,0.000394178,0.000394442
2254,Mv,58,0,siteSC-9A,Y,258694.6456,80.4644073,394.1779175,0.000394178,0.000394442
2255,Mv,59,0,siteSCoutlet170710,Y,263523.1099,80.4644073,394.1779175,0.000394178,0.000394442
2256,Mv,60,0,siteSCoutlet170807,Y,267972.9067,80.4644073,394.1779175,0.000394178,0.000394442
2257,Mv,74,0,siteSC-4B,Y,112154.2356,80.4644073,394.1779175,0.000394178,0.000394442
2258,Mv,78,0,siteSC-5B,Y,162850.4689,80.4644073,394.1779175,0.000394178,0.000394442
2259,Mv,79,0,siteSC-6B,Y,194569.6103,80.4644073,394.1779175,0.000394178,0.000394442
2260,Mv,82,0,siteSC-7B,Y,213971.6585,80.4644073,394.1779175,0.000394178,0.000394442
2261,MpMbMpv,56,0,SC-8B,Y,237453.753,80.4644073,394.1779175,0.000394178,0.000394442
2262,MpMbMpv,58,0,siteSC-9A,Y,258694.6456,80.4644073,394.1779175,0.000394178,0.000394442
2263,MpMbMpv,59,0,siteSCoutlet170710,Y,263523.1099,80.4644073,394.1779175,0.000394178,0.000394442
2264,MpMbMpv,60,0,siteSCoutlet170807,Y,267972.9067,80.4644073,394.1779175,0.000394178,0.000394442
2265,MpMbMpv,74,0,siteSC-4B,Y,112154.2356,80.4644073,394.1779175,0.000394178,0.000394442
2266,MpMbMpv,78,0,siteSC-5B,Y,162850.4689,80.4644073,394.1779175,0.000394178,0.000394442
2267,MpMbMpv,79,0,siteSC-6B,Y,194569.6103,80.4644073,394.1779175,0.000394178,0.000394442
2268,MpMbMpv,82,0,siteSC-7B,Y,213971.6585,80.4644073,394.1779175,0.000394178,0.000394442
2269,Mv,56,0,SC-8B,Y,237453.753,501.7748712,0.365617542,3.65618E-07,3.60456E-07
2270,Mv,58,0,siteSC-9A,Y,258694.6456,501.7748712,0.365617542,3.65618E-07,3.60456E-07
2271,Mv,59,0,siteSCoutlet170710,Y,263523.1099,501.7748712,0.365617542,3.65618E-07,3.60456E-07
2272,Mv,60,0,siteSCoutlet170807,Y,267972.9067,501.7748712,0.365617542,3.65618E-07,3.60456E-07
2273,Mv,64,0,site8,Y,26835.75552,501.7748712,0.365617542,3.65618E-07,3.60456E-07
2274,Mv,74,0,siteSC-4B,Y,112154.2356,501.7748712,0.365617542,3.65618E-07,3.60456E-07
2275,Mv,78,0,siteSC-5B,Y,162850.4689,501.7748712,0.365617542,3.65618E-07,3.60456E-07
2276,Mv,79,0,siteSC-6B,Y,194569.6103,501.7748712,0.365617542,3.65618E-07,3.60456E-07
2277,Mv,82,0,siteSC-7B,Y,213971.6585,501.7748712,0.365617542,3.65618E-07,3.60456E-07
2278,Mv,56,0,SC-8B,Y,237453.753,12856.38972,847672.1817,0.847672182,0.848264025
2279,Mv,58,0,siteSC-9A,Y,258694.6456,12856.38972,847672.1817,0.847672182,0.848264025
2280,Mv,59,0,siteSCoutlet170710,Y,263523.1099,12856.38972,847672.1817,0.847672182,0.848264025
2281,Mv,60,0,siteSCoutlet170807,Y,267972.9067,12856.38972,847672.1817,0.847672182,0.848264025
2282,Mv,67,0,siteSC-3B,Y,80412.83247,12856.38972,847672.1817,0.847672182,0.848264025
2283,Mv,74,0,siteSC-4B,Y,112154.2356,12856.38972,847672.1817,0.847672182,0.848264025
2284,Mv,78,0,siteSC-5B,Y,162850.4689,12856.38972,847672.1817,0.847672182,0.848264025
2285,Mv,79,0,siteSC-6B,Y,194569.6103,12856.38972,847672.1817,0.847672182,0.848264025
2286,Mv,82,0,siteSC-7B,Y,213971.6585,12856.38972,847672.1817,0.847672182,0.848264025
2287,Mv,10,0,SDUP150704,Y,5570.449787,5176.499244,889085.049,0.889085049,0.88978138
2288,Mv,11,0,SDDN150704,Y,6210.417495,5176.499244,889085.049,0.889085049,0.88978138
2289,Mv,12,0,site48,Y,6349.769336,5176.499244,889085.049,0.889085049,0.88978138
2290,Mv,13,0,SDDNTS100150704,Y,6396.227028,5176.499244,889085.049,0.889085049,0.88978138
2291,Mv,14,0,SDDNTS200150704,Y,6690.215488,5176.499244,889085.049,0.889085049,0.88978138
2292,Mv,15,0,SDDNTS300150704,Y,6912.094798,5176.499244,889085.049,0.889085049,0.88978138
2293,Mv,16,0,SDDNTS400150704,Y,7087.512259,5176.499244,889085.049,0.889085049,0.88978138
2294,Mv,45,0,S3INTSINFLOW3160730,Y,35682.3182,5176.499244,889085.049,0.889085049,0.88978138
2295,Mv,46,0,S3DNTS7160730,Y,39206.58459,5176.499244,889085.049,0.889085049,0.88978138
2296,Mv,56,0,SC-8B,Y,237453.753,18753.77121,6639335.725,6.639335725,6.644274427
2297,Mv,58,0,siteSC-9A,Y,258694.6456,18753.77121,6639335.725,6.639335725,6.644274427
2298,Mv,59,0,siteSCoutlet170710,Y,263523.1099,18753.77121,6639335.725,6.639335725,6.644274427
2299,Mv,60,0,siteSCoutlet170807,Y,267972.9067,18753.77121,6639335.725,6.639335725,6.644274427
2300,Mv,67,0,siteSC-3B,Y,80412.83247,18753.77121,6639335.725,6.639335725,6.644274427
2301,Mv,74,0,siteSC-4B,Y,112154.2356,18753.77121,6639335.725,6.639335725,6.644274427
2302,Mv,78,0,siteSC-5B,Y,162850.4689,18753.77121,6639335.725,6.639335725,6.644274427
2303,Mv,79,0,siteSC-6B,Y,194569.6103,18753.77121,6639335.725,6.639335725,6.644274427
2304,Mv,82,0,siteSC-7B,Y,213971.6585,18753.77121,6639335.725,6.639335725,6.644274427
2305,MhMrMm,56,0,SC-8B,Y,237453.753,6086.510322,1423932.903,1.423932903,1.425060511
2306,MhMrMm,58,0,siteSC-9A,Y,258694.6456,6086.510322,1423932.903,1.423932903,1.425060511
2307,MhMrMm,59,0,siteSCoutlet170710,Y,263523.1099,6086.510322,1423932.903,1.423932903,1.425060511
2308,MhMrMm,60,0,siteSCoutlet170807,Y,267972.9067,6086.510322,1423932.903,1.423932903,1.425060511
2309,MhMrMm,77,0,site35,Y,9064.966602,6086.510322,1423932.903,1.423932903,1.425060511
2310,MhMrMm,78,0,siteSC-5B,Y,162850.4689,6086.510322,1423932.903,1.423932903,1.425060511
2311,MhMrMm,79,0,siteSC-6B,Y,194569.6103,6086.510322,1423932.903,1.423932903,1.425060511
2312,MhMrMm,82,0,siteSC-7B,Y,213971.6585,6086.510322,1423932.903,1.423932903,1.425060511
2313,MhMrMm,56,0,SC-8B,Y,237453.753,6086.510322,1423932.903,1.423932903,1.425060511
2314,MhMrMm,58,0,siteSC-9A,Y,258694.6456,6086.510322,1423932.903,1.423932903,1.425060511
2315,MhMrMm,59,0,siteSCoutlet170710,Y,263523.1099,6086.510322,1423932.903,1.423932903,1.425060511
2316,MhMrMm,60,0,siteSCoutlet170807,Y,267972.9067,6086.510322,1423932.903,1.423932903,1.425060511
2317,MhMrMm,77,0,site35,Y,9064.966602,6086.510322,1423932.903,1.423932903,1.425060511
2318,MhMrMm,78,0,siteSC-5B,Y,162850.4689,6086.510322,1423932.903,1.423932903,1.425060511
2319,MhMrMm,79,0,siteSC-6B,Y,194569.6103,6086.510322,1423932.903,1.423932903,1.425060511
2320,MhMrMm,82,0,siteSC-7B,Y,213971.6585,6086.510322,1423932.903,1.423932903,1.425060511
2321,Mv,56,0,SC-8B,Y,237453.753,29.10524515,11.16776708,1.11678E-05,1.11711E-05
2322,Mv,58,0,siteSC-9A,Y,258694.6456,29.10524515,11.16776708,1.11678E-05,1.11711E-05
2323,Mv,59,0,siteSCoutlet170710,Y,263523.1099,29.10524515,11.16776708,1.11678E-05,1.11711E-05
2324,Mv,60,0,siteSCoutlet170807,Y,267972.9067,29.10524515,11.16776708,1.11678E-05,1.11711E-05
2325,Mv,74,0,siteSC-4B,Y,112154.2356,29.10524515,11.16776708,1.11678E-05,1.11711E-05
2326,Mv,78,0,siteSC-5B,Y,162850.4689,29.10524515,11.16776708,1.11678E-05,1.11711E-05
2327,Mv,79,0,siteSC-6B,Y,194569.6103,29.10524515,11.16776708,1.11678E-05,1.11711E-05
2328,Mv,82,0,siteSC-7B,Y,213971.6585,29.10524515,11.16776708,1.11678E-05,1.11711E-05
2329,MpMbMpv,56,0,SC-8B,Y,237453.753,29.10524515,11.16776708,1.11678E-05,1.11711E-05
2330,MpMbMpv,58,0,siteSC-9A,Y,258694.6456,29.10524515,11.16776708,1.11678E-05,1.11711E-05
2331,MpMbMpv,59,0,siteSCoutlet170710,Y,263523.1099,29.10524515,11.16776708,1.11678E-05,1.11711E-05
2332,MpMbMpv,60,0,siteSCoutlet170807,Y,267972.9067,29.10524515,11.16776708,1.11678E-05,1.11711E-05
2333,MpMbMpv,74,0,siteSC-4B,Y,112154.2356,29.10524515,11.16776708,1.11678E-05,1.11711E-05
2334,MpMbMpv,78,0,siteSC-5B,Y,162850.4689,29.10524515,11.16776708,1.11678E-05,1.11711E-05
2335,MpMbMpv,79,0,siteSC-6B,Y,194569.6103,29.10524515,11.16776708,1.11678E-05,1.11711E-05
2336,MpMbMpv,82,0,siteSC-7B,Y,213971.6585,29.10524515,11.16776708,1.11678E-05,1.11711E-05
2337,Mv,56,0,SC-8B,Y,237453.753,5076.209116,443546.9684,0.443546968,0.443879607
2338,Mv,58,0,siteSC-9A,Y,258694.6456,5076.209116,443546.9684,0.443546968,0.443879607
2339,Mv,59,0,siteSCoutlet170710,Y,263523.1099,5076.209116,443546.9684,0.443546968,0.443879607
2340,Mv,60,0,siteSCoutlet170807,Y,267972.9067,5076.209116,443546.9684,0.443546968,0.443879607
2341,Mv,67,0,siteSC-3B,Y,80412.83247,5076.209116,443546.9684,0.443546968,0.443879607
2342,Mv,74,0,siteSC-4B,Y,112154.2356,5076.209116,443546.9684,0.443546968,0.443879607
2343,Mv,78,0,siteSC-5B,Y,162850.4689,5076.209116,443546.9684,0.443546968,0.443879607
2344,Mv,79,0,siteSC-6B,Y,194569.6103,5076.209116,443546.9684,0.443546968,0.443879607
2345,Mv,82,0,siteSC-7B,Y,213971.6585,5076.209116,443546.9684,0.443546968,0.443879607
2346,Gt,56,0,SC-8B,Y,237453.753,1227.457585,18605.39655,0.018605397,0.018618046
2347,Gt,58,0,siteSC-9A,Y,258694.6456,1227.457585,18605.39655,0.018605397,0.018618046
2348,Gt,59,0,siteSCoutlet170710,Y,263523.1099,1227.457585,18605.39655,0.018605397,0.018618046
2349,Gt,60,0,siteSCoutlet170807,Y,267972.9067,1227.457585,18605.39655,0.018605397,0.018618046
2350,Gt,78,0,siteSC-5B,Y,162850.4689,1227.457585,18605.39655,0.018605397,0.018618046
2351,Gt,79,0,siteSC-6B,Y,194569.6103,1227.457585,18605.39655,0.018605397,0.018618046
2352,Gt,82,0,siteSC-7B,Y,213971.6585,1227.457585,18605.39655,0.018605397,0.018618046
2353,MhMrMm,56,0,SC-8B,Y,237453.753,1227.457585,18605.39655,0.018605397,0.018618046
2354,MhMrMm,58,0,siteSC-9A,Y,258694.6456,1227.457585,18605.39655,0.018605397,0.018618046
2355,MhMrMm,59,0,siteSCoutlet170710,Y,263523.1099,1227.457585,18605.39655,0.018605397,0.018618046
2356,MhMrMm,60,0,siteSCoutlet170807,Y,267972.9067,1227.457585,18605.39655,0.018605397,0.018618046
2357,MhMrMm,78,0,siteSC-5B,Y,162850.4689,1227.457585,18605.39655,0.018605397,0.018618046
2358,MhMrMm,79,0,siteSC-6B,Y,194569.6103,1227.457585,18605.39655,0.018605397,0.018618046
2359,MhMrMm,82,0,siteSC-7B,Y,213971.6585,1227.457585,18605.39655,0.018605397,0.018618046
2360,MhMrMm,56,0,SC-8B,Y,237453.753,1227.457585,18605.39655,0.018605397,0.018618046
2361,MhMrMm,58,0,siteSC-9A,Y,258694.6456,1227.457585,18605.39655,0.018605397,0.018618046
2362,MhMrMm,59,0,siteSCoutlet170710,Y,263523.1099,1227.457585,18605.39655,0.018605397,0.018618046
2363,MhMrMm,60,0,siteSCoutlet170807,Y,267972.9067,1227.457585,18605.39655,0.018605397,0.018618046
2364,MhMrMm,78,0,siteSC-5B,Y,162850.4689,1227.457585,18605.39655,0.018605397,0.018618046
2365,MhMrMm,79,0,siteSC-6B,Y,194569.6103,1227.457585,18605.39655,0.018605397,0.018618046
2366,MhMrMm,82,0,siteSC-7B,Y,213971.6585,1227.457585,18605.39655,0.018605397,0.018618046
2367,Mv,56,0,SC-8B,Y,237453.753,579.8964426,8357.978165,0.008357978,0.008364518
2368,Mv,58,0,siteSC-9A,Y,258694.6456,579.8964426,8357.978165,0.008357978,0.008364518
2369,Mv,59,0,siteSCoutlet170710,Y,263523.1099,579.8964426,8357.978165,0.008357978,0.008364518
2370,Mv,60,0,siteSCoutlet170807,Y,267972.9067,579.8964426,8357.978165,0.008357978,0.008364518
2371,Mv,74,0,siteSC-4B,Y,112154.2356,579.8964426,8357.978165,0.008357978,0.008364518
2372,Mv,78,0,siteSC-5B,Y,162850.4689,579.8964426,8357.978165,0.008357978,0.008364518
2373,Mv,79,0,siteSC-6B,Y,194569.6103,579.8964426,8357.978165,0.008357978,0.008364518
2374,Mv,82,0,siteSC-7B,Y,213971.6585,579.8964426,8357.978165,0.008357978,0.008364518
2375,Cx,56,0,SC-8B,Y,237453.753,579.8964426,8357.978165,0.008357978,0.008364518
2376,Cx,58,0,siteSC-9A,Y,258694.6456,579.8964426,8357.978165,0.008357978,0.008364518
2377,Cx,59,0,siteSCoutlet170710,Y,263523.1099,579.8964426,8357.978165,0.008357978,0.008364518
2378,Cx,60,0,siteSCoutlet170807,Y,267972.9067,579.8964426,8357.978165,0.008357978,0.008364518
2379,Cx,74,0,siteSC-4B,Y,112154.2356,579.8964426,8357.978165,0.008357978,0.008364518
2380,Cx,78,0,siteSC-5B,Y,162850.4689,579.8964426,8357.978165,0.008357978,0.008364518
2381,Cx,79,0,siteSC-6B,Y,194569.6103,579.8964426,8357.978165,0.008357978,0.008364518
2382,Cx,82,0,siteSC-7B,Y,213971.6585,579.8964426,8357.978165,0.008357978,0.008364518
2383,MpMbMpv,56,0,SC-8B,Y,237453.753,152.6085654,160.9714167,0.000160971,0.000160113
2384,MpMbMpv,58,0,siteSC-9A,Y,258694.6456,152.6085654,160.9714167,0.000160971,0.000160113
2385,MpMbMpv,59,0,siteSCoutlet170710,Y,263523.1099,152.6085654,160.9714167,0.000160971,0.000160113
2386,MpMbMpv,60,0,siteSCoutlet170807,Y,267972.9067,152.6085654,160.9714167,0.000160971,0.000160113
2387,MpMbMpv,74,0,siteSC-4B,Y,112154.2356,152.6085654,160.9714167,0.000160971,0.000160113
2388,MpMbMpv,78,0,siteSC-5B,Y,162850.4689,152.6085654,160.9714167,0.000160971,0.000160113
2389,MpMbMpv,79,0,siteSC-6B,Y,194569.6103,152.6085654,160.9714167,0.000160971,0.000160113
2390,MpMbMpv,82,0,siteSC-7B,Y,213971.6585,152.6085654,160.9714167,0.000160971,0.000160113
2391,At,56,0,SC-8B,Y,237453.753,152.6085654,160.9714167,0.000160971,0.000160113
2392,At,58,0,siteSC-9A,Y,258694.6456,152.6085654,160.9714167,0.000160971,0.000160113
2393,At,59,0,siteSCoutlet170710,Y,263523.1099,152.6085654,160.9714167,0.000160971,0.000160113
2394,At,60,0,siteSCoutlet170807,Y,267972.9067,152.6085654,160.9714167,0.000160971,0.000160113
2395,At,74,0,siteSC-4B,Y,112154.2356,152.6085654,160.9714167,0.000160971,0.000160113
2396,At,78,0,siteSC-5B,Y,162850.4689,152.6085654,160.9714167,0.000160971,0.000160113
2397,At,79,0,siteSC-6B,Y,194569.6103,152.6085654,160.9714167,0.000160971,0.000160113
2398,At,82,0,siteSC-7B,Y,213971.6585,152.6085654,160.9714167,0.000160971,0.000160113
2399,MpMbMpv,56,0,SC-8B,Y,237453.753,14777.29842,6252889.551,6.252889551,6.25753155
2400,MpMbMpv,58,0,siteSC-9A,Y,258694.6456,14777.29842,6252889.551,6.252889551,6.25753155
2401,MpMbMpv,59,0,siteSCoutlet170710,Y,263523.1099,14777.29842,6252889.551,6.252889551,6.25753155
2402,MpMbMpv,60,0,siteSCoutlet170807,Y,267972.9067,14777.29842,6252889.551,6.252889551,6.25753155
2403,MpMbMpv,65,0,site29,Y,24802.42351,14777.29842,6252889.551,6.252889551,6.25753155
2404,MpMbMpv,74,0,siteSC-4B,Y,112154.2356,14777.29842,6252889.551,6.252889551,6.25753155
2405,MpMbMpv,78,0,siteSC-5B,Y,162850.4689,14777.29842,6252889.551,6.252889551,6.25753155
2406,MpMbMpv,79,0,siteSC-6B,Y,194569.6103,14777.29842,6252889.551,6.252889551,6.25753155
2407,MpMbMpv,82,0,siteSC-7B,Y,213971.6585,14777.29842,6252889.551,6.252889551,6.25753155
2408,At,56,0,SC-8B,Y,237453.753,14154.05843,1926364.246,1.926364246,1.927768199
2409,At,58,0,siteSC-9A,Y,258694.6456,14154.05843,1926364.246,1.926364246,1.927768199
2410,At,59,0,siteSCoutlet170710,Y,263523.1099,14154.05843,1926364.246,1.926364246,1.927768199
2411,At,60,0,siteSCoutlet170807,Y,267972.9067,14154.05843,1926364.246,1.926364246,1.927768199
2412,At,67,0,siteSC-3B,Y,80412.83247,14154.05843,1926364.246,1.926364246,1.927768199
2413,At,74,0,siteSC-4B,Y,112154.2356,14154.05843,1926364.246,1.926364246,1.927768199
2414,At,78,0,siteSC-5B,Y,162850.4689,14154.05843,1926364.246,1.926364246,1.927768199
2415,At,79,0,siteSC-6B,Y,194569.6103,14154.05843,1926364.246,1.926364246,1.927768199
2416,At,82,0,siteSC-7B,Y,213971.6585,14154.05843,1926364.246,1.926364246,1.927768199
2417,At,56,0,SC-8B,Y,237453.753,27.22898151,18.74158995,1.87416E-05,1.87517E-05
2418,At,58,0,siteSC-9A,Y,258694.6456,27.22898151,18.74158995,1.87416E-05,1.87517E-05
2419,At,59,0,siteSCoutlet170710,Y,263523.1099,27.22898151,18.74158995,1.87416E-05,1.87517E-05
2420,At,60,0,siteSCoutlet170807,Y,267972.9067,27.22898151,18.74158995,1.87416E-05,1.87517E-05
2421,At,78,0,siteSC-5B,Y,162850.4689,27.22898151,18.74158995,1.87416E-05,1.87517E-05
2422,At,79,0,siteSC-6B,Y,194569.6103,27.22898151,18.74158995,1.87416E-05,1.87517E-05
2423,At,82,0,siteSC-7B,Y,213971.6585,27.22898151,18.74158995,1.87416E-05,1.87517E-05
2424,Gt,56,0,SC-8B,Y,237453.753,27.22898151,18.74158995,1.87416E-05,1.87517E-05
2425,Gt,58,0,siteSC-9A,Y,258694.6456,27.22898151,18.74158995,1.87416E-05,1.87517E-05
2426,Gt,59,0,siteSCoutlet170710,Y,263523.1099,27.22898151,18.74158995,1.87416E-05,1.87517E-05
2427,Gt,60,0,siteSCoutlet170807,Y,267972.9067,27.22898151,18.74158995,1.87416E-05,1.87517E-05
2428,Gt,78,0,siteSC-5B,Y,162850.4689,27.22898151,18.74158995,1.87416E-05,1.87517E-05
2429,Gt,79,0,siteSC-6B,Y,194569.6103,27.22898151,18.74158995,1.87416E-05,1.87517E-05
2430,Gt,82,0,siteSC-7B,Y,213971.6585,27.22898151,18.74158995,1.87416E-05,1.87517E-05
2431,MhMrMm,56,0,SC-8B,Y,237453.753,27.22898151,18.74158995,1.87416E-05,1.87517E-05
2432,MhMrMm,58,0,siteSC-9A,Y,258694.6456,27.22898151,18.74158995,1.87416E-05,1.87517E-05
2433,MhMrMm,59,0,siteSCoutlet170710,Y,263523.1099,27.22898151,18.74158995,1.87416E-05,1.87517E-05
2434,MhMrMm,60,0,siteSCoutlet170807,Y,267972.9067,27.22898151,18.74158995,1.87416E-05,1.87517E-05
2435,MhMrMm,78,0,siteSC-5B,Y,162850.4689,27.22898151,18.74158995,1.87416E-05,1.87517E-05
2436,MhMrMm,79,0,siteSC-6B,Y,194569.6103,27.22898151,18.74158995,1.87416E-05,1.87517E-05
2437,MhMrMm,82,0,siteSC-7B,Y,213971.6585,27.22898151,18.74158995,1.87416E-05,1.87517E-05
2438,MpMbMpv,56,0,SC-8B,Y,237453.753,23607.79607,3718564.518,3.718564518,3.721407954
2439,MpMbMpv,58,0,siteSC-9A,Y,258694.6456,23607.79607,3718564.518,3.718564518,3.721407954
2440,MpMbMpv,59,0,siteSCoutlet170710,Y,263523.1099,23607.79607,3718564.518,3.718564518,3.721407954
2441,MpMbMpv,60,0,siteSCoutlet170807,Y,267972.9067,23607.79607,3718564.518,3.718564518,3.721407954
2442,MpMbMpv,67,0,siteSC-3B,Y,80412.83247,23607.79607,3718564.518,3.718564518,3.721407954
2443,MpMbMpv,74,0,siteSC-4B,Y,112154.2356,23607.79607,3718564.518,3.718564518,3.721407954
2444,MpMbMpv,78,0,siteSC-5B,Y,162850.4689,23607.79607,3718564.518,3.718564518,3.721407954
2445,MpMbMpv,79,0,siteSC-6B,Y,194569.6103,23607.79607,3718564.518,3.718564518,3.721407954
2446,MpMbMpv,82,0,siteSC-7B,Y,213971.6585,23607.79607,3718564.518,3.718564518,3.721407954
2447,Gt,56,0,SC-8B,Y,237453.753,4091.989431,330325.2515,0.330325251,0.330580206
2448,Gt,58,0,siteSC-9A,Y,258694.6456,4091.989431,330325.2515,0.330325251,0.330580206
2449,Gt,59,0,siteSCoutlet170710,Y,263523.1099,4091.989431,330325.2515,0.330325251,0.330580206
2450,Gt,60,0,siteSCoutlet170807,Y,267972.9067,4091.989431,330325.2515,0.330325251,0.330580206
2451,Gt,77,0,site35,Y,9064.966602,4091.989431,330325.2515,0.330325251,0.330580206
2452,Gt,78,0,siteSC-5B,Y,162850.4689,4091.989431,330325.2515,0.330325251,0.330580206
2453,Gt,79,0,siteSC-6B,Y,194569.6103,4091.989431,330325.2515,0.330325251,0.330580206
2454,Gt,82,0,siteSC-7B,Y,213971.6585,4091.989431,330325.2515,0.330325251,0.330580206
2455,MhMrMm,56,0,SC-8B,Y,237453.753,4091.989431,330325.2515,0.330325251,0.330580206
2456,MhMrMm,58,0,siteSC-9A,Y,258694.6456,4091.989431,330325.2515,0.330325251,0.330580206
2457,MhMrMm,59,0,siteSCoutlet170710,Y,263523.1099,4091.989431,330325.2515,0.330325251,0.330580206
2458,MhMrMm,60,0,siteSCoutlet170807,Y,267972.9067,4091.989431,330325.2515,0.330325251,0.330580206
2459,MhMrMm,77,0,site35,Y,9064.966602,4091.989431,330325.2515,0.330325251,0.330580206
2460,MhMrMm,78,0,siteSC-5B,Y,162850.4689,4091.989431,330325.2515,0.330325251,0.330580206
2461,MhMrMm,79,0,siteSC-6B,Y,194569.6103,4091.989431,330325.2515,0.330325251,0.330580206
2462,MhMrMm,82,0,siteSC-7B,Y,213971.6585,4091.989431,330325.2515,0.330325251,0.330580206
2463,Cx,56,0,SC-8B,Y,237453.753,7282.677133,805159.2986,0.805159299,0.805792025
2464,Cx,58,0,siteSC-9A,Y,258694.6456,7282.677133,805159.2986,0.805159299,0.805792025
2465,Cx,59,0,siteSCoutlet170710,Y,263523.1099,7282.677133,805159.2986,0.805159299,0.805792025
2466,Cx,60,0,siteSCoutlet170807,Y,267972.9067,7282.677133,805159.2986,0.805159299,0.805792025
2467,Cx,77,0,site35,Y,9064.966602,7282.677133,805159.2986,0.805159299,0.805792025
2468,Cx,78,0,siteSC-5B,Y,162850.4689,7282.677133,805159.2986,0.805159299,0.805792025
2469,Cx,79,0,siteSC-6B,Y,194569.6103,7282.677133,805159.2986,0.805159299,0.805792025
2470,Cx,82,0,siteSC-7B,Y,213971.6585,7282.677133,805159.2986,0.805159299,0.805792025
2471,MhMrMm,56,0,SC-8B,Y,237453.753,7282.677133,805159.2986,0.805159299,0.805792025
2472,MhMrMm,58,0,siteSC-9A,Y,258694.6456,7282.677133,805159.2986,0.805159299,0.805792025
2473,MhMrMm,59,0,siteSCoutlet170710,Y,263523.1099,7282.677133,805159.2986,0.805159299,0.805792025
2474,MhMrMm,60,0,siteSCoutlet170807,Y,267972.9067,7282.677133,805159.2986,0.805159299,0.805792025
2475,MhMrMm,77,0,site35,Y,9064.966602,7282.677133,805159.2986,0.805159299,0.805792025
2476,MhMrMm,78,0,siteSC-5B,Y,162850.4689,7282.677133,805159.2986,0.805159299,0.805792025
2477,MhMrMm,79,0,siteSC-6B,Y,194569.6103,7282.677133,805159.2986,0.805159299,0.805792025
2478,MhMrMm,82,0,siteSC-7B,Y,213971.6585,7282.677133,805159.2986,0.805159299,0.805792025
2479,Af,56,0,SC-8B,Y,237453.753,1623.531986,88342.97536,0.088342975,0.08841378
2480,Af,58,0,siteSC-9A,Y,258694.6456,1623.531986,88342.97536,0.088342975,0.08841378
2481,Af,59,0,siteSCoutlet170710,Y,263523.1099,1623.531986,88342.97536,0.088342975,0.08841378
2482,Af,60,0,siteSCoutlet170807,Y,267972.9067,1623.531986,88342.97536,0.088342975,0.08841378
2483,Af,77,0,site35,Y,9064.966602,1623.531986,88342.97536,0.088342975,0.08841378
2484,Af,78,0,siteSC-5B,Y,162850.4689,1623.531986,88342.97536,0.088342975,0.08841378
2485,Af,79,0,siteSC-6B,Y,194569.6103,1623.531986,88342.97536,0.088342975,0.08841378
2486,Af,82,0,siteSC-7B,Y,213971.6585,1623.531986,88342.97536,0.088342975,0.08841378
2487,MhMrMm,56,0,SC-8B,Y,237453.753,1623.531986,88342.97536,0.088342975,0.08841378
2488,MhMrMm,58,0,siteSC-9A,Y,258694.6456,1623.531986,88342.97536,0.088342975,0.08841378
2489,MhMrMm,59,0,siteSCoutlet170710,Y,263523.1099,1623.531986,88342.97536,0.088342975,0.08841378
2490,MhMrMm,60,0,siteSCoutlet170807,Y,267972.9067,1623.531986,88342.97536,0.088342975,0.08841378
2491,MhMrMm,77,0,site35,Y,9064.966602,1623.531986,88342.97536,0.088342975,0.08841378
2492,MhMrMm,78,0,siteSC-5B,Y,162850.4689,1623.531986,88342.97536,0.088342975,0.08841378
2493,MhMrMm,79,0,siteSC-6B,Y,194569.6103,1623.531986,88342.97536,0.088342975,0.08841378
2494,MhMrMm,82,0,siteSC-7B,Y,213971.6585,1623.531986,88342.97536,0.088342975,0.08841378
2495,Cx,56,0,SC-8B,Y,237453.753,772.6773044,15447.15675,0.015447157,0.015456918
2496,Cx,58,0,siteSC-9A,Y,258694.6456,772.6773044,15447.15675,0.015447157,0.015456918
2497,Cx,59,0,siteSCoutlet170710,Y,263523.1099,772.6773044,15447.15675,0.015447157,0.015456918
2498,Cx,60,0,siteSCoutlet170807,Y,267972.9067,772.6773044,15447.15675,0.015447157,0.015456918
2499,Cx,72,0,site37,Y,45537.58056,772.6773044,15447.15675,0.015447157,0.015456918
2500,Cx,78,0,siteSC-5B,Y,162850.4689,772.6773044,15447.15675,0.015447157,0.015456918
2501,Cx,79,0,siteSC-6B,Y,194569.6103,772.6773044,15447.15675,0.015447157,0.015456918
2502,Cx,82,0,siteSC-7B,Y,213971.6585,772.6773044,15447.15675,0.015447157,0.015456918
2503,R/Cv,56,0,SC-8B,Y,237453.753,772.6773044,15447.15675,0.015447157,0.015456918
2504,R/Cv,58,0,siteSC-9A,Y,258694.6456,772.6773044,15447.15675,0.015447157,0.015456918
2505,R/Cv,59,0,siteSCoutlet170710,Y,263523.1099,772.6773044,15447.15675,0.015447157,0.015456918
2506,R/Cv,60,0,siteSCoutlet170807,Y,267972.9067,772.6773044,15447.15675,0.015447157,0.015456918
2507,R/Cv,72,0,site37,Y,45537.58056,772.6773044,15447.15675,0.015447157,0.015456918
2508,R/Cv,78,0,siteSC-5B,Y,162850.4689,772.6773044,15447.15675,0.015447157,0.015456918
2509,R/Cv,79,0,siteSC-6B,Y,194569.6103,772.6773044,15447.15675,0.015447157,0.015456918
2510,R/Cv,82,0,siteSC-7B,Y,213971.6585,772.6773044,15447.15675,0.015447157,0.015456918
2511,Cx,56,0,SC-8B,Y,237453.753,4540.027543,541935.512,0.541935512,0.542402946
2512,Cx,58,0,siteSC-9A,Y,258694.6456,4540.027543,541935.512,0.541935512,0.542402946
2513,Cx,59,0,siteSCoutlet170710,Y,263523.1099,4540.027543,541935.512,0.541935512,0.542402946
2514,Cx,60,0,siteSCoutlet170807,Y,267972.9067,4540.027543,541935.512,0.541935512,0.542402946
2515,Cx,69,0,site19,Y,22391.73955,4540.027543,541935.512,0.541935512,0.542402946
2516,Cx,78,0,siteSC-5B,Y,162850.4689,4540.027543,541935.512,0.541935512,0.542402946
2517,Cx,79,0,siteSC-6B,Y,194569.6103,4540.027543,541935.512,0.541935512,0.542402946
2518,Cx,82,0,siteSC-7B,Y,213971.6585,4540.027543,541935.512,0.541935512,0.542402946
2519,R/Cv,56,0,SC-8B,Y,237453.753,4540.027543,541935.512,0.541935512,0.542402946
2520,R/Cv,58,0,siteSC-9A,Y,258694.6456,4540.027543,541935.512,0.541935512,0.542402946
2521,R/Cv,59,0,siteSCoutlet170710,Y,263523.1099,4540.027543,541935.512,0.541935512,0.542402946
2522,R/Cv,60,0,siteSCoutlet170807,Y,267972.9067,4540.027543,541935.512,0.541935512,0.542402946
2523,R/Cv,69,0,site19,Y,22391.73955,4540.027543,541935.512,0.541935512,0.542402946
2524,R/Cv,78,0,siteSC-5B,Y,162850.4689,4540.027543,541935.512,0.541935512,0.542402946
2525,R/Cv,79,0,siteSC-6B,Y,194569.6103,4540.027543,541935.512,0.541935512,0.542402946
2526,R/Cv,82,0,siteSC-7B,Y,213971.6585,4540.027543,541935.512,0.541935512,0.542402946
2527,Cx,56,0,SC-8B,Y,237453.753,3843.452202,465762.2153,0.465762215,0.466137208
2528,Cx,58,0,siteSC-9A,Y,258694.6456,3843.452202,465762.2153,0.465762215,0.466137208
2529,Cx,59,0,siteSCoutlet170710,Y,263523.1099,3843.452202,465762.2153,0.465762215,0.466137208
2530,Cx,60,0,siteSCoutlet170807,Y,267972.9067,3843.452202,465762.2153,0.465762215,0.466137208
2531,Cx,72,0,site37,Y,45537.58056,3843.452202,465762.2153,0.465762215,0.466137208
2532,Cx,78,0,siteSC-5B,Y,162850.4689,3843.452202,465762.2153,0.465762215,0.466137208
2533,Cx,79,0,siteSC-6B,Y,194569.6103,3843.452202,465762.2153,0.465762215,0.466137208
2534,Cx,82,0,siteSC-7B,Y,213971.6585,3843.452202,465762.2153,0.465762215,0.466137208
2535,R/Cv,56,0,SC-8B,Y,237453.753,3843.452202,465762.2153,0.465762215,0.466137208
2536,R/Cv,58,0,siteSC-9A,Y,258694.6456,3843.452202,465762.2153,0.465762215,0.466137208
2537,R/Cv,59,0,siteSCoutlet170710,Y,263523.1099,3843.452202,465762.2153,0.465762215,0.466137208
2538,R/Cv,60,0,siteSCoutlet170807,Y,267972.9067,3843.452202,465762.2153,0.465762215,0.466137208
2539,R/Cv,72,0,site37,Y,45537.58056,3843.452202,465762.2153,0.465762215,0.466137208
2540,R/Cv,78,0,siteSC-5B,Y,162850.4689,3843.452202,465762.2153,0.465762215,0.466137208
2541,R/Cv,79,0,siteSC-6B,Y,194569.6103,3843.452202,465762.2153,0.465762215,0.466137208
2542,R/Cv,82,0,siteSC-7B,Y,213971.6585,3843.452202,465762.2153,0.465762215,0.466137208
2543,Cx,56,0,SC-8B,Y,237453.753,1624.879448,97981.30074,0.097981301,0.098051565
2544,Cx,58,0,siteSC-9A,Y,258694.6456,1624.879448,97981.30074,0.097981301,0.098051565
2545,Cx,59,0,siteSCoutlet170710,Y,263523.1099,1624.879448,97981.30074,0.097981301,0.098051565
2546,Cx,60,0,siteSCoutlet170807,Y,267972.9067,1624.879448,97981.30074,0.097981301,0.098051565
2547,Cx,65,0,site29,Y,24802.42351,1624.879448,97981.30074,0.097981301,0.098051565
2548,Cx,74,0,siteSC-4B,Y,112154.2356,1624.879448,97981.30074,0.097981301,0.098051565
2549,Cx,78,0,siteSC-5B,Y,162850.4689,1624.879448,97981.30074,0.097981301,0.098051565
2550,Cx,79,0,siteSC-6B,Y,194569.6103,1624.879448,97981.30074,0.097981301,0.098051565
2551,Cx,82,0,siteSC-7B,Y,213971.6585,1624.879448,97981.30074,0.097981301,0.098051565
2552,Cy,56,0,SC-8B,Y,237453.753,10559.55922,1812554.905,1.812554905,1.813891592
2553,Cy,58,0,siteSC-9A,Y,258694.6456,10559.55922,1812554.905,1.812554905,1.813891592
2554,Cy,59,0,siteSCoutlet170710,Y,263523.1099,10559.55922,1812554.905,1.812554905,1.813891592
2555,Cy,60,0,siteSCoutlet170807,Y,267972.9067,10559.55922,1812554.905,1.812554905,1.813891592
2556,Cy,65,0,site29,Y,24802.42351,10559.55922,1812554.905,1.812554905,1.813891592
2557,Cy,74,0,siteSC-4B,Y,112154.2356,10559.55922,1812554.905,1.812554905,1.813891592
2558,Cy,78,0,siteSC-5B,Y,162850.4689,10559.55922,1812554.905,1.812554905,1.813891592
2559,Cy,79,0,siteSC-6B,Y,194569.6103,10559.55922,1812554.905,1.812554905,1.813891592
2560,Cy,82,0,siteSC-7B,Y,213971.6585,10559.55922,1812554.905,1.812554905,1.813891592
2561,Cv,56,0,SC-8B,Y,237453.753,14895.01832,5673811.328,5.673811328,5.678096593
2562,Cv,58,0,siteSC-9A,Y,258694.6456,14895.01832,5673811.328,5.673811328,5.678096593
2563,Cv,59,0,siteSCoutlet170710,Y,263523.1099,14895.01832,5673811.328,5.673811328,5.678096593
2564,Cv,60,0,siteSCoutlet170807,Y,267972.9067,14895.01832,5673811.328,5.673811328,5.678096593
2565,Cv,65,0,site29,Y,24802.42351,14895.01832,5673811.328,5.673811328,5.678096593
2566,Cv,74,0,siteSC-4B,Y,112154.2356,14895.01832,5673811.328,5.673811328,5.678096593
2567,Cv,78,0,siteSC-5B,Y,162850.4689,14895.01832,5673811.328,5.673811328,5.678096593
2568,Cv,79,0,siteSC-6B,Y,194569.6103,14895.01832,5673811.328,5.673811328,5.678096593
2569,Cv,82,0,siteSC-7B,Y,213971.6585,14895.01832,5673811.328,5.673811328,5.678096593
2570,Cv,56,0,SC-8B,Y,237453.753,20579.04505,5884662.767,5.884662767,5.889364798
2571,Cv,58,0,siteSC-9A,Y,258694.6456,20579.04505,5884662.767,5.884662767,5.889364798
2572,Cv,59,0,siteSCoutlet170710,Y,263523.1099,20579.04505,5884662.767,5.884662767,5.889364798
2573,Cv,60,0,siteSCoutlet170807,Y,267972.9067,20579.04505,5884662.767,5.884662767,5.889364798
2574,Cv,67,0,siteSC-3B,Y,80412.83247,20579.04505,5884662.767,5.884662767,5.889364798
2575,Cv,74,0,siteSC-4B,Y,112154.2356,20579.04505,5884662.767,5.884662767,5.889364798
2576,Cv,78,0,siteSC-5B,Y,162850.4689,20579.04505,5884662.767,5.884662767,5.889364798
2577,Cv,79,0,siteSC-6B,Y,194569.6103,20579.04505,5884662.767,5.884662767,5.889364798
2578,Cv,82,0,siteSC-7B,Y,213971.6585,20579.04505,5884662.767,5.884662767,5.889364798
2579,Cx,35,0,SEDNTS1000150706,Y,16970.26101,965.445088,39391.81388,0.039391814,0.039422125
2580,Cx,36,0,SEDNTS1000150821,Y,17106.99654,965.445088,39391.81388,0.039391814,0.039422125
2581,Cx,37,0,HAUPTS2160617,Y,18863.82625,965.445088,39391.81388,0.039391814,0.039422125
2582,Cx,38,0,HAUPTS22160726,Y,18972.16236,965.445088,39391.81388,0.039391814,0.039422125
2583,Cx,40,0,HADNTS3160726,Y,19759.42525,965.445088,39391.81388,0.039391814,0.039422125
2584,Cx,41,0,S2UPTS4160617,Y,21949.53018,965.445088,39391.81388,0.039391814,0.039422125
2585,Cx,43,0,S2DNTS5160617,Y,24551.93494,965.445088,39391.81388,0.039391814,0.039422125
2586,Cx,44,0,S3UPTS6160730,Y,25887.85677,965.445088,39391.81388,0.039391814,0.039422125
2587,Cx,46,0,S3DNTS7160730,Y,39206.58459,965.445088,39391.81388,0.039391814,0.039422125
2588,MpMbMpv,10,0,SDUP150704,Y,5570.449787,1592.94155,34170.6295,0.034170629,0.034194837
2589,MpMbMpv,11,0,SDDN150704,Y,6210.417495,1592.94155,34170.6295,0.034170629,0.034194837
2590,MpMbMpv,12,0,site48,Y,6349.769336,1592.94155,34170.6295,0.034170629,0.034194837
2591,MpMbMpv,13,0,SDDNTS100150704,Y,6396.227028,1592.94155,34170.6295,0.034170629,0.034194837
2592,MpMbMpv,14,0,SDDNTS200150704,Y,6690.215488,1592.94155,34170.6295,0.034170629,0.034194837
2593,MpMbMpv,15,0,SDDNTS300150704,Y,6912.094798,1592.94155,34170.6295,0.034170629,0.034194837
2594,MpMbMpv,16,0,SDDNTS400150704,Y,7087.512259,1592.94155,34170.6295,0.034170629,0.034194837
2595,MpMbMpv,45,0,S3INTSINFLOW3160730,Y,35682.3182,1592.94155,34170.6295,0.034170629,0.034194837
2596,MpMbMpv,46,0,S3DNTS7160730,Y,39206.58459,1592.94155,34170.6295,0.034170629,0.034194837
2597,MpMbMpv,19,0,SEDN160725,Y,13930.80574,36.10914172,0.018954933,1.89549E-08,0
2598,MpMbMpv,20,0,SEDN150706,Y,14165.54221,36.10914172,0.018954933,1.89549E-08,0
2599,MpMbMpv,21,0,SEDN160617,Y,14255.82075,36.10914172,0.018954933,1.89549E-08,0
2600,MpMbMpv,22,0,SEDNTS100150706,Y,14309.99018,36.10914172,0.018954933,1.89549E-08,0
2601,MpMbMpv,23,0,SEDNTS100150821,Y,14382.21565,36.10914172,0.018954933,1.89549E-08,0
2602,MpMbMpv,42,0,S2INTSINFLOW2160617,Y,21209.24344,36.10914172,0.018954933,1.89549E-08,0
2603,MpMbMpv,43,0,S2DNTS5160617,Y,24551.93494,36.10914172,0.018954933,1.89549E-08,0
2604,MpMbMpv,44,0,S3UPTS6160730,Y,25887.85677,36.10914172,0.018954933,1.89549E-08,0
2605,MpMbMpv,46,0,S3DNTS7160730,Y,39206.58459,36.10914172,0.018954933,1.89549E-08,0
2606,MpMbMpv,35,0,SEDNTS1000150706,Y,16970.26101,2498.360655,93759.88755,0.093759888,0.093834325
2607,MpMbMpv,36,0,SEDNTS1000150821,Y,17106.99654,2498.360655,93759.88755,0.093759888,0.093834325
2608,MpMbMpv,37,0,HAUPTS2160617,Y,18863.82625,2498.360655,93759.88755,0.093759888,0.093834325
2609,MpMbMpv,38,0,HAUPTS22160726,Y,18972.16236,2498.360655,93759.88755,0.093759888,0.093834325
2610,MpMbMpv,40,0,HADNTS3160726,Y,19759.42525,2498.360655,93759.88755,0.093759888,0.093834325
2611,MpMbMpv,41,0,S2UPTS4160617,Y,21949.53018,2498.360655,93759.88755,0.093759888,0.093834325
2612,MpMbMpv,43,0,S2DNTS5160617,Y,24551.93494,2498.360655,93759.88755,0.093759888,0.093834325
2613,MpMbMpv,44,0,S3UPTS6160730,Y,25887.85677,2498.360655,93759.88755,0.093759888,0.093834325
2614,MpMbMpv,46,0,S3DNTS7160730,Y,39206.58459,2498.360655,93759.88755,0.093759888,0.093834325
2615,Mv,56,0,SC-8B,Y,237453.753,18829.36239,5077054.556,5.077054556,5.080834446
2616,Mv,58,0,siteSC-9A,Y,258694.6456,18829.36239,5077054.556,5.077054556,5.080834446
2617,Mv,59,0,siteSCoutlet170710,Y,263523.1099,18829.36239,5077054.556,5.077054556,5.080834446
2618,Mv,60,0,siteSCoutlet170807,Y,267972.9067,18829.36239,5077054.556,5.077054556,5.080834446
2619,Mv,64,0,site8,Y,26835.75552,18829.36239,5077054.556,5.077054556,5.080834446
2620,Mv,67,0,siteSC-3B,Y,80412.83247,18829.36239,5077054.556,5.077054556,5.080834446
2621,Mv,74,0,siteSC-4B,Y,112154.2356,18829.36239,5077054.556,5.077054556,5.080834446
2622,Mv,78,0,siteSC-5B,Y,162850.4689,18829.36239,5077054.556,5.077054556,5.080834446
2623,Mv,79,0,siteSC-6B,Y,194569.6103,18829.36239,5077054.556,5.077054556,5.080834446
2624,Mv,82,0,siteSC-7B,Y,213971.6585,18829.36239,5077054.556,5.077054556,5.080834446
2625,Mv,56,0,SC-8B,Y,237453.753,7888.651712,1430854.122,1.430854122,1.431914882
2626,Mv,58,0,siteSC-9A,Y,258694.6456,7888.651712,1430854.122,1.430854122,1.431914882
2627,Mv,59,0,siteSCoutlet170710,Y,263523.1099,7888.651712,1430854.122,1.430854122,1.431914882
2628,Mv,60,0,siteSCoutlet170807,Y,267972.9067,7888.651712,1430854.122,1.430854122,1.431914882
2629,Mv,63,0,siteSC-2B,Y,63330.06746,7888.651712,1430854.122,1.430854122,1.431914882
2630,Mv,67,0,siteSC-3B,Y,80412.83247,7888.651712,1430854.122,1.430854122,1.431914882
2631,Mv,74,0,siteSC-4B,Y,112154.2356,7888.651712,1430854.122,1.430854122,1.431914882
2632,Mv,78,0,siteSC-5B,Y,162850.4689,7888.651712,1430854.122,1.430854122,1.431914882
2633,Mv,79,0,siteSC-6B,Y,194569.6103,7888.651712,1430854.122,1.430854122,1.431914882
2634,Mv,82,0,siteSC-7B,Y,213971.6585,7888.651712,1430854.122,1.430854122,1.431914882
2635,Mv,56,0,SC-8B,Y,237453.753,14664.01794,6751187.343,6.751187343,6.756350026
2636,Mv,58,0,siteSC-9A,Y,258694.6456,14664.01794,6751187.343,6.751187343,6.756350026
2637,Mv,59,0,siteSCoutlet170710,Y,263523.1099,14664.01794,6751187.343,6.751187343,6.756350026
2638,Mv,60,0,siteSCoutlet170807,Y,267972.9067,14664.01794,6751187.343,6.751187343,6.756350026
2639,Mv,66,0,site0,Y,15113.24482,14664.01794,6751187.343,6.751187343,6.756350026
2640,Mv,67,0,siteSC-3B,Y,80412.83247,14664.01794,6751187.343,6.751187343,6.756350026
2641,Mv,74,0,siteSC-4B,Y,112154.2356,14664.01794,6751187.343,6.751187343,6.756350026
2642,Mv,78,0,siteSC-5B,Y,162850.4689,14664.01794,6751187.343,6.751187343,6.756350026
2643,Mv,79,0,siteSC-6B,Y,194569.6103,14664.01794,6751187.343,6.751187343,6.756350026
2644,Mv,82,0,siteSC-7B,Y,213971.6585,14664.01794,6751187.343,6.751187343,6.756350026
2645,Cx,56,0,SC-8B,Y,237453.753,8627.578618,2894279.442,2.894279442,2.896391158
2646,Cx,58,0,siteSC-9A,Y,258694.6456,8627.578618,2894279.442,2.894279442,2.896391158
2647,Cx,59,0,siteSCoutlet170710,Y,263523.1099,8627.578618,2894279.442,2.894279442,2.896391158
2648,Cx,60,0,siteSCoutlet170807,Y,267972.9067,8627.578618,2894279.442,2.894279442,2.896391158
2649,Cx,63,0,siteSC-2B,Y,63330.06746,8627.578618,2894279.442,2.894279442,2.896391158
2650,Cx,67,0,siteSC-3B,Y,80412.83247,8627.578618,2894279.442,2.894279442,2.896391158
2651,Cx,74,0,siteSC-4B,Y,112154.2356,8627.578618,2894279.442,2.894279442,2.896391158
2652,Cx,78,0,siteSC-5B,Y,162850.4689,8627.578618,2894279.442,2.894279442,2.896391158
2653,Cx,79,0,siteSC-6B,Y,194569.6103,8627.578618,2894279.442,2.894279442,2.896391158
2654,Cx,82,0,siteSC-7B,Y,213971.6585,8627.578618,2894279.442,2.894279442,2.896391158
2655,Mv,56,0,SC-8B,Y,237453.753,3862.93129,577272.2385,0.577272239,0.577718867
2656,Mv,58,0,siteSC-9A,Y,258694.6456,3862.93129,577272.2385,0.577272239,0.577718867
2657,Mv,59,0,siteSCoutlet170710,Y,263523.1099,3862.93129,577272.2385,0.577272239,0.577718867
2658,Mv,60,0,siteSCoutlet170807,Y,267972.9067,3862.93129,577272.2385,0.577272239,0.577718867
2659,Mv,64,0,site8,Y,26835.75552,3862.93129,577272.2385,0.577272239,0.577718867
2660,Mv,67,0,siteSC-3B,Y,80412.83247,3862.93129,577272.2385,0.577272239,0.577718867
2661,Mv,74,0,siteSC-4B,Y,112154.2356,3862.93129,577272.2385,0.577272239,0.577718867
2662,Mv,78,0,siteSC-5B,Y,162850.4689,3862.93129,577272.2385,0.577272239,0.577718867
2663,Mv,79,0,siteSC-6B,Y,194569.6103,3862.93129,577272.2385,0.577272239,0.577718867
2664,Mv,82,0,siteSC-7B,Y,213971.6585,3862.93129,577272.2385,0.577272239,0.577718867
2665,At,56,0,SC-8B,Y,237453.753,1542.600203,88633.92121,0.088633921,0.088697948
2666,At,58,0,siteSC-9A,Y,258694.6456,1542.600203,88633.92121,0.088633921,0.088697948
2667,At,59,0,siteSCoutlet170710,Y,263523.1099,1542.600203,88633.92121,0.088633921,0.088697948
2668,At,60,0,siteSCoutlet170807,Y,267972.9067,1542.600203,88633.92121,0.088633921,0.088697948
2669,At,63,0,siteSC-2B,Y,63330.06746,1542.600203,88633.92121,0.088633921,0.088697948
2670,At,67,0,siteSC-3B,Y,80412.83247,1542.600203,88633.92121,0.088633921,0.088697948
2671,At,74,0,siteSC-4B,Y,112154.2356,1542.600203,88633.92121,0.088633921,0.088697948
2672,At,78,0,siteSC-5B,Y,162850.4689,1542.600203,88633.92121,0.088633921,0.088697948
2673,At,79,0,siteSC-6B,Y,194569.6103,1542.600203,88633.92121,0.088633921,0.088697948
2674,At,82,0,siteSC-7B,Y,213971.6585,1542.600203,88633.92121,0.088633921,0.088697948
2675,At,56,0,SC-8B,Y,237453.753,993.4743558,37517.36645,0.037517366,0.037544419
2676,At,58,0,siteSC-9A,Y,258694.6456,993.4743558,37517.36645,0.037517366,0.037544419
2677,At,59,0,siteSCoutlet170710,Y,263523.1099,993.4743558,37517.36645,0.037517366,0.037544419
2678,At,60,0,siteSCoutlet170807,Y,267972.9067,993.4743558,37517.36645,0.037517366,0.037544419
2679,At,64,0,site8,Y,26835.75552,993.4743558,37517.36645,0.037517366,0.037544419
2680,At,67,0,siteSC-3B,Y,80412.83247,993.4743558,37517.36645,0.037517366,0.037544419
2681,At,74,0,siteSC-4B,Y,112154.2356,993.4743558,37517.36645,0.037517366,0.037544419
2682,At,78,0,siteSC-5B,Y,162850.4689,993.4743558,37517.36645,0.037517366,0.037544419
2683,At,79,0,siteSC-6B,Y,194569.6103,993.4743558,37517.36645,0.037517366,0.037544419
2684,At,82,0,siteSC-7B,Y,213971.6585,993.4743558,37517.36645,0.037517366,0.037544419
2685,At,56,0,SC-8B,Y,237453.753,59.69731221,41.67821781,4.16782E-05,4.16845E-05
2686,At,58,0,siteSC-9A,Y,258694.6456,59.69731221,41.67821781,4.16782E-05,4.16845E-05
2687,At,59,0,siteSCoutlet170710,Y,263523.1099,59.69731221,41.67821781,4.16782E-05,4.16845E-05
2688,At,60,0,siteSCoutlet170807,Y,267972.9067,59.69731221,41.67821781,4.16782E-05,4.16845E-05
2689,At,67,0,siteSC-3B,Y,80412.83247,59.69731221,41.67821781,4.16782E-05,4.16845E-05
2690,At,74,0,siteSC-4B,Y,112154.2356,59.69731221,41.67821781,4.16782E-05,4.16845E-05
2691,At,78,0,siteSC-5B,Y,162850.4689,59.69731221,41.67821781,4.16782E-05,4.16845E-05
2692,At,79,0,siteSC-6B,Y,194569.6103,59.69731221,41.67821781,4.16782E-05,4.16845E-05
2693,At,82,0,siteSC-7B,Y,213971.6585,59.69731221,41.67821781,4.16782E-05,4.16845E-05
2694,MpMbMpv,56,0,SC-8B,Y,237453.753,59.69731221,41.67821781,4.16782E-05,4.16845E-05
2695,MpMbMpv,58,0,siteSC-9A,Y,258694.6456,59.69731221,41.67821781,4.16782E-05,4.16845E-05
2696,MpMbMpv,59,0,siteSCoutlet170710,Y,263523.1099,59.69731221,41.67821781,4.16782E-05,4.16845E-05
2697,MpMbMpv,60,0,siteSCoutlet170807,Y,267972.9067,59.69731221,41.67821781,4.16782E-05,4.16845E-05
2698,MpMbMpv,67,0,siteSC-3B,Y,80412.83247,59.69731221,41.67821781,4.16782E-05,4.16845E-05
2699,MpMbMpv,74,0,siteSC-4B,Y,112154.2356,59.69731221,41.67821781,4.16782E-05,4.16845E-05
2700,MpMbMpv,78,0,siteSC-5B,Y,162850.4689,59.69731221,41.67821781,4.16782E-05,4.16845E-05
2701,MpMbMpv,79,0,siteSC-6B,Y,194569.6103,59.69731221,41.67821781,4.16782E-05,4.16845E-05
2702,MpMbMpv,82,0,siteSC-7B,Y,213971.6585,59.69731221,41.67821781,4.16782E-05,4.16845E-05
2703,MpMbMpv,56,0,SC-8B,Y,237453.753,22667.45959,9259747.12,9.25974712,9.26711343
2704,MpMbMpv,58,0,siteSC-9A,Y,258694.6456,22667.45959,9259747.12,9.25974712,9.26711343
2705,MpMbMpv,59,0,siteSCoutlet170710,Y,263523.1099,22667.45959,9259747.12,9.25974712,9.26711343
2706,MpMbMpv,60,0,siteSCoutlet170807,Y,267972.9067,22667.45959,9259747.12,9.25974712,9.26711343
2707,MpMbMpv,63,0,siteSC-2B,Y,63330.06746,22667.45959,9259747.12,9.25974712,9.26711343
2708,MpMbMpv,67,0,siteSC-3B,Y,80412.83247,22667.45959,9259747.12,9.25974712,9.26711343
2709,MpMbMpv,74,0,siteSC-4B,Y,112154.2356,22667.45959,9259747.12,9.25974712,9.26711343
2710,MpMbMpv,78,0,siteSC-5B,Y,162850.4689,22667.45959,9259747.12,9.25974712,9.26711343
2711,MpMbMpv,79,0,siteSC-6B,Y,194569.6103,22667.45959,9259747.12,9.25974712,9.26711343
2712,MpMbMpv,82,0,siteSC-7B,Y,213971.6585,22667.45959,9259747.12,9.25974712,9.26711343
2713,MpMbMpv,56,0,SC-8B,Y,237453.753,936.2254973,37803.60135,0.037803601,0.037832519
2714,MpMbMpv,58,0,siteSC-9A,Y,258694.6456,936.2254973,37803.60135,0.037803601,0.037832519
2715,MpMbMpv,59,0,siteSCoutlet170710,Y,263523.1099,936.2254973,37803.60135,0.037803601,0.037832519
2716,MpMbMpv,60,0,siteSCoutlet170807,Y,267972.9067,936.2254973,37803.60135,0.037803601,0.037832519
2717,MpMbMpv,66,0,site0,Y,15113.24482,936.2254973,37803.60135,0.037803601,0.037832519
2718,MpMbMpv,67,0,siteSC-3B,Y,80412.83247,936.2254973,37803.60135,0.037803601,0.037832519
2719,MpMbMpv,74,0,siteSC-4B,Y,112154.2356,936.2254973,37803.60135,0.037803601,0.037832519
2720,MpMbMpv,78,0,siteSC-5B,Y,162850.4689,936.2254973,37803.60135,0.037803601,0.037832519
2721,MpMbMpv,79,0,siteSC-6B,Y,194569.6103,936.2254973,37803.60135,0.037803601,0.037832519
2722,MpMbMpv,82,0,siteSC-7B,Y,213971.6585,936.2254973,37803.60135,0.037803601,0.037832519
2723,Ct,56,0,SC-8B,Y,237453.753,4695.303986,487820.2724,0.487820272,0.488184093
2724,Ct,58,0,siteSC-9A,Y,258694.6456,4695.303986,487820.2724,0.487820272,0.488184093
2725,Ct,59,0,siteSCoutlet170710,Y,263523.1099,4695.303986,487820.2724,0.487820272,0.488184093
2726,Ct,60,0,siteSCoutlet170807,Y,267972.9067,4695.303986,487820.2724,0.487820272,0.488184093
2727,Ct,63,0,siteSC-2B,Y,63330.06746,4695.303986,487820.2724,0.487820272,0.488184093
2728,Ct,67,0,siteSC-3B,Y,80412.83247,4695.303986,487820.2724,0.487820272,0.488184093
2729,Ct,74,0,siteSC-4B,Y,112154.2356,4695.303986,487820.2724,0.487820272,0.488184093
2730,Ct,78,0,siteSC-5B,Y,162850.4689,4695.303986,487820.2724,0.487820272,0.488184093
2731,Ct,79,0,siteSC-6B,Y,194569.6103,4695.303986,487820.2724,0.487820272,0.488184093
2732,Ct,82,0,siteSC-7B,Y,213971.6585,4695.303986,487820.2724,0.487820272,0.488184093
2733,Ct,56,0,SC-8B,Y,237453.753,6874.12921,1437973.638,1.437973638,1.439053928
2734,Ct,58,0,siteSC-9A,Y,258694.6456,6874.12921,1437973.638,1.437973638,1.439053928
2735,Ct,59,0,siteSCoutlet170710,Y,263523.1099,6874.12921,1437973.638,1.437973638,1.439053928
2736,Ct,60,0,siteSCoutlet170807,Y,267972.9067,6874.12921,1437973.638,1.437973638,1.439053928
2737,Ct,63,0,siteSC-2B,Y,63330.06746,6874.12921,1437973.638,1.437973638,1.439053928
2738,Ct,67,0,siteSC-3B,Y,80412.83247,6874.12921,1437973.638,1.437973638,1.439053928
2739,Ct,74,0,siteSC-4B,Y,112154.2356,6874.12921,1437973.638,1.437973638,1.439053928
2740,Ct,78,0,siteSC-5B,Y,162850.4689,6874.12921,1437973.638,1.437973638,1.439053928
2741,Ct,79,0,siteSC-6B,Y,194569.6103,6874.12921,1437973.638,1.437973638,1.439053928
2742,Ct,82,0,siteSC-7B,Y,213971.6585,6874.12921,1437973.638,1.437973638,1.439053928
2743,Ct,56,0,SC-8B,Y,237453.753,2341.15426,221361.1271,0.221361127,0.221513452
2744,Ct,58,0,siteSC-9A,Y,258694.6456,2341.15426,221361.1271,0.221361127,0.221513452
2745,Ct,59,0,siteSCoutlet170710,Y,263523.1099,2341.15426,221361.1271,0.221361127,0.221513452
2746,Ct,60,0,siteSCoutlet170807,Y,267972.9067,2341.15426,221361.1271,0.221361127,0.221513452
2747,Ct,63,0,siteSC-2B,Y,63330.06746,2341.15426,221361.1271,0.221361127,0.221513452
2748,Ct,67,0,siteSC-3B,Y,80412.83247,2341.15426,221361.1271,0.221361127,0.221513452
2749,Ct,74,0,siteSC-4B,Y,112154.2356,2341.15426,221361.1271,0.221361127,0.221513452
2750,Ct,78,0,siteSC-5B,Y,162850.4689,2341.15426,221361.1271,0.221361127,0.221513452
2751,Ct,79,0,siteSC-6B,Y,194569.6103,2341.15426,221361.1271,0.221361127,0.221513452
2752,Ct,82,0,siteSC-7B,Y,213971.6585,2341.15426,221361.1271,0.221361127,0.221513452
2753,Ct,56,0,SC-8B,Y,237453.753,1670.97072,115129.4006,0.115129401,0.115212497
2754,Ct,58,0,siteSC-9A,Y,258694.6456,1670.97072,115129.4006,0.115129401,0.115212497
2755,Ct,59,0,siteSCoutlet170710,Y,263523.1099,1670.97072,115129.4006,0.115129401,0.115212497
2756,Ct,60,0,siteSCoutlet170807,Y,267972.9067,1670.97072,115129.4006,0.115129401,0.115212497
2757,Ct,63,0,siteSC-2B,Y,63330.06746,1670.97072,115129.4006,0.115129401,0.115212497
2758,Ct,67,0,siteSC-3B,Y,80412.83247,1670.97072,115129.4006,0.115129401,0.115212497
2759,Ct,74,0,siteSC-4B,Y,112154.2356,1670.97072,115129.4006,0.115129401,0.115212497
2760,Ct,78,0,siteSC-5B,Y,162850.4689,1670.97072,115129.4006,0.115129401,0.115212497
2761,Ct,79,0,siteSC-6B,Y,194569.6103,1670.97072,115129.4006,0.115129401,0.115212497
2762,Ct,82,0,siteSC-7B,Y,213971.6585,1670.97072,115129.4006,0.115129401,0.115212497
2763,Cv,56,0,SC-8B,Y,237453.753,438.1401213,3015.388811,0.003015389,0.003017448
2764,Cv,58,0,siteSC-9A,Y,258694.6456,438.1401213,3015.388811,0.003015389,0.003017448
2765,Cv,59,0,siteSCoutlet170710,Y,263523.1099,438.1401213,3015.388811,0.003015389,0.003017448
2766,Cv,60,0,siteSCoutlet170807,Y,267972.9067,438.1401213,3015.388811,0.003015389,0.003017448
2767,Cv,63,0,siteSC-2B,Y,63330.06746,438.1401213,3015.388811,0.003015389,0.003017448
2768,Cv,67,0,siteSC-3B,Y,80412.83247,438.1401213,3015.388811,0.003015389,0.003017448
2769,Cv,74,0,siteSC-4B,Y,112154.2356,438.1401213,3015.388811,0.003015389,0.003017448
2770,Cv,78,0,siteSC-5B,Y,162850.4689,438.1401213,3015.388811,0.003015389,0.003017448
2771,Cv,79,0,siteSC-6B,Y,194569.6103,438.1401213,3015.388811,0.003015389,0.003017448
2772,Cv,82,0,siteSC-7B,Y,213971.6585,438.1401213,3015.388811,0.003015389,0.003017448
2773,Cv,56,0,SC-8B,Y,237453.753,37756.8391,10551902.84,10.55190284,10.5599288
2774,Cv,58,0,siteSC-9A,Y,258694.6456,37756.8391,10551902.84,10.55190284,10.5599288
2775,Cv,59,0,siteSCoutlet170710,Y,263523.1099,37756.8391,10551902.84,10.55190284,10.5599288
2776,Cv,60,0,siteSCoutlet170807,Y,267972.9067,37756.8391,10551902.84,10.55190284,10.5599288
2777,Cv,63,0,siteSC-2B,Y,63330.06746,37756.8391,10551902.84,10.55190284,10.5599288
2778,Cv,67,0,siteSC-3B,Y,80412.83247,37756.8391,10551902.84,10.55190284,10.5599288
2779,Cv,74,0,siteSC-4B,Y,112154.2356,37756.8391,10551902.84,10.55190284,10.5599288
2780,Cv,78,0,siteSC-5B,Y,162850.4689,37756.8391,10551902.84,10.55190284,10.5599288
2781,Cv,79,0,siteSC-6B,Y,194569.6103,37756.8391,10551902.84,10.55190284,10.5599288
2782,Cv,82,0,siteSC-7B,Y,213971.6585,37756.8391,10551902.84,10.55190284,10.5599288
2783,Cv,56,0,SC-8B,Y,237453.753,9337.182792,2952205.006,2.952205006,2.954479471
2784,Cv,58,0,siteSC-9A,Y,258694.6456,9337.182792,2952205.006,2.952205006,2.954479471
2785,Cv,59,0,siteSCoutlet170710,Y,263523.1099,9337.182792,2952205.006,2.952205006,2.954479471
2786,Cv,60,0,siteSCoutlet170807,Y,267972.9067,9337.182792,2952205.006,2.952205006,2.954479471
2787,Cv,64,0,site8,Y,26835.75552,9337.182792,2952205.006,2.952205006,2.954479471
2788,Cv,67,0,siteSC-3B,Y,80412.83247,9337.182792,2952205.006,2.952205006,2.954479471
2789,Cv,74,0,siteSC-4B,Y,112154.2356,9337.182792,2952205.006,2.952205006,2.954479471
2790,Cv,78,0,siteSC-5B,Y,162850.4689,9337.182792,2952205.006,2.952205006,2.954479471
2791,Cv,79,0,siteSC-6B,Y,194569.6103,9337.182792,2952205.006,2.952205006,2.954479471
2792,Cv,82,0,siteSC-7B,Y,213971.6585,9337.182792,2952205.006,2.952205006,2.954479471
2793,Cv,56,0,SC-8B,Y,237453.753,373.2289514,6788.441104,0.006788441,0.006792736
2794,Cv,58,0,siteSC-9A,Y,258694.6456,373.2289514,6788.441104,0.006788441,0.006792736
2795,Cv,59,0,siteSCoutlet170710,Y,263523.1099,373.2289514,6788.441104,0.006788441,0.006792736
2796,Cv,60,0,siteSCoutlet170807,Y,267972.9067,373.2289514,6788.441104,0.006788441,0.006792736
2797,Cv,64,0,site8,Y,26835.75552,373.2289514,6788.441104,0.006788441,0.006792736
2798,Cv,67,0,siteSC-3B,Y,80412.83247,373.2289514,6788.441104,0.006788441,0.006792736
2799,Cv,74,0,siteSC-4B,Y,112154.2356,373.2289514,6788.441104,0.006788441,0.006792736
2800,Cv,78,0,siteSC-5B,Y,162850.4689,373.2289514,6788.441104,0.006788441,0.006792736
2801,Cv,79,0,siteSC-6B,Y,194569.6103,373.2289514,6788.441104,0.006788441,0.006792736
2802,Cv,82,0,siteSC-7B,Y,213971.6585,373.2289514,6788.441104,0.006788441,0.006792736
2803,Cv,56,0,SC-8B,Y,237453.753,404.955572,2885.14768,0.002885148,0.002887097
2804,Cv,58,0,siteSC-9A,Y,258694.6456,404.955572,2885.14768,0.002885148,0.002887097
2805,Cv,59,0,siteSCoutlet170710,Y,263523.1099,404.955572,2885.14768,0.002885148,0.002887097
2806,Cv,60,0,siteSCoutlet170807,Y,267972.9067,404.955572,2885.14768,0.002885148,0.002887097
2807,Cv,64,0,site8,Y,26835.75552,404.955572,2885.14768,0.002885148,0.002887097
2808,Cv,67,0,siteSC-3B,Y,80412.83247,404.955572,2885.14768,0.002885148,0.002887097
2809,Cv,74,0,siteSC-4B,Y,112154.2356,404.955572,2885.14768,0.002885148,0.002887097
2810,Cv,78,0,siteSC-5B,Y,162850.4689,404.955572,2885.14768,0.002885148,0.002887097
2811,Cv,79,0,siteSC-6B,Y,194569.6103,404.955572,2885.14768,0.002885148,0.002887097
2812,Cv,82,0,siteSC-7B,Y,213971.6585,404.955572,2885.14768,0.002885148,0.002887097
2813,Cx,56,0,SC-8B,Y,237453.753,3687.723223,484924.4548,0.484924455,0.485260878
2814,Cx,58,0,siteSC-9A,Y,258694.6456,3687.723223,484924.4548,0.484924455,0.485260878
2815,Cx,59,0,siteSCoutlet170710,Y,263523.1099,3687.723223,484924.4548,0.484924455,0.485260878
2816,Cx,60,0,siteSCoutlet170807,Y,267972.9067,3687.723223,484924.4548,0.484924455,0.485260878
2817,Cx,63,0,siteSC-2B,Y,63330.06746,3687.723223,484924.4548,0.484924455,0.485260878
2818,Cx,67,0,siteSC-3B,Y,80412.83247,3687.723223,484924.4548,0.484924455,0.485260878
2819,Cx,74,0,siteSC-4B,Y,112154.2356,3687.723223,484924.4548,0.484924455,0.485260878
2820,Cx,78,0,siteSC-5B,Y,162850.4689,3687.723223,484924.4548,0.484924455,0.485260878
2821,Cx,79,0,siteSC-6B,Y,194569.6103,3687.723223,484924.4548,0.484924455,0.485260878
2822,Cx,82,0,siteSC-7B,Y,213971.6585,3687.723223,484924.4548,0.484924455,0.485260878
2823,Cx,34,0,SEDNTS800150821,Y,16578.11229,691.2044277,10148.05279,0.010148053,0.010156017
2824,Cx,35,0,SEDNTS1000150706,Y,16970.26101,691.2044277,10148.05279,0.010148053,0.010156017
2825,Cx,36,0,SEDNTS1000150821,Y,17106.99654,691.2044277,10148.05279,0.010148053,0.010156017
2826,Cx,37,0,HAUPTS2160617,Y,18863.82625,691.2044277,10148.05279,0.010148053,0.010156017
2827,Cx,38,0,HAUPTS22160726,Y,18972.16236,691.2044277,10148.05279,0.010148053,0.010156017
2828,Cx,40,0,HADNTS3160726,Y,19759.42525,691.2044277,10148.05279,0.010148053,0.010156017
2829,Cx,41,0,S2UPTS4160617,Y,21949.53018,691.2044277,10148.05279,0.010148053,0.010156017
2830,Cx,43,0,S2DNTS5160617,Y,24551.93494,691.2044277,10148.05279,0.010148053,0.010156017
2831,Cx,44,0,S3UPTS6160730,Y,25887.85677,691.2044277,10148.05279,0.010148053,0.010156017
2832,Cx,46,0,S3DNTS7160730,Y,39206.58459,691.2044277,10148.05279,0.010148053,0.010156017
2833,R/Cv,56,0,SC-8B,Y,237453.753,8484.728735,228766.2772,0.228766277,0.228968812
2834,R/Cv,58,0,siteSC-9A,Y,258694.6456,8484.728735,228766.2772,0.228766277,0.228968812
2835,R/Cv,59,0,siteSCoutlet170710,Y,263523.1099,8484.728735,228766.2772,0.228766277,0.228968812
2836,R/Cv,60,0,siteSCoutlet170807,Y,267972.9067,8484.728735,228766.2772,0.228766277,0.228968812
2837,R/Cv,63,0,siteSC-2B,Y,63330.06746,8484.728735,228766.2772,0.228766277,0.228968812
2838,R/Cv,67,0,siteSC-3B,Y,80412.83247,8484.728735,228766.2772,0.228766277,0.228968812
2839,R/Cv,74,0,siteSC-4B,Y,112154.2356,8484.728735,228766.2772,0.228766277,0.228968812
2840,R/Cv,78,0,siteSC-5B,Y,162850.4689,8484.728735,228766.2772,0.228766277,0.228968812
2841,R/Cv,79,0,siteSC-6B,Y,194569.6103,8484.728735,228766.2772,0.228766277,0.228968812
2842,R/Cv,82,0,siteSC-7B,Y,213971.6585,8484.728735,228766.2772,0.228766277,0.228968812
2843,Mv,56,0,SC-8B,Y,237453.753,4207.709717,631097.2503,0.63109725,0.631560958
2844,Mv,58,0,siteSC-9A,Y,258694.6456,4207.709717,631097.2503,0.63109725,0.631560958
2845,Mv,59,0,siteSCoutlet170710,Y,263523.1099,4207.709717,631097.2503,0.63109725,0.631560958
2846,Mv,60,0,siteSCoutlet170807,Y,267972.9067,4207.709717,631097.2503,0.63109725,0.631560958
2847,Mv,63,0,siteSC-2B,Y,63330.06746,4207.709717,631097.2503,0.63109725,0.631560958
2848,Mv,67,0,siteSC-3B,Y,80412.83247,4207.709717,631097.2503,0.63109725,0.631560958
2849,Mv,74,0,siteSC-4B,Y,112154.2356,4207.709717,631097.2503,0.63109725,0.631560958
2850,Mv,78,0,siteSC-5B,Y,162850.4689,4207.709717,631097.2503,0.63109725,0.631560958
2851,Mv,79,0,siteSC-6B,Y,194569.6103,4207.709717,631097.2503,0.63109725,0.631560958
2852,Mv,82,0,siteSC-7B,Y,213971.6585,4207.709717,631097.2503,0.63109725,0.631560958
2853,MpMbMpv,34,0,SEDNTS800150821,Y,16578.11229,2328.025091,42066.3016,0.042066302,0.042098946
2854,MpMbMpv,35,0,SEDNTS1000150706,Y,16970.26101,2328.025091,42066.3016,0.042066302,0.042098946
2855,MpMbMpv,36,0,SEDNTS1000150821,Y,17106.99654,2328.025091,42066.3016,0.042066302,0.042098946
2856,MpMbMpv,37,0,HAUPTS2160617,Y,18863.82625,2328.025091,42066.3016,0.042066302,0.042098946
2857,MpMbMpv,38,0,HAUPTS22160726,Y,18972.16236,2328.025091,42066.3016,0.042066302,0.042098946
2858,MpMbMpv,40,0,HADNTS3160726,Y,19759.42525,2328.025091,42066.3016,0.042066302,0.042098946
2859,MpMbMpv,41,0,S2UPTS4160617,Y,21949.53018,2328.025091,42066.3016,0.042066302,0.042098946
2860,MpMbMpv,43,0,S2DNTS5160617,Y,24551.93494,2328.025091,42066.3016,0.042066302,0.042098946
2861,MpMbMpv,44,0,S3UPTS6160730,Y,25887.85677,2328.025091,42066.3016,0.042066302,0.042098946
2862,MpMbMpv,46,0,S3DNTS7160730,Y,39206.58459,2328.025091,42066.3016,0.042066302,0.042098946
2863,R/Cv,56,0,SC-8B,Y,237453.753,3063.582313,254357.099,0.254357099,0.254541914
2864,R/Cv,58,0,siteSC-9A,Y,258694.6456,3063.582313,254357.099,0.254357099,0.254541914
2865,R/Cv,59,0,siteSCoutlet170710,Y,263523.1099,3063.582313,254357.099,0.254357099,0.254541914
2866,R/Cv,60,0,siteSCoutlet170807,Y,267972.9067,3063.582313,254357.099,0.254357099,0.254541914
2867,R/Cv,61,0,site3,Y,50419.71437,3063.582313,254357.099,0.254357099,0.254541914
2868,R/Cv,63,0,siteSC-2B,Y,63330.06746,3063.582313,254357.099,0.254357099,0.254541914
2869,R/Cv,67,0,siteSC-3B,Y,80412.83247,3063.582313,254357.099,0.254357099,0.254541914
2870,R/Cv,74,0,siteSC-4B,Y,112154.2356,3063.582313,254357.099,0.254357099,0.254541914
2871,R/Cv,78,0,siteSC-5B,Y,162850.4689,3063.582313,254357.099,0.254357099,0.254541914
2872,R/Cv,79,0,siteSC-6B,Y,194569.6103,3063.582313,254357.099,0.254357099,0.254541914
2873,R/Cv,82,0,siteSC-7B,Y,213971.6585,3063.582313,254357.099,0.254357099,0.254541914
2874,Ct,56,0,SC-8B,Y,237453.753,2488.878519,314439.0078,0.314439008,0.314657232
2875,Ct,58,0,siteSC-9A,Y,258694.6456,2488.878519,314439.0078,0.314439008,0.314657232
2876,Ct,59,0,siteSCoutlet170710,Y,263523.1099,2488.878519,314439.0078,0.314439008,0.314657232
2877,Ct,60,0,siteSCoutlet170807,Y,267972.9067,2488.878519,314439.0078,0.314439008,0.314657232
2878,Ct,62,0,siteSC-1A,Y,29007.82242,2488.878519,314439.0078,0.314439008,0.314657232
2879,Ct,63,0,siteSC-2B,Y,63330.06746,2488.878519,314439.0078,0.314439008,0.314657232
2880,Ct,67,0,siteSC-3B,Y,80412.83247,2488.878519,314439.0078,0.314439008,0.314657232
2881,Ct,74,0,siteSC-4B,Y,112154.2356,2488.878519,314439.0078,0.314439008,0.314657232
2882,Ct,78,0,siteSC-5B,Y,162850.4689,2488.878519,314439.0078,0.314439008,0.314657232
2883,Ct,79,0,siteSC-6B,Y,194569.6103,2488.878519,314439.0078,0.314439008,0.314657232
2884,Ct,82,0,siteSC-7B,Y,213971.6585,2488.878519,314439.0078,0.314439008,0.314657232
2885,Ct,56,0,SC-8B,Y,237453.753,6067.094698,815399.4441,0.815399444,0.816017819
2886,Ct,58,0,siteSC-9A,Y,258694.6456,6067.094698,815399.4441,0.815399444,0.816017819
2887,Ct,59,0,siteSCoutlet170710,Y,263523.1099,6067.094698,815399.4441,0.815399444,0.816017819
2888,Ct,60,0,siteSCoutlet170807,Y,267972.9067,6067.094698,815399.4441,0.815399444,0.816017819
2889,Ct,62,0,siteSC-1A,Y,29007.82242,6067.094698,815399.4441,0.815399444,0.816017819
2890,Ct,63,0,siteSC-2B,Y,63330.06746,6067.094698,815399.4441,0.815399444,0.816017819
2891,Ct,67,0,siteSC-3B,Y,80412.83247,6067.094698,815399.4441,0.815399444,0.816017819
2892,Ct,74,0,siteSC-4B,Y,112154.2356,6067.094698,815399.4441,0.815399444,0.816017819
2893,Ct,78,0,siteSC-5B,Y,162850.4689,6067.094698,815399.4441,0.815399444,0.816017819
2894,Ct,79,0,siteSC-6B,Y,194569.6103,6067.094698,815399.4441,0.815399444,0.816017819
2895,Ct,82,0,siteSC-7B,Y,213971.6585,6067.094698,815399.4441,0.815399444,0.816017819
2896,R/Cv,56,0,SC-8B,Y,237453.753,4349.965474,865741.4681,0.865741468,0.866381093
2897,R/Cv,58,0,siteSC-9A,Y,258694.6456,4349.965474,865741.4681,0.865741468,0.866381093
2898,R/Cv,59,0,siteSCoutlet170710,Y,263523.1099,4349.965474,865741.4681,0.865741468,0.866381093
2899,R/Cv,60,0,siteSCoutlet170807,Y,267972.9067,4349.965474,865741.4681,0.865741468,0.866381093
2900,R/Cv,61,0,site3,Y,50419.71437,4349.965474,865741.4681,0.865741468,0.866381093
2901,R/Cv,63,0,siteSC-2B,Y,63330.06746,4349.965474,865741.4681,0.865741468,0.866381093
2902,R/Cv,67,0,siteSC-3B,Y,80412.83247,4349.965474,865741.4681,0.865741468,0.866381093
2903,R/Cv,74,0,siteSC-4B,Y,112154.2356,4349.965474,865741.4681,0.865741468,0.866381093
2904,R/Cv,78,0,siteSC-5B,Y,162850.4689,4349.965474,865741.4681,0.865741468,0.866381093
2905,R/Cv,79,0,siteSC-6B,Y,194569.6103,4349.965474,865741.4681,0.865741468,0.866381093
2906,R/Cv,82,0,siteSC-7B,Y,213971.6585,4349.965474,865741.4681,0.865741468,0.866381093
2907,MpMbMpv,56,0,SC-8B,Y,237453.753,4319.406342,193438.1867,0.193438187,0.193574635
2908,MpMbMpv,58,0,siteSC-9A,Y,258694.6456,4319.406342,193438.1867,0.193438187,0.193574635
2909,MpMbMpv,59,0,siteSCoutlet170710,Y,263523.1099,4319.406342,193438.1867,0.193438187,0.193574635
2910,MpMbMpv,60,0,siteSCoutlet170807,Y,267972.9067,4319.406342,193438.1867,0.193438187,0.193574635
2911,MpMbMpv,61,0,site3,Y,50419.71437,4319.406342,193438.1867,0.193438187,0.193574635
2912,MpMbMpv,63,0,siteSC-2B,Y,63330.06746,4319.406342,193438.1867,0.193438187,0.193574635
2913,MpMbMpv,67,0,siteSC-3B,Y,80412.83247,4319.406342,193438.1867,0.193438187,0.193574635
2914,MpMbMpv,74,0,siteSC-4B,Y,112154.2356,4319.406342,193438.1867,0.193438187,0.193574635
2915,MpMbMpv,78,0,siteSC-5B,Y,162850.4689,4319.406342,193438.1867,0.193438187,0.193574635
2916,MpMbMpv,79,0,siteSC-6B,Y,194569.6103,4319.406342,193438.1867,0.193438187,0.193574635
2917,MpMbMpv,82,0,siteSC-7B,Y,213971.6585,4319.406342,193438.1867,0.193438187,0.193574635
2918,MpMbMpv,56,0,SC-8B,Y,237453.753,1493.981609,58065.97817,0.058065978,0.058110261
2919,MpMbMpv,58,0,siteSC-9A,Y,258694.6456,1493.981609,58065.97817,0.058065978,0.058110261
2920,MpMbMpv,59,0,siteSCoutlet170710,Y,263523.1099,1493.981609,58065.97817,0.058065978,0.058110261
2921,MpMbMpv,60,0,siteSCoutlet170807,Y,267972.9067,1493.981609,58065.97817,0.058065978,0.058110261
2922,MpMbMpv,62,0,siteSC-1A,Y,29007.82242,1493.981609,58065.97817,0.058065978,0.058110261
2923,MpMbMpv,63,0,siteSC-2B,Y,63330.06746,1493.981609,58065.97817,0.058065978,0.058110261
2924,MpMbMpv,67,0,siteSC-3B,Y,80412.83247,1493.981609,58065.97817,0.058065978,0.058110261
2925,MpMbMpv,74,0,siteSC-4B,Y,112154.2356,1493.981609,58065.97817,0.058065978,0.058110261
2926,MpMbMpv,78,0,siteSC-5B,Y,162850.4689,1493.981609,58065.97817,0.058065978,0.058110261
2927,MpMbMpv,79,0,siteSC-6B,Y,194569.6103,1493.981609,58065.97817,0.058065978,0.058110261
2928,MpMbMpv,82,0,siteSC-7B,Y,213971.6585,1493.981609,58065.97817,0.058065978,0.058110261
2929,Ct,56,0,SC-8B,Y,237453.753,6519.699189,891212.7815,0.891212781,0.891872824
2930,Ct,58,0,siteSC-9A,Y,258694.6456,6519.699189,891212.7815,0.891212781,0.891872824
2931,Ct,59,0,siteSCoutlet170710,Y,263523.1099,6519.699189,891212.7815,0.891212781,0.891872824
2932,Ct,60,0,siteSCoutlet170807,Y,267972.9067,6519.699189,891212.7815,0.891212781,0.891872824
2933,Ct,62,0,siteSC-1A,Y,29007.82242,6519.699189,891212.7815,0.891212781,0.891872824
2934,Ct,63,0,siteSC-2B,Y,63330.06746,6519.699189,891212.7815,0.891212781,0.891872824
2935,Ct,67,0,siteSC-3B,Y,80412.83247,6519.699189,891212.7815,0.891212781,0.891872824
2936,Ct,74,0,siteSC-4B,Y,112154.2356,6519.699189,891212.7815,0.891212781,0.891872824
2937,Ct,78,0,siteSC-5B,Y,162850.4689,6519.699189,891212.7815,0.891212781,0.891872824
2938,Ct,79,0,siteSC-6B,Y,194569.6103,6519.699189,891212.7815,0.891212781,0.891872824
2939,Ct,82,0,siteSC-7B,Y,213971.6585,6519.699189,891212.7815,0.891212781,0.891872824
2940,Ct,56,0,SC-8B,Y,237453.753,6380.636704,919220.6007,0.919220601,0.919848764
2941,Ct,58,0,siteSC-9A,Y,258694.6456,6380.636704,919220.6007,0.919220601,0.919848764
2942,Ct,59,0,siteSCoutlet170710,Y,263523.1099,6380.636704,919220.6007,0.919220601,0.919848764
2943,Ct,60,0,siteSCoutlet170807,Y,267972.9067,6380.636704,919220.6007,0.919220601,0.919848764
2944,Ct,61,0,site3,Y,50419.71437,6380.636704,919220.6007,0.919220601,0.919848764
2945,Ct,63,0,siteSC-2B,Y,63330.06746,6380.636704,919220.6007,0.919220601,0.919848764
2946,Ct,67,0,siteSC-3B,Y,80412.83247,6380.636704,919220.6007,0.919220601,0.919848764
2947,Ct,74,0,siteSC-4B,Y,112154.2356,6380.636704,919220.6007,0.919220601,0.919848764
2948,Ct,78,0,siteSC-5B,Y,162850.4689,6380.636704,919220.6007,0.919220601,0.919848764
2949,Ct,79,0,siteSC-6B,Y,194569.6103,6380.636704,919220.6007,0.919220601,0.919848764
2950,Ct,82,0,siteSC-7B,Y,213971.6585,6380.636704,919220.6007,0.919220601,0.919848764
2951,Ct,56,0,SC-8B,Y,237453.753,477.8264421,2371.183831,0.002371184,0.002367885
2952,Ct,58,0,siteSC-9A,Y,258694.6456,477.8264421,2371.183831,0.002371184,0.002367885
2953,Ct,59,0,siteSCoutlet170710,Y,263523.1099,477.8264421,2371.183831,0.002371184,0.002367885
2954,Ct,60,0,siteSCoutlet170807,Y,267972.9067,477.8264421,2371.183831,0.002371184,0.002367885
2955,Ct,62,0,siteSC-1A,Y,29007.82242,477.8264421,2371.183831,0.002371184,0.002367885
2956,Ct,63,0,siteSC-2B,Y,63330.06746,477.8264421,2371.183831,0.002371184,0.002367885
2957,Ct,67,0,siteSC-3B,Y,80412.83247,477.8264421,2371.183831,0.002371184,0.002367885
2958,Ct,74,0,siteSC-4B,Y,112154.2356,477.8264421,2371.183831,0.002371184,0.002367885
2959,Ct,78,0,siteSC-5B,Y,162850.4689,477.8264421,2371.183831,0.002371184,0.002367885
2960,Ct,79,0,siteSC-6B,Y,194569.6103,477.8264421,2371.183831,0.002371184,0.002367885
2961,Ct,82,0,siteSC-7B,Y,213971.6585,477.8264421,2371.183831,0.002371184,0.002367885
2962,Cx,56,0,SC-8B,Y,237453.753,624.3563167,11032.23424,0.011032234,0.011039894
2963,Cx,58,0,siteSC-9A,Y,258694.6456,624.3563167,11032.23424,0.011032234,0.011039894
2964,Cx,59,0,siteSCoutlet170710,Y,263523.1099,624.3563167,11032.23424,0.011032234,0.011039894
2965,Cx,60,0,siteSCoutlet170807,Y,267972.9067,624.3563167,11032.23424,0.011032234,0.011039894
2966,Cx,61,0,site3,Y,50419.71437,624.3563167,11032.23424,0.011032234,0.011039894
2967,Cx,63,0,siteSC-2B,Y,63330.06746,624.3563167,11032.23424,0.011032234,0.011039894
2968,Cx,67,0,siteSC-3B,Y,80412.83247,624.3563167,11032.23424,0.011032234,0.011039894
2969,Cx,74,0,siteSC-4B,Y,112154.2356,624.3563167,11032.23424,0.011032234,0.011039894
2970,Cx,78,0,siteSC-5B,Y,162850.4689,624.3563167,11032.23424,0.011032234,0.011039894
2971,Cx,79,0,siteSC-6B,Y,194569.6103,624.3563167,11032.23424,0.011032234,0.011039894
2972,Cx,82,0,siteSC-7B,Y,213971.6585,624.3563167,11032.23424,0.011032234,0.011039894
2973,Cx,56,0,SC-8B,Y,237453.753,16963.91789,3272369.022,3.272369022,3.274776456
2974,Cx,58,0,siteSC-9A,Y,258694.6456,16963.91789,3272369.022,3.272369022,3.274776456
2975,Cx,59,0,siteSCoutlet170710,Y,263523.1099,16963.91789,3272369.022,3.272369022,3.274776456
2976,Cx,60,0,siteSCoutlet170807,Y,267972.9067,16963.91789,3272369.022,3.272369022,3.274776456
2977,Cx,62,0,siteSC-1A,Y,29007.82242,16963.91789,3272369.022,3.272369022,3.274776456
2978,Cx,63,0,siteSC-2B,Y,63330.06746,16963.91789,3272369.022,3.272369022,3.274776456
2979,Cx,67,0,siteSC-3B,Y,80412.83247,16963.91789,3272369.022,3.272369022,3.274776456
2980,Cx,74,0,siteSC-4B,Y,112154.2356,16963.91789,3272369.022,3.272369022,3.274776456
2981,Cx,78,0,siteSC-5B,Y,162850.4689,16963.91789,3272369.022,3.272369022,3.274776456
2982,Cx,79,0,siteSC-6B,Y,194569.6103,16963.91789,3272369.022,3.272369022,3.274776456
2983,Cx,82,0,siteSC-7B,Y,213971.6585,16963.91789,3272369.022,3.272369022,3.274776456
2984,Ct,56,0,SC-8B,Y,237453.753,2932.053453,150159.7613,0.150159761,0.150270907
2985,Ct,58,0,siteSC-9A,Y,258694.6456,2932.053453,150159.7613,0.150159761,0.150270907
2986,Ct,59,0,siteSCoutlet170710,Y,263523.1099,2932.053453,150159.7613,0.150159761,0.150270907
2987,Ct,60,0,siteSCoutlet170807,Y,267972.9067,2932.053453,150159.7613,0.150159761,0.150270907
2988,Ct,61,0,site3,Y,50419.71437,2932.053453,150159.7613,0.150159761,0.150270907
2989,Ct,63,0,siteSC-2B,Y,63330.06746,2932.053453,150159.7613,0.150159761,0.150270907
2990,Ct,67,0,siteSC-3B,Y,80412.83247,2932.053453,150159.7613,0.150159761,0.150270907
2991,Ct,74,0,siteSC-4B,Y,112154.2356,2932.053453,150159.7613,0.150159761,0.150270907
2992,Ct,78,0,siteSC-5B,Y,162850.4689,2932.053453,150159.7613,0.150159761,0.150270907
2993,Ct,79,0,siteSC-6B,Y,194569.6103,2932.053453,150159.7613,0.150159761,0.150270907
2994,Ct,82,0,siteSC-7B,Y,213971.6585,2932.053453,150159.7613,0.150159761,0.150270907
2995,Ct,56,0,SC-8B,Y,237453.753,2591.107863,75062.57315,0.075062573,0.075110482
2996,Ct,58,0,siteSC-9A,Y,258694.6456,2591.107863,75062.57315,0.075062573,0.075110482
2997,Ct,59,0,siteSCoutlet170710,Y,263523.1099,2591.107863,75062.57315,0.075062573,0.075110482
2998,Ct,60,0,siteSCoutlet170807,Y,267972.9067,2591.107863,75062.57315,0.075062573,0.075110482
2999,Ct,61,0,site3,Y,50419.71437,2591.107863,75062.57315,0.075062573,0.075110482
3000,Ct,63,0,siteSC-2B,Y,63330.06746,2591.107863,75062.57315,0.075062573,0.075110482
3001,Ct,67,0,siteSC-3B,Y,80412.83247,2591.107863,75062.57315,0.075062573,0.075110482
3002,Ct,74,0,siteSC-4B,Y,112154.2356,2591.107863,75062.57315,0.075062573,0.075110482
3003,Ct,78,0,siteSC-5B,Y,162850.4689,2591.107863,75062.57315,0.075062573,0.075110482
3004,Ct,79,0,siteSC-6B,Y,194569.6103,2591.107863,75062.57315,0.075062573,0.075110482
3005,Ct,82,0,siteSC-7B,Y,213971.6585,2591.107863,75062.57315,0.075062573,0.075110482
3006,Cv,56,0,SC-8B,Y,237453.753,38551.4231,13560350.28,13.56035028,13.57034083
3007,Cv,58,0,siteSC-9A,Y,258694.6456,38551.4231,13560350.28,13.56035028,13.57034083
3008,Cv,59,0,siteSCoutlet170710,Y,263523.1099,38551.4231,13560350.28,13.56035028,13.57034083
3009,Cv,60,0,siteSCoutlet170807,Y,267972.9067,38551.4231,13560350.28,13.56035028,13.57034083
3010,Cv,61,0,site3,Y,50419.71437,38551.4231,13560350.28,13.56035028,13.57034083
3011,Cv,63,0,siteSC-2B,Y,63330.06746,38551.4231,13560350.28,13.56035028,13.57034083
3012,Cv,67,0,siteSC-3B,Y,80412.83247,38551.4231,13560350.28,13.56035028,13.57034083
3013,Cv,74,0,siteSC-4B,Y,112154.2356,38551.4231,13560350.28,13.56035028,13.57034083
3014,Cv,78,0,siteSC-5B,Y,162850.4689,38551.4231,13560350.28,13.56035028,13.57034083
3015,Cv,79,0,siteSC-6B,Y,194569.6103,38551.4231,13560350.28,13.56035028,13.57034083
3016,Cv,82,0,siteSC-7B,Y,213971.6585,38551.4231,13560350.28,13.56035028,13.57034083
3017,Cx,56,0,SC-8B,Y,237453.753,91.85786537,468.327783,0.000468328,0.000468628
3018,Cx,58,0,siteSC-9A,Y,258694.6456,91.85786537,468.327783,0.000468328,0.000468628
3019,Cx,59,0,siteSCoutlet170710,Y,263523.1099,91.85786537,468.327783,0.000468328,0.000468628
3020,Cx,60,0,siteSCoutlet170807,Y,267972.9067,91.85786537,468.327783,0.000468328,0.000468628
3021,Cx,61,0,site3,Y,50419.71437,91.85786537,468.327783,0.000468328,0.000468628
3022,Cx,63,0,siteSC-2B,Y,63330.06746,91.85786537,468.327783,0.000468328,0.000468628
3023,Cx,67,0,siteSC-3B,Y,80412.83247,91.85786537,468.327783,0.000468328,0.000468628
3024,Cx,74,0,siteSC-4B,Y,112154.2356,91.85786537,468.327783,0.000468328,0.000468628
3025,Cx,78,0,siteSC-5B,Y,162850.4689,91.85786537,468.327783,0.000468328,0.000468628
3026,Cx,79,0,siteSC-6B,Y,194569.6103,91.85786537,468.327783,0.000468328,0.000468628
3027,Cx,82,0,siteSC-7B,Y,213971.6585,91.85786537,468.327783,0.000468328,0.000468628
3028,Cx,56,0,SC-8B,Y,237453.753,56716.63092,24094969.84,24.09496984,24.11408819
3029,Cx,58,0,siteSC-9A,Y,258694.6456,56716.63092,24094969.84,24.09496984,24.11408819
3030,Cx,59,0,siteSCoutlet170710,Y,263523.1099,56716.63092,24094969.84,24.09496984,24.11408819
3031,Cx,60,0,siteSCoutlet170807,Y,267972.9067,56716.63092,24094969.84,24.09496984,24.11408819
3032,Cx,61,0,site3,Y,50419.71437,56716.63092,24094969.84,24.09496984,24.11408819
3033,Cx,63,0,siteSC-2B,Y,63330.06746,56716.63092,24094969.84,24.09496984,24.11408819
3034,Cx,67,0,siteSC-3B,Y,80412.83247,56716.63092,24094969.84,24.09496984,24.11408819
3035,Cx,74,0,siteSC-4B,Y,112154.2356,56716.63092,24094969.84,24.09496984,24.11408819
3036,Cx,78,0,siteSC-5B,Y,162850.4689,56716.63092,24094969.84,24.09496984,24.11408819
3037,Cx,79,0,siteSC-6B,Y,194569.6103,56716.63092,24094969.84,24.09496984,24.11408819
3038,Cx,82,0,siteSC-7B,Y,213971.6585,56716.63092,24094969.84,24.09496984,24.11408819
3039,Cx,33,0,SEDNTS800150706,Y,16302.02121,835.459482,35795.38211,0.035795382,0.03582489
3040,Cx,34,0,SEDNTS800150821,Y,16578.11229,835.459482,35795.38211,0.035795382,0.03582489
3041,Cx,35,0,SEDNTS1000150706,Y,16970.26101,835.459482,35795.38211,0.035795382,0.03582489
3042,Cx,36,0,SEDNTS1000150821,Y,17106.99654,835.459482,35795.38211,0.035795382,0.03582489
3043,Cx,37,0,HAUPTS2160617,Y,18863.82625,835.459482,35795.38211,0.035795382,0.03582489
3044,Cx,38,0,HAUPTS22160726,Y,18972.16236,835.459482,35795.38211,0.035795382,0.03582489
3045,Cx,40,0,HADNTS3160726,Y,19759.42525,835.459482,35795.38211,0.035795382,0.03582489
3046,Cx,41,0,S2UPTS4160617,Y,21949.53018,835.459482,35795.38211,0.035795382,0.03582489
3047,Cx,43,0,S2DNTS5160617,Y,24551.93494,835.459482,35795.38211,0.035795382,0.03582489
3048,Cx,44,0,S3UPTS6160730,Y,25887.85677,835.459482,35795.38211,0.035795382,0.03582489
3049,Cx,46,0,S3DNTS7160730,Y,39206.58459,835.459482,35795.38211,0.035795382,0.03582489
3050,R/Cv,56,0,SC-8B,Y,237453.753,42216.21521,17495737.12,17.49573712,17.50930991
3051,R/Cv,58,0,siteSC-9A,Y,258694.6456,42216.21521,17495737.12,17.49573712,17.50930991
3052,R/Cv,59,0,siteSCoutlet170710,Y,263523.1099,42216.21521,17495737.12,17.49573712,17.50930991
3053,R/Cv,60,0,siteSCoutlet170807,Y,267972.9067,42216.21521,17495737.12,17.49573712,17.50930991
3054,R/Cv,61,0,site3,Y,50419.71437,42216.21521,17495737.12,17.49573712,17.50930991
3055,R/Cv,63,0,siteSC-2B,Y,63330.06746,42216.21521,17495737.12,17.49573712,17.50930991
3056,R/Cv,67,0,siteSC-3B,Y,80412.83247,42216.21521,17495737.12,17.49573712,17.50930991
3057,R/Cv,74,0,siteSC-4B,Y,112154.2356,42216.21521,17495737.12,17.49573712,17.50930991
3058,R/Cv,78,0,siteSC-5B,Y,162850.4689,42216.21521,17495737.12,17.49573712,17.50930991
3059,R/Cv,79,0,siteSC-6B,Y,194569.6103,42216.21521,17495737.12,17.49573712,17.50930991
3060,R/Cv,82,0,siteSC-7B,Y,213971.6585,42216.21521,17495737.12,17.49573712,17.50930991
3061,R/Cv,56,0,SC-8B,Y,237453.753,45423.66663,13217575.17,13.21757517,13.22815055
3062,R/Cv,58,0,siteSC-9A,Y,258694.6456,45423.66663,13217575.17,13.21757517,13.22815055
3063,R/Cv,59,0,siteSCoutlet170710,Y,263523.1099,45423.66663,13217575.17,13.21757517,13.22815055
3064,R/Cv,60,0,siteSCoutlet170807,Y,267972.9067,45423.66663,13217575.17,13.21757517,13.22815055
3065,R/Cv,62,0,siteSC-1A,Y,29007.82242,45423.66663,13217575.17,13.21757517,13.22815055
3066,R/Cv,63,0,siteSC-2B,Y,63330.06746,45423.66663,13217575.17,13.21757517,13.22815055
3067,R/Cv,67,0,siteSC-3B,Y,80412.83247,45423.66663,13217575.17,13.21757517,13.22815055
3068,R/Cv,74,0,siteSC-4B,Y,112154.2356,45423.66663,13217575.17,13.21757517,13.22815055
3069,R/Cv,78,0,siteSC-5B,Y,162850.4689,45423.66663,13217575.17,13.21757517,13.22815055
3070,R/Cv,79,0,siteSC-6B,Y,194569.6103,45423.66663,13217575.17,13.21757517,13.22815055
3071,R/Cv,82,0,siteSC-7B,Y,213971.6585,45423.66663,13217575.17,13.21757517,13.22815055
3072,Mv,56,0,SC-8B,Y,237453.753,3916.25369,412425.4104,0.41242541,0.412727955
3073,Mv,58,0,siteSC-9A,Y,258694.6456,3916.25369,412425.4104,0.41242541,0.412727955
3074,Mv,59,0,siteSCoutlet170710,Y,263523.1099,3916.25369,412425.4104,0.41242541,0.412727955
3075,Mv,60,0,siteSCoutlet170807,Y,267972.9067,3916.25369,412425.4104,0.41242541,0.412727955
3076,Mv,62,0,siteSC-1A,Y,29007.82242,3916.25369,412425.4104,0.41242541,0.412727955
3077,Mv,63,0,siteSC-2B,Y,63330.06746,3916.25369,412425.4104,0.41242541,0.412727955
3078,Mv,67,0,siteSC-3B,Y,80412.83247,3916.25369,412425.4104,0.41242541,0.412727955
3079,Mv,74,0,siteSC-4B,Y,112154.2356,3916.25369,412425.4104,0.41242541,0.412727955
3080,Mv,78,0,siteSC-5B,Y,162850.4689,3916.25369,412425.4104,0.41242541,0.412727955
3081,Mv,79,0,siteSC-6B,Y,194569.6103,3916.25369,412425.4104,0.41242541,0.412727955
3082,Mv,82,0,siteSC-7B,Y,213971.6585,3916.25369,412425.4104,0.41242541,0.412727955
3083,MpMbMpv,33,0,SEDNTS800150706,Y,16302.02121,2692.957989,140981.9394,0.140981939,0.141086412
3084,MpMbMpv,34,0,SEDNTS800150821,Y,16578.11229,2692.957989,140981.9394,0.140981939,0.141086412
3085,MpMbMpv,35,0,SEDNTS1000150706,Y,16970.26101,2692.957989,140981.9394,0.140981939,0.141086412
3086,MpMbMpv,36,0,SEDNTS1000150821,Y,17106.99654,2692.957989,140981.9394,0.140981939,0.141086412
3087,MpMbMpv,37,0,HAUPTS2160617,Y,18863.82625,2692.957989,140981.9394,0.140981939,0.141086412
3088,MpMbMpv,38,0,HAUPTS22160726,Y,18972.16236,2692.957989,140981.9394,0.140981939,0.141086412
3089,MpMbMpv,40,0,HADNTS3160726,Y,19759.42525,2692.957989,140981.9394,0.140981939,0.141086412
3090,MpMbMpv,41,0,S2UPTS4160617,Y,21949.53018,2692.957989,140981.9394,0.140981939,0.141086412
3091,MpMbMpv,43,0,S2DNTS5160617,Y,24551.93494,2692.957989,140981.9394,0.140981939,0.141086412
3092,MpMbMpv,44,0,S3UPTS6160730,Y,25887.85677,2692.957989,140981.9394,0.140981939,0.141086412
3093,MpMbMpv,46,0,S3DNTS7160730,Y,39206.58459,2692.957989,140981.9394,0.140981939,0.141086412
3094,Cv,56,0,SC-8B,Y,237453.753,2987.017588,507494.4094,0.507494409,0.50784968
3095,Cv,58,0,siteSC-9A,Y,258694.6456,2987.017588,507494.4094,0.507494409,0.50784968
3096,Cv,59,0,siteSCoutlet170710,Y,263523.1099,2987.017588,507494.4094,0.507494409,0.50784968
3097,Cv,60,0,siteSCoutlet170807,Y,267972.9067,2987.017588,507494.4094,0.507494409,0.50784968
3098,Cv,61,0,site3,Y,50419.71437,2987.017588,507494.4094,0.507494409,0.50784968
3099,Cv,63,0,siteSC-2B,Y,63330.06746,2987.017588,507494.4094,0.507494409,0.50784968
3100,Cv,67,0,siteSC-3B,Y,80412.83247,2987.017588,507494.4094,0.507494409,0.50784968
3101,Cv,74,0,siteSC-4B,Y,112154.2356,2987.017588,507494.4094,0.507494409,0.50784968
3102,Cv,78,0,siteSC-5B,Y,162850.4689,2987.017588,507494.4094,0.507494409,0.50784968
3103,Cv,79,0,siteSC-6B,Y,194569.6103,2987.017588,507494.4094,0.507494409,0.50784968
3104,Cv,82,0,siteSC-7B,Y,213971.6585,2987.017588,507494.4094,0.507494409,0.50784968
3105,Cx,56,0,SC-8B,Y,237453.753,2987.017588,507494.4094,0.507494409,0.50784968
3106,Cx,58,0,siteSC-9A,Y,258694.6456,2987.017588,507494.4094,0.507494409,0.50784968
3107,Cx,59,0,siteSCoutlet170710,Y,263523.1099,2987.017588,507494.4094,0.507494409,0.50784968
3108,Cx,60,0,siteSCoutlet170807,Y,267972.9067,2987.017588,507494.4094,0.507494409,0.50784968
3109,Cx,61,0,site3,Y,50419.71437,2987.017588,507494.4094,0.507494409,0.50784968
3110,Cx,63,0,siteSC-2B,Y,63330.06746,2987.017588,507494.4094,0.507494409,0.50784968
3111,Cx,67,0,siteSC-3B,Y,80412.83247,2987.017588,507494.4094,0.507494409,0.50784968
3112,Cx,74,0,siteSC-4B,Y,112154.2356,2987.017588,507494.4094,0.507494409,0.50784968
3113,Cx,78,0,siteSC-5B,Y,162850.4689,2987.017588,507494.4094,0.507494409,0.50784968
3114,Cx,79,0,siteSC-6B,Y,194569.6103,2987.017588,507494.4094,0.507494409,0.50784968
3115,Cx,82,0,siteSC-7B,Y,213971.6585,2987.017588,507494.4094,0.507494409,0.50784968
3116,Cx,32,0,SEDNTS600150821,Y,15902.13233,131.2733724,502.5867732,0.000502587,0.000502987
3117,Cx,33,0,SEDNTS800150706,Y,16302.02121,131.2733724,502.5867732,0.000502587,0.000502987
3118,Cx,34,0,SEDNTS800150821,Y,16578.11229,131.2733724,502.5867732,0.000502587,0.000502987
3119,Cx,35,0,SEDNTS1000150706,Y,16970.26101,131.2733724,502.5867732,0.000502587,0.000502987
3120,Cx,36,0,SEDNTS1000150821,Y,17106.99654,131.2733724,502.5867732,0.000502587,0.000502987
3121,Cx,37,0,HAUPTS2160617,Y,18863.82625,131.2733724,502.5867732,0.000502587,0.000502987
3122,Cx,38,0,HAUPTS22160726,Y,18972.16236,131.2733724,502.5867732,0.000502587,0.000502987
3123,Cx,40,0,HADNTS3160726,Y,19759.42525,131.2733724,502.5867732,0.000502587,0.000502987
3124,Cx,41,0,S2UPTS4160617,Y,21949.53018,131.2733724,502.5867732,0.000502587,0.000502987
3125,Cx,43,0,S2DNTS5160617,Y,24551.93494,131.2733724,502.5867732,0.000502587,0.000502987
3126,Cx,44,0,S3UPTS6160730,Y,25887.85677,131.2733724,502.5867732,0.000502587,0.000502987
3127,Cx,46,0,S3DNTS7160730,Y,39206.58459,131.2733724,502.5867732,0.000502587,0.000502987
3128,R/Cv,56,0,SC-8B,Y,237453.753,1603.105302,139981.614,0.139981614,0.140081371
3129,R/Cv,58,0,siteSC-9A,Y,258694.6456,1603.105302,139981.614,0.139981614,0.140081371
3130,R/Cv,59,0,siteSCoutlet170710,Y,263523.1099,1603.105302,139981.614,0.139981614,0.140081371
3131,R/Cv,60,0,siteSCoutlet170807,Y,267972.9067,1603.105302,139981.614,0.139981614,0.140081371
3132,R/Cv,61,0,site3,Y,50419.71437,1603.105302,139981.614,0.139981614,0.140081371
3133,R/Cv,63,0,siteSC-2B,Y,63330.06746,1603.105302,139981.614,0.139981614,0.140081371
3134,R/Cv,67,0,siteSC-3B,Y,80412.83247,1603.105302,139981.614,0.139981614,0.140081371
3135,R/Cv,74,0,siteSC-4B,Y,112154.2356,1603.105302,139981.614,0.139981614,0.140081371
3136,R/Cv,78,0,siteSC-5B,Y,162850.4689,1603.105302,139981.614,0.139981614,0.140081371
3137,R/Cv,79,0,siteSC-6B,Y,194569.6103,1603.105302,139981.614,0.139981614,0.140081371
3138,R/Cv,82,0,siteSC-7B,Y,213971.6585,1603.105302,139981.614,0.139981614,0.140081371
3139,R/Cv,56,0,SC-8B,Y,237453.753,1603.105302,139981.614,0.139981614,0.140081371
3140,R/Cv,58,0,siteSC-9A,Y,258694.6456,1603.105302,139981.614,0.139981614,0.140081371
3141,R/Cv,59,0,siteSCoutlet170710,Y,263523.1099,1603.105302,139981.614,0.139981614,0.140081371
3142,R/Cv,60,0,siteSCoutlet170807,Y,267972.9067,1603.105302,139981.614,0.139981614,0.140081371
3143,R/Cv,61,0,site3,Y,50419.71437,1603.105302,139981.614,0.139981614,0.140081371
3144,R/Cv,63,0,siteSC-2B,Y,63330.06746,1603.105302,139981.614,0.139981614,0.140081371
3145,R/Cv,67,0,siteSC-3B,Y,80412.83247,1603.105302,139981.614,0.139981614,0.140081371
3146,R/Cv,74,0,siteSC-4B,Y,112154.2356,1603.105302,139981.614,0.139981614,0.140081371
3147,R/Cv,78,0,siteSC-5B,Y,162850.4689,1603.105302,139981.614,0.139981614,0.140081371
3148,R/Cv,79,0,siteSC-6B,Y,194569.6103,1603.105302,139981.614,0.139981614,0.140081371
3149,R/Cv,82,0,siteSC-7B,Y,213971.6585,1603.105302,139981.614,0.139981614,0.140081371
3150,R/Cv,56,0,SC-8B,Y,237453.753,693.7238379,11495.268,0.011495268,0.011501278
3151,R/Cv,58,0,siteSC-9A,Y,258694.6456,693.7238379,11495.268,0.011495268,0.011501278
3152,R/Cv,59,0,siteSCoutlet170710,Y,263523.1099,693.7238379,11495.268,0.011495268,0.011501278
3153,R/Cv,60,0,siteSCoutlet170807,Y,267972.9067,693.7238379,11495.268,0.011495268,0.011501278
3154,R/Cv,62,0,siteSC-1A,Y,29007.82242,693.7238379,11495.268,0.011495268,0.011501278
3155,R/Cv,63,0,siteSC-2B,Y,63330.06746,693.7238379,11495.268,0.011495268,0.011501278
3156,R/Cv,67,0,siteSC-3B,Y,80412.83247,693.7238379,11495.268,0.011495268,0.011501278
3157,R/Cv,74,0,siteSC-4B,Y,112154.2356,693.7238379,11495.268,0.011495268,0.011501278
3158,R/Cv,78,0,siteSC-5B,Y,162850.4689,693.7238379,11495.268,0.011495268,0.011501278
3159,R/Cv,79,0,siteSC-6B,Y,194569.6103,693.7238379,11495.268,0.011495268,0.011501278
3160,R/Cv,82,0,siteSC-7B,Y,213971.6585,693.7238379,11495.268,0.011495268,0.011501278
3161,R/Cv,56,0,SC-8B,Y,237453.753,693.7238379,11495.268,0.011495268,0.011501278
3162,R/Cv,58,0,siteSC-9A,Y,258694.6456,693.7238379,11495.268,0.011495268,0.011501278
3163,R/Cv,59,0,siteSCoutlet170710,Y,263523.1099,693.7238379,11495.268,0.011495268,0.011501278
3164,R/Cv,60,0,siteSCoutlet170807,Y,267972.9067,693.7238379,11495.268,0.011495268,0.011501278
3165,R/Cv,62,0,siteSC-1A,Y,29007.82242,693.7238379,11495.268,0.011495268,0.011501278
3166,R/Cv,63,0,siteSC-2B,Y,63330.06746,693.7238379,11495.268,0.011495268,0.011501278
3167,R/Cv,67,0,siteSC-3B,Y,80412.83247,693.7238379,11495.268,0.011495268,0.011501278
3168,R/Cv,74,0,siteSC-4B,Y,112154.2356,693.7238379,11495.268,0.011495268,0.011501278
3169,R/Cv,78,0,siteSC-5B,Y,162850.4689,693.7238379,11495.268,0.011495268,0.011501278
3170,R/Cv,79,0,siteSC-6B,Y,194569.6103,693.7238379,11495.268,0.011495268,0.011501278
3171,R/Cv,82,0,siteSC-7B,Y,213971.6585,693.7238379,11495.268,0.011495268,0.011501278
3172,R/Cv,56,0,SC-8B,Y,237453.753,2046.470688,43769.28891,0.043769289,0.043805057
3173,R/Cv,58,0,siteSC-9A,Y,258694.6456,2046.470688,43769.28891,0.043769289,0.043805057
3174,R/Cv,59,0,siteSCoutlet170710,Y,263523.1099,2046.470688,43769.28891,0.043769289,0.043805057
3175,R/Cv,60,0,siteSCoutlet170807,Y,267972.9067,2046.470688,43769.28891,0.043769289,0.043805057
3176,R/Cv,61,0,site3,Y,50419.71437,2046.470688,43769.28891,0.043769289,0.043805057
3177,R/Cv,63,0,siteSC-2B,Y,63330.06746,2046.470688,43769.28891,0.043769289,0.043805057
3178,R/Cv,67,0,siteSC-3B,Y,80412.83247,2046.470688,43769.28891,0.043769289,0.043805057
3179,R/Cv,74,0,siteSC-4B,Y,112154.2356,2046.470688,43769.28891,0.043769289,0.043805057
3180,R/Cv,78,0,siteSC-5B,Y,162850.4689,2046.470688,43769.28891,0.043769289,0.043805057
3181,R/Cv,79,0,siteSC-6B,Y,194569.6103,2046.470688,43769.28891,0.043769289,0.043805057
3182,R/Cv,82,0,siteSC-7B,Y,213971.6585,2046.470688,43769.28891,0.043769289,0.043805057
3183,R/Cv,56,0,SC-8B,Y,237453.753,2046.470688,43769.28891,0.043769289,0.043805057
3184,R/Cv,58,0,siteSC-9A,Y,258694.6456,2046.470688,43769.28891,0.043769289,0.043805057
3185,R/Cv,59,0,siteSCoutlet170710,Y,263523.1099,2046.470688,43769.28891,0.043769289,0.043805057
3186,R/Cv,60,0,siteSCoutlet170807,Y,267972.9067,2046.470688,43769.28891,0.043769289,0.043805057
3187,R/Cv,61,0,site3,Y,50419.71437,2046.470688,43769.28891,0.043769289,0.043805057
3188,R/Cv,63,0,siteSC-2B,Y,63330.06746,2046.470688,43769.28891,0.043769289,0.043805057
3189,R/Cv,67,0,siteSC-3B,Y,80412.83247,2046.470688,43769.28891,0.043769289,0.043805057
3190,R/Cv,74,0,siteSC-4B,Y,112154.2356,2046.470688,43769.28891,0.043769289,0.043805057
3191,R/Cv,78,0,siteSC-5B,Y,162850.4689,2046.470688,43769.28891,0.043769289,0.043805057
3192,R/Cv,79,0,siteSC-6B,Y,194569.6103,2046.470688,43769.28891,0.043769289,0.043805057
3193,R/Cv,82,0,siteSC-7B,Y,213971.6585,2046.470688,43769.28891,0.043769289,0.043805057
3194,R/Cv,56,0,SC-8B,Y,237453.753,1718.97407,100030.5911,0.100030591,0.100103809
3195,R/Cv,58,0,siteSC-9A,Y,258694.6456,1718.97407,100030.5911,0.100030591,0.100103809
3196,R/Cv,59,0,siteSCoutlet170710,Y,263523.1099,1718.97407,100030.5911,0.100030591,0.100103809
3197,R/Cv,60,0,siteSCoutlet170807,Y,267972.9067,1718.97407,100030.5911,0.100030591,0.100103809
3198,R/Cv,62,0,siteSC-1A,Y,29007.82242,1718.97407,100030.5911,0.100030591,0.100103809
3199,R/Cv,63,0,siteSC-2B,Y,63330.06746,1718.97407,100030.5911,0.100030591,0.100103809
3200,R/Cv,67,0,siteSC-3B,Y,80412.83247,1718.97407,100030.5911,0.100030591,0.100103809
3201,R/Cv,74,0,siteSC-4B,Y,112154.2356,1718.97407,100030.5911,0.100030591,0.100103809
3202,R/Cv,78,0,siteSC-5B,Y,162850.4689,1718.97407,100030.5911,0.100030591,0.100103809
3203,R/Cv,79,0,siteSC-6B,Y,194569.6103,1718.97407,100030.5911,0.100030591,0.100103809
3204,R/Cv,82,0,siteSC-7B,Y,213971.6585,1718.97407,100030.5911,0.100030591,0.100103809
3205,R/Cv,56,0,SC-8B,Y,237453.753,1718.97407,100030.5911,0.100030591,0.100103809
3206,R/Cv,58,0,siteSC-9A,Y,258694.6456,1718.97407,100030.5911,0.100030591,0.100103809
3207,R/Cv,59,0,siteSCoutlet170710,Y,263523.1099,1718.97407,100030.5911,0.100030591,0.100103809
3208,R/Cv,60,0,siteSCoutlet170807,Y,267972.9067,1718.97407,100030.5911,0.100030591,0.100103809
3209,R/Cv,62,0,siteSC-1A,Y,29007.82242,1718.97407,100030.5911,0.100030591,0.100103809
3210,R/Cv,63,0,siteSC-2B,Y,63330.06746,1718.97407,100030.5911,0.100030591,0.100103809
3211,R/Cv,67,0,siteSC-3B,Y,80412.83247,1718.97407,100030.5911,0.100030591,0.100103809
3212,R/Cv,74,0,siteSC-4B,Y,112154.2356,1718.97407,100030.5911,0.100030591,0.100103809
3213,R/Cv,78,0,siteSC-5B,Y,162850.4689,1718.97407,100030.5911,0.100030591,0.100103809
3214,R/Cv,79,0,siteSC-6B,Y,194569.6103,1718.97407,100030.5911,0.100030591,0.100103809
3215,R/Cv,82,0,siteSC-7B,Y,213971.6585,1718.97407,100030.5911,0.100030591,0.100103809
3216,R/Cv,56,0,SC-8B,Y,237453.753,9907.544923,3095236.387,3.095236387,3.097537435
3217,R/Cv,58,0,siteSC-9A,Y,258694.6456,9907.544923,3095236.387,3.095236387,3.097537435
3218,R/Cv,59,0,siteSCoutlet170710,Y,263523.1099,9907.544923,3095236.387,3.095236387,3.097537435
3219,R/Cv,60,0,siteSCoutlet170807,Y,267972.9067,9907.544923,3095236.387,3.095236387,3.097537435
3220,R/Cv,61,0,site3,Y,50419.71437,9907.544923,3095236.387,3.095236387,3.097537435
3221,R/Cv,63,0,siteSC-2B,Y,63330.06746,9907.544923,3095236.387,3.095236387,3.097537435
3222,R/Cv,67,0,siteSC-3B,Y,80412.83247,9907.544923,3095236.387,3.095236387,3.097537435
3223,R/Cv,74,0,siteSC-4B,Y,112154.2356,9907.544923,3095236.387,3.095236387,3.097537435
3224,R/Cv,78,0,siteSC-5B,Y,162850.4689,9907.544923,3095236.387,3.095236387,3.097537435
3225,R/Cv,79,0,siteSC-6B,Y,194569.6103,9907.544923,3095236.387,3.095236387,3.097537435
3226,R/Cv,82,0,siteSC-7B,Y,213971.6585,9907.544923,3095236.387,3.095236387,3.097537435
3227,R/Cv,56,0,SC-8B,Y,237453.753,9907.544923,3095236.387,3.095236387,3.097537435
3228,R/Cv,58,0,siteSC-9A,Y,258694.6456,9907.544923,3095236.387,3.095236387,3.097537435
3229,R/Cv,59,0,siteSCoutlet170710,Y,263523.1099,9907.544923,3095236.387,3.095236387,3.097537435
3230,R/Cv,60,0,siteSCoutlet170807,Y,267972.9067,9907.544923,3095236.387,3.095236387,3.097537435
3231,R/Cv,61,0,site3,Y,50419.71437,9907.544923,3095236.387,3.095236387,3.097537435
3232,R/Cv,63,0,siteSC-2B,Y,63330.06746,9907.544923,3095236.387,3.095236387,3.097537435
3233,R/Cv,67,0,siteSC-3B,Y,80412.83247,9907.544923,3095236.387,3.095236387,3.097537435
3234,R/Cv,74,0,siteSC-4B,Y,112154.2356,9907.544923,3095236.387,3.095236387,3.097537435
3235,R/Cv,78,0,siteSC-5B,Y,162850.4689,9907.544923,3095236.387,3.095236387,3.097537435
3236,R/Cv,79,0,siteSC-6B,Y,194569.6103,9907.544923,3095236.387,3.095236387,3.097537435
3237,R/Cv,82,0,siteSC-7B,Y,213971.6585,9907.544923,3095236.387,3.095236387,3.097537435
3238,R/Cv,56,0,SC-8B,Y,237453.753,392.7305053,3524.529606,0.00352453,0.003527216
3239,R/Cv,58,0,siteSC-9A,Y,258694.6456,392.7305053,3524.529606,0.00352453,0.003527216
3240,R/Cv,59,0,siteSCoutlet170710,Y,263523.1099,392.7305053,3524.529606,0.00352453,0.003527216
3241,R/Cv,60,0,siteSCoutlet170807,Y,267972.9067,392.7305053,3524.529606,0.00352453,0.003527216
3242,R/Cv,62,0,siteSC-1A,Y,29007.82242,392.7305053,3524.529606,0.00352453,0.003527216
3243,R/Cv,63,0,siteSC-2B,Y,63330.06746,392.7305053,3524.529606,0.00352453,0.003527216
3244,R/Cv,67,0,siteSC-3B,Y,80412.83247,392.7305053,3524.529606,0.00352453,0.003527216
3245,R/Cv,74,0,siteSC-4B,Y,112154.2356,392.7305053,3524.529606,0.00352453,0.003527216
3246,R/Cv,78,0,siteSC-5B,Y,162850.4689,392.7305053,3524.529606,0.00352453,0.003527216
3247,R/Cv,79,0,siteSC-6B,Y,194569.6103,392.7305053,3524.529606,0.00352453,0.003527216
3248,R/Cv,82,0,siteSC-7B,Y,213971.6585,392.7305053,3524.529606,0.00352453,0.003527216
3249,R/Cv,56,0,SC-8B,Y,237453.753,392.7305053,3524.529606,0.00352453,0.003527216
3250,R/Cv,58,0,siteSC-9A,Y,258694.6456,392.7305053,3524.529606,0.00352453,0.003527216
3251,R/Cv,59,0,siteSCoutlet170710,Y,263523.1099,392.7305053,3524.529606,0.00352453,0.003527216
3252,R/Cv,60,0,siteSCoutlet170807,Y,267972.9067,392.7305053,3524.529606,0.00352453,0.003527216
3253,R/Cv,62,0,siteSC-1A,Y,29007.82242,392.7305053,3524.529606,0.00352453,0.003527216
3254,R/Cv,63,0,siteSC-2B,Y,63330.06746,392.7305053,3524.529606,0.00352453,0.003527216
3255,R/Cv,67,0,siteSC-3B,Y,80412.83247,392.7305053,3524.529606,0.00352453,0.003527216
3256,R/Cv,74,0,siteSC-4B,Y,112154.2356,392.7305053,3524.529606,0.00352453,0.003527216
3257,R/Cv,78,0,siteSC-5B,Y,162850.4689,392.7305053,3524.529606,0.00352453,0.003527216
3258,R/Cv,79,0,siteSC-6B,Y,194569.6103,392.7305053,3524.529606,0.00352453,0.003527216
3259,R/Cv,82,0,siteSC-7B,Y,213971.6585,392.7305053,3524.529606,0.00352453,0.003527216
3260,MpMbMpv,32,0,SEDNTS600150821,Y,15902.13233,1769.106318,17952.29469,0.017952295,0.017966186
3261,MpMbMpv,33,0,SEDNTS800150706,Y,16302.02121,1769.106318,17952.29469,0.017952295,0.017966186
3262,MpMbMpv,34,0,SEDNTS800150821,Y,16578.11229,1769.106318,17952.29469,0.017952295,0.017966186
3263,MpMbMpv,35,0,SEDNTS1000150706,Y,16970.26101,1769.106318,17952.29469,0.017952295,0.017966186
3264,MpMbMpv,36,0,SEDNTS1000150821,Y,17106.99654,1769.106318,17952.29469,0.017952295,0.017966186
3265,MpMbMpv,37,0,HAUPTS2160617,Y,18863.82625,1769.106318,17952.29469,0.017952295,0.017966186
3266,MpMbMpv,38,0,HAUPTS22160726,Y,18972.16236,1769.106318,17952.29469,0.017952295,0.017966186
3267,MpMbMpv,40,0,HADNTS3160726,Y,19759.42525,1769.106318,17952.29469,0.017952295,0.017966186
3268,MpMbMpv,41,0,S2UPTS4160617,Y,21949.53018,1769.106318,17952.29469,0.017952295,0.017966186
3269,MpMbMpv,43,0,S2DNTS5160617,Y,24551.93494,1769.106318,17952.29469,0.017952295,0.017966186
3270,MpMbMpv,44,0,S3UPTS6160730,Y,25887.85677,1769.106318,17952.29469,0.017952295,0.017966186
3271,MpMbMpv,46,0,S3DNTS7160730,Y,39206.58459,1769.106318,17952.29469,0.017952295,0.017966186
3272,Cx,31,0,SEDNTS600150706,Y,15884.06925,777.7916098,32027.92795,0.032027928,0.032051994
3273,Cx,32,0,SEDNTS600150821,Y,15902.13233,777.7916098,32027.92795,0.032027928,0.032051994
3274,Cx,33,0,SEDNTS800150706,Y,16302.02121,777.7916098,32027.92795,0.032027928,0.032051994
3275,Cx,34,0,SEDNTS800150821,Y,16578.11229,777.7916098,32027.92795,0.032027928,0.032051994
3276,Cx,35,0,SEDNTS1000150706,Y,16970.26101,777.7916098,32027.92795,0.032027928,0.032051994
3277,Cx,36,0,SEDNTS1000150821,Y,17106.99654,777.7916098,32027.92795,0.032027928,0.032051994
3278,Cx,37,0,HAUPTS2160617,Y,18863.82625,777.7916098,32027.92795,0.032027928,0.032051994
3279,Cx,38,0,HAUPTS22160726,Y,18972.16236,777.7916098,32027.92795,0.032027928,0.032051994
3280,Cx,40,0,HADNTS3160726,Y,19759.42525,777.7916098,32027.92795,0.032027928,0.032051994
3281,Cx,41,0,S2UPTS4160617,Y,21949.53018,777.7916098,32027.92795,0.032027928,0.032051994
3282,Cx,43,0,S2DNTS5160617,Y,24551.93494,777.7916098,32027.92795,0.032027928,0.032051994
3283,Cx,44,0,S3UPTS6160730,Y,25887.85677,777.7916098,32027.92795,0.032027928,0.032051994
3284,Cx,46,0,S3DNTS7160730,Y,39206.58459,777.7916098,32027.92795,0.032027928,0.032051994
3285,MpMbMpv,31,0,SEDNTS600150706,Y,15884.06925,2871.151242,82878.22823,0.082878228,0.082945858
3286,MpMbMpv,32,0,SEDNTS600150821,Y,15902.13233,2871.151242,82878.22823,0.082878228,0.082945858
3287,MpMbMpv,33,0,SEDNTS800150706,Y,16302.02121,2871.151242,82878.22823,0.082878228,0.082945858
3288,MpMbMpv,34,0,SEDNTS800150821,Y,16578.11229,2871.151242,82878.22823,0.082878228,0.082945858
3289,MpMbMpv,35,0,SEDNTS1000150706,Y,16970.26101,2871.151242,82878.22823,0.082878228,0.082945858
3290,MpMbMpv,36,0,SEDNTS1000150821,Y,17106.99654,2871.151242,82878.22823,0.082878228,0.082945858
3291,MpMbMpv,37,0,HAUPTS2160617,Y,18863.82625,2871.151242,82878.22823,0.082878228,0.082945858
3292,MpMbMpv,38,0,HAUPTS22160726,Y,18972.16236,2871.151242,82878.22823,0.082878228,0.082945858
3293,MpMbMpv,40,0,HADNTS3160726,Y,19759.42525,2871.151242,82878.22823,0.082878228,0.082945858
3294,MpMbMpv,41,0,S2UPTS4160617,Y,21949.53018,2871.151242,82878.22823,0.082878228,0.082945858
3295,MpMbMpv,43,0,S2DNTS5160617,Y,24551.93494,2871.151242,82878.22823,0.082878228,0.082945858
3296,MpMbMpv,44,0,S3UPTS6160730,Y,25887.85677,2871.151242,82878.22823,0.082878228,0.082945858
3297,MpMbMpv,46,0,S3DNTS7160730,Y,39206.58459,2871.151242,82878.22823,0.082878228,0.082945858
3298,Cx,30,0,SEDNTS400150821,Y,15649.33772,596.9546734,10827.37721,0.010827377,0.010835568
3299,Cx,31,0,SEDNTS600150706,Y,15884.06925,596.9546734,10827.37721,0.010827377,0.010835568
3300,Cx,32,0,SEDNTS600150821,Y,15902.13233,596.9546734,10827.37721,0.010827377,0.010835568
3301,Cx,33,0,SEDNTS800150706,Y,16302.02121,596.9546734,10827.37721,0.010827377,0.010835568
3302,Cx,34,0,SEDNTS800150821,Y,16578.11229,596.9546734,10827.37721,0.010827377,0.010835568
3303,Cx,35,0,SEDNTS1000150706,Y,16970.26101,596.9546734,10827.37721,0.010827377,0.010835568
3304,Cx,36,0,SEDNTS1000150821,Y,17106.99654,596.9546734,10827.37721,0.010827377,0.010835568
3305,Cx,37,0,HAUPTS2160617,Y,18863.82625,596.9546734,10827.37721,0.010827377,0.010835568
3306,Cx,38,0,HAUPTS22160726,Y,18972.16236,596.9546734,10827.37721,0.010827377,0.010835568
3307,Cx,40,0,HADNTS3160726,Y,19759.42525,596.9546734,10827.37721,0.010827377,0.010835568
3308,Cx,41,0,S2UPTS4160617,Y,21949.53018,596.9546734,10827.37721,0.010827377,0.010835568
3309,Cx,43,0,S2DNTS5160617,Y,24551.93494,596.9546734,10827.37721,0.010827377,0.010835568
3310,Cx,44,0,S3UPTS6160730,Y,25887.85677,596.9546734,10827.37721,0.010827377,0.010835568
3311,Cx,46,0,S3DNTS7160730,Y,39206.58459,596.9546734,10827.37721,0.010827377,0.010835568
3312,MpMbMpv,30,0,SEDNTS400150821,Y,15649.33772,2601.156125,33206.0178,0.033206018,0.033233284
3313,MpMbMpv,31,0,SEDNTS600150706,Y,15884.06925,2601.156125,33206.0178,0.033206018,0.033233284
3314,MpMbMpv,32,0,SEDNTS600150821,Y,15902.13233,2601.156125,33206.0178,0.033206018,0.033233284
3315,MpMbMpv,33,0,SEDNTS800150706,Y,16302.02121,2601.156125,33206.0178,0.033206018,0.033233284
3316,MpMbMpv,34,0,SEDNTS800150821,Y,16578.11229,2601.156125,33206.0178,0.033206018,0.033233284
3317,MpMbMpv,35,0,SEDNTS1000150706,Y,16970.26101,2601.156125,33206.0178,0.033206018,0.033233284
3318,MpMbMpv,36,0,SEDNTS1000150821,Y,17106.99654,2601.156125,33206.0178,0.033206018,0.033233284
3319,MpMbMpv,37,0,HAUPTS2160617,Y,18863.82625,2601.156125,33206.0178,0.033206018,0.033233284
3320,MpMbMpv,38,0,HAUPTS22160726,Y,18972.16236,2601.156125,33206.0178,0.033206018,0.033233284
3321,MpMbMpv,40,0,HADNTS3160726,Y,19759.42525,2601.156125,33206.0178,0.033206018,0.033233284
3322,MpMbMpv,41,0,S2UPTS4160617,Y,21949.53018,2601.156125,33206.0178,0.033206018,0.033233284
3323,MpMbMpv,43,0,S2DNTS5160617,Y,24551.93494,2601.156125,33206.0178,0.033206018,0.033233284
3324,MpMbMpv,44,0,S3UPTS6160730,Y,25887.85677,2601.156125,33206.0178,0.033206018,0.033233284
3325,MpMbMpv,46,0,S3DNTS7160730,Y,39206.58459,2601.156125,33206.0178,0.033206018,0.033233284
3326,Cx,29,0,SEDNTS400150706,Y,15631.28914,512.1783099,6868.892459,0.006868892,0.006873991
3327,Cx,30,0,SEDNTS400150821,Y,15649.33772,512.1783099,6868.892459,0.006868892,0.006873991
3328,Cx,31,0,SEDNTS600150706,Y,15884.06925,512.1783099,6868.892459,0.006868892,0.006873991
3329,Cx,32,0,SEDNTS600150821,Y,15902.13233,512.1783099,6868.892459,0.006868892,0.006873991
3330,Cx,33,0,SEDNTS800150706,Y,16302.02121,512.1783099,6868.892459,0.006868892,0.006873991
3331,Cx,34,0,SEDNTS800150821,Y,16578.11229,512.1783099,6868.892459,0.006868892,0.006873991
3332,Cx,35,0,SEDNTS1000150706,Y,16970.26101,512.1783099,6868.892459,0.006868892,0.006873991
3333,Cx,36,0,SEDNTS1000150821,Y,17106.99654,512.1783099,6868.892459,0.006868892,0.006873991
3334,Cx,37,0,HAUPTS2160617,Y,18863.82625,512.1783099,6868.892459,0.006868892,0.006873991
3335,Cx,38,0,HAUPTS22160726,Y,18972.16236,512.1783099,6868.892459,0.006868892,0.006873991
3336,Cx,40,0,HADNTS3160726,Y,19759.42525,512.1783099,6868.892459,0.006868892,0.006873991
3337,Cx,41,0,S2UPTS4160617,Y,21949.53018,512.1783099,6868.892459,0.006868892,0.006873991
3338,Cx,43,0,S2DNTS5160617,Y,24551.93494,512.1783099,6868.892459,0.006868892,0.006873991
3339,Cx,44,0,S3UPTS6160730,Y,25887.85677,512.1783099,6868.892459,0.006868892,0.006873991
3340,Cx,46,0,S3DNTS7160730,Y,39206.58459,512.1783099,6868.892459,0.006868892,0.006873991
3341,MpMbMpv,29,0,SEDNTS400150706,Y,15631.28914,1283.142227,10535.43587,0.010535436,0.010544138
3342,MpMbMpv,30,0,SEDNTS400150821,Y,15649.33772,1283.142227,10535.43587,0.010535436,0.010544138
3343,MpMbMpv,31,0,SEDNTS600150706,Y,15884.06925,1283.142227,10535.43587,0.010535436,0.010544138
3344,MpMbMpv,32,0,SEDNTS600150821,Y,15902.13233,1283.142227,10535.43587,0.010535436,0.010544138
3345,MpMbMpv,33,0,SEDNTS800150706,Y,16302.02121,1283.142227,10535.43587,0.010535436,0.010544138
3346,MpMbMpv,34,0,SEDNTS800150821,Y,16578.11229,1283.142227,10535.43587,0.010535436,0.010544138
3347,MpMbMpv,35,0,SEDNTS1000150706,Y,16970.26101,1283.142227,10535.43587,0.010535436,0.010544138
3348,MpMbMpv,36,0,SEDNTS1000150821,Y,17106.99654,1283.142227,10535.43587,0.010535436,0.010544138
3349,MpMbMpv,37,0,HAUPTS2160617,Y,18863.82625,1283.142227,10535.43587,0.010535436,0.010544138
3350,MpMbMpv,38,0,HAUPTS22160726,Y,18972.16236,1283.142227,10535.43587,0.010535436,0.010544138
3351,MpMbMpv,40,0,HADNTS3160726,Y,19759.42525,1283.142227,10535.43587,0.010535436,0.010544138
3352,MpMbMpv,41,0,S2UPTS4160617,Y,21949.53018,1283.142227,10535.43587,0.010535436,0.010544138
3353,MpMbMpv,43,0,S2DNTS5160617,Y,24551.93494,1283.142227,10535.43587,0.010535436,0.010544138
3354,MpMbMpv,44,0,S3UPTS6160730,Y,25887.85677,1283.142227,10535.43587,0.010535436,0.010544138
3355,MpMbMpv,46,0,S3DNTS7160730,Y,39206.58459,1283.142227,10535.43587,0.010535436,0.010544138
3356,Cx,28,0,SEDNTSC160725,Y,15595.17638,441.5741336,3053.152709,0.003053153,0.003055399
3357,Cx,29,0,SEDNTS400150706,Y,15631.28914,441.5741336,3053.152709,0.003053153,0.003055399
3358,Cx,30,0,SEDNTS400150821,Y,15649.33772,441.5741336,3053.152709,0.003053153,0.003055399
3359,Cx,31,0,SEDNTS600150706,Y,15884.06925,441.5741336,3053.152709,0.003053153,0.003055399
3360,Cx,32,0,SEDNTS600150821,Y,15902.13233,441.5741336,3053.152709,0.003053153,0.003055399
3361,Cx,33,0,SEDNTS800150706,Y,16302.02121,441.5741336,3053.152709,0.003053153,0.003055399
3362,Cx,34,0,SEDNTS800150821,Y,16578.11229,441.5741336,3053.152709,0.003053153,0.003055399
3363,Cx,35,0,SEDNTS1000150706,Y,16970.26101,441.5741336,3053.152709,0.003053153,0.003055399
3364,Cx,36,0,SEDNTS1000150821,Y,17106.99654,441.5741336,3053.152709,0.003053153,0.003055399
3365,Cx,37,0,HAUPTS2160617,Y,18863.82625,441.5741336,3053.152709,0.003053153,0.003055399
3366,Cx,38,0,HAUPTS22160726,Y,18972.16236,441.5741336,3053.152709,0.003053153,0.003055399
3367,Cx,40,0,HADNTS3160726,Y,19759.42525,441.5741336,3053.152709,0.003053153,0.003055399
3368,Cx,41,0,S2UPTS4160617,Y,21949.53018,441.5741336,3053.152709,0.003053153,0.003055399
3369,Cx,43,0,S2DNTS5160617,Y,24551.93494,441.5741336,3053.152709,0.003053153,0.003055399
3370,Cx,44,0,S3UPTS6160730,Y,25887.85677,441.5741336,3053.152709,0.003053153,0.003055399
3371,Cx,46,0,S3DNTS7160730,Y,39206.58459,441.5741336,3053.152709,0.003053153,0.003055399
3372,MpMbMpv,28,0,SEDNTSC160725,Y,15595.17638,1078.595667,8060.232814,0.008060233,0.008066983
3373,MpMbMpv,29,0,SEDNTS400150706,Y,15631.28914,1078.595667,8060.232814,0.008060233,0.008066983
3374,MpMbMpv,30,0,SEDNTS400150821,Y,15649.33772,1078.595667,8060.232814,0.008060233,0.008066983
3375,MpMbMpv,31,0,SEDNTS600150706,Y,15884.06925,1078.595667,8060.232814,0.008060233,0.008066983
3376,MpMbMpv,32,0,SEDNTS600150821,Y,15902.13233,1078.595667,8060.232814,0.008060233,0.008066983
3377,MpMbMpv,33,0,SEDNTS800150706,Y,16302.02121,1078.595667,8060.232814,0.008060233,0.008066983
3378,MpMbMpv,34,0,SEDNTS800150821,Y,16578.11229,1078.595667,8060.232814,0.008060233,0.008066983
3379,MpMbMpv,35,0,SEDNTS1000150706,Y,16970.26101,1078.595667,8060.232814,0.008060233,0.008066983
3380,MpMbMpv,36,0,SEDNTS1000150821,Y,17106.99654,1078.595667,8060.232814,0.008060233,0.008066983
3381,MpMbMpv,37,0,HAUPTS2160617,Y,18863.82625,1078.595667,8060.232814,0.008060233,0.008066983
3382,MpMbMpv,38,0,HAUPTS22160726,Y,18972.16236,1078.595667,8060.232814,0.008060233,0.008066983
3383,MpMbMpv,40,0,HADNTS3160726,Y,19759.42525,1078.595667,8060.232814,0.008060233,0.008066983
3384,MpMbMpv,41,0,S2UPTS4160617,Y,21949.53018,1078.595667,8060.232814,0.008060233,0.008066983
3385,MpMbMpv,43,0,S2DNTS5160617,Y,24551.93494,1078.595667,8060.232814,0.008060233,0.008066983
3386,MpMbMpv,44,0,S3UPTS6160730,Y,25887.85677,1078.595667,8060.232814,0.008060233,0.008066983
3387,MpMbMpv,46,0,S3DNTS7160730,Y,39206.58459,1078.595667,8060.232814,0.008060233,0.008066983
3388,Cx,26,0,SEDNTSA160725,Y,14874.96238,280.9367728,2002.020689,0.002002021,0.002003223
3389,Cx,28,0,SEDNTSC160725,Y,15595.17638,280.9367728,2002.020689,0.002002021,0.002003223
3390,Cx,29,0,SEDNTS400150706,Y,15631.28914,280.9367728,2002.020689,0.002002021,0.002003223
3391,Cx,30,0,SEDNTS400150821,Y,15649.33772,280.9367728,2002.020689,0.002002021,0.002003223
3392,Cx,31,0,SEDNTS600150706,Y,15884.06925,280.9367728,2002.020689,0.002002021,0.002003223
3393,Cx,32,0,SEDNTS600150821,Y,15902.13233,280.9367728,2002.020689,0.002002021,0.002003223
3394,Cx,33,0,SEDNTS800150706,Y,16302.02121,280.9367728,2002.020689,0.002002021,0.002003223
3395,Cx,34,0,SEDNTS800150821,Y,16578.11229,280.9367728,2002.020689,0.002002021,0.002003223
3396,Cx,35,0,SEDNTS1000150706,Y,16970.26101,280.9367728,2002.020689,0.002002021,0.002003223
3397,Cx,36,0,SEDNTS1000150821,Y,17106.99654,280.9367728,2002.020689,0.002002021,0.002003223
3398,Cx,37,0,HAUPTS2160617,Y,18863.82625,280.9367728,2002.020689,0.002002021,0.002003223
3399,Cx,38,0,HAUPTS22160726,Y,18972.16236,280.9367728,2002.020689,0.002002021,0.002003223
3400,Cx,40,0,HADNTS3160726,Y,19759.42525,280.9367728,2002.020689,0.002002021,0.002003223
3401,Cx,41,0,S2UPTS4160617,Y,21949.53018,280.9367728,2002.020689,0.002002021,0.002003223
3402,Cx,43,0,S2DNTS5160617,Y,24551.93494,280.9367728,2002.020689,0.002002021,0.002003223
3403,Cx,44,0,S3UPTS6160730,Y,25887.85677,280.9367728,2002.020689,0.002002021,0.002003223
3404,Cx,46,0,S3DNTS7160730,Y,39206.58459,280.9367728,2002.020689,0.002002021,0.002003223
3405,Cx,27,0,SEDNTSB160725,Y,6007.532776,124.5912276,361.0347929,0.000361035,0.000361287
3406,Cx,28,0,SEDNTSC160725,Y,15595.17638,124.5912276,361.0347929,0.000361035,0.000361287
3407,Cx,29,0,SEDNTS400150706,Y,15631.28914,124.5912276,361.0347929,0.000361035,0.000361287
3408,Cx,30,0,SEDNTS400150821,Y,15649.33772,124.5912276,361.0347929,0.000361035,0.000361287
3409,Cx,31,0,SEDNTS600150706,Y,15884.06925,124.5912276,361.0347929,0.000361035,0.000361287
3410,Cx,32,0,SEDNTS600150821,Y,15902.13233,124.5912276,361.0347929,0.000361035,0.000361287
3411,Cx,33,0,SEDNTS800150706,Y,16302.02121,124.5912276,361.0347929,0.000361035,0.000361287
3412,Cx,34,0,SEDNTS800150821,Y,16578.11229,124.5912276,361.0347929,0.000361035,0.000361287
3413,Cx,35,0,SEDNTS1000150706,Y,16970.26101,124.5912276,361.0347929,0.000361035,0.000361287
3414,Cx,36,0,SEDNTS1000150821,Y,17106.99654,124.5912276,361.0347929,0.000361035,0.000361287
3415,Cx,37,0,HAUPTS2160617,Y,18863.82625,124.5912276,361.0347929,0.000361035,0.000361287
3416,Cx,38,0,HAUPTS22160726,Y,18972.16236,124.5912276,361.0347929,0.000361035,0.000361287
3417,Cx,40,0,HADNTS3160726,Y,19759.42525,124.5912276,361.0347929,0.000361035,0.000361287
3418,Cx,41,0,S2UPTS4160617,Y,21949.53018,124.5912276,361.0347929,0.000361035,0.000361287
3419,Cx,43,0,S2DNTS5160617,Y,24551.93494,124.5912276,361.0347929,0.000361035,0.000361287
3420,Cx,44,0,S3UPTS6160730,Y,25887.85677,124.5912276,361.0347929,0.000361035,0.000361287
3421,Cx,46,0,S3DNTS7160730,Y,39206.58459,124.5912276,361.0347929,0.000361035,0.000361287
3422,MpMbMpv,26,0,SEDNTSA160725,Y,14874.96238,1530.126752,38044.86716,0.038044867,0.038075983
3423,MpMbMpv,28,0,SEDNTSC160725,Y,15595.17638,1530.126752,38044.86716,0.038044867,0.038075983
3424,MpMbMpv,29,0,SEDNTS400150706,Y,15631.28914,1530.126752,38044.86716,0.038044867,0.038075983
3425,MpMbMpv,30,0,SEDNTS400150821,Y,15649.33772,1530.126752,38044.86716,0.038044867,0.038075983
3426,MpMbMpv,31,0,SEDNTS600150706,Y,15884.06925,1530.126752,38044.86716,0.038044867,0.038075983
3427,MpMbMpv,32,0,SEDNTS600150821,Y,15902.13233,1530.126752,38044.86716,0.038044867,0.038075983
3428,MpMbMpv,33,0,SEDNTS800150706,Y,16302.02121,1530.126752,38044.86716,0.038044867,0.038075983
3429,MpMbMpv,34,0,SEDNTS800150821,Y,16578.11229,1530.126752,38044.86716,0.038044867,0.038075983
3430,MpMbMpv,35,0,SEDNTS1000150706,Y,16970.26101,1530.126752,38044.86716,0.038044867,0.038075983
3431,MpMbMpv,36,0,SEDNTS1000150821,Y,17106.99654,1530.126752,38044.86716,0.038044867,0.038075983
3432,MpMbMpv,37,0,HAUPTS2160617,Y,18863.82625,1530.126752,38044.86716,0.038044867,0.038075983
3433,MpMbMpv,38,0,HAUPTS22160726,Y,18972.16236,1530.126752,38044.86716,0.038044867,0.038075983
3434,MpMbMpv,40,0,HADNTS3160726,Y,19759.42525,1530.126752,38044.86716,0.038044867,0.038075983
3435,MpMbMpv,41,0,S2UPTS4160617,Y,21949.53018,1530.126752,38044.86716,0.038044867,0.038075983
3436,MpMbMpv,43,0,S2DNTS5160617,Y,24551.93494,1530.126752,38044.86716,0.038044867,0.038075983
3437,MpMbMpv,44,0,S3UPTS6160730,Y,25887.85677,1530.126752,38044.86716,0.038044867,0.038075983
3438,MpMbMpv,46,0,S3DNTS7160730,Y,39206.58459,1530.126752,38044.86716,0.038044867,0.038075983
3439,MpMbMpv,27,0,SEDNTSB160725,Y,6007.532776,5948.631462,793161.5282,0.793161528,0.793778485
3440,MpMbMpv,28,0,SEDNTSC160725,Y,15595.17638,5948.631462,793161.5282,0.793161528,0.793778485
3441,MpMbMpv,29,0,SEDNTS400150706,Y,15631.28914,5948.631462,793161.5282,0.793161528,0.793778485
3442,MpMbMpv,30,0,SEDNTS400150821,Y,15649.33772,5948.631462,793161.5282,0.793161528,0.793778485
3443,MpMbMpv,31,0,SEDNTS600150706,Y,15884.06925,5948.631462,793161.5282,0.793161528,0.793778485
3444,MpMbMpv,32,0,SEDNTS600150821,Y,15902.13233,5948.631462,793161.5282,0.793161528,0.793778485
3445,MpMbMpv,33,0,SEDNTS800150706,Y,16302.02121,5948.631462,793161.5282,0.793161528,0.793778485
3446,MpMbMpv,34,0,SEDNTS800150821,Y,16578.11229,5948.631462,793161.5282,0.793161528,0.793778485
3447,MpMbMpv,35,0,SEDNTS1000150706,Y,16970.26101,5948.631462,793161.5282,0.793161528,0.793778485
3448,MpMbMpv,36,0,SEDNTS1000150821,Y,17106.99654,5948.631462,793161.5282,0.793161528,0.793778485
3449,MpMbMpv,37,0,HAUPTS2160617,Y,18863.82625,5948.631462,793161.5282,0.793161528,0.793778485
3450,MpMbMpv,38,0,HAUPTS22160726,Y,18972.16236,5948.631462,793161.5282,0.793161528,0.793778485
3451,MpMbMpv,40,0,HADNTS3160726,Y,19759.42525,5948.631462,793161.5282,0.793161528,0.793778485
3452,MpMbMpv,41,0,S2UPTS4160617,Y,21949.53018,5948.631462,793161.5282,0.793161528,0.793778485
3453,MpMbMpv,43,0,S2DNTS5160617,Y,24551.93494,5948.631462,793161.5282,0.793161528,0.793778485
3454,MpMbMpv,44,0,S3UPTS6160730,Y,25887.85677,5948.631462,793161.5282,0.793161528,0.793778485
3455,MpMbMpv,46,0,S3DNTS7160730,Y,39206.58459,5948.631462,793161.5282,0.793161528,0.793778485
3456,MpMbMpv,25,0,SEDNTS200150821,Y,14684.06947,2324.878118,43405.79195,0.043405792,0.043439523
3457,MpMbMpv,26,0,SEDNTSA160725,Y,14874.96238,2324.878118,43405.79195,0.043405792,0.043439523
3458,MpMbMpv,28,0,SEDNTSC160725,Y,15595.17638,2324.878118,43405.79195,0.043405792,0.043439523
3459,MpMbMpv,29,0,SEDNTS400150706,Y,15631.28914,2324.878118,43405.79195,0.043405792,0.043439523
3460,MpMbMpv,30,0,SEDNTS400150821,Y,15649.33772,2324.878118,43405.79195,0.043405792,0.043439523
3461,MpMbMpv,31,0,SEDNTS600150706,Y,15884.06925,2324.878118,43405.79195,0.043405792,0.043439523
3462,MpMbMpv,32,0,SEDNTS600150821,Y,15902.13233,2324.878118,43405.79195,0.043405792,0.043439523
3463,MpMbMpv,33,0,SEDNTS800150706,Y,16302.02121,2324.878118,43405.79195,0.043405792,0.043439523
3464,MpMbMpv,34,0,SEDNTS800150821,Y,16578.11229,2324.878118,43405.79195,0.043405792,0.043439523
3465,MpMbMpv,35,0,SEDNTS1000150706,Y,16970.26101,2324.878118,43405.79195,0.043405792,0.043439523
3466,MpMbMpv,36,0,SEDNTS1000150821,Y,17106.99654,2324.878118,43405.79195,0.043405792,0.043439523
3467,MpMbMpv,37,0,HAUPTS2160617,Y,18863.82625,2324.878118,43405.79195,0.043405792,0.043439523
3468,MpMbMpv,38,0,HAUPTS22160726,Y,18972.16236,2324.878118,43405.79195,0.043405792,0.043439523
3469,MpMbMpv,40,0,HADNTS3160726,Y,19759.42525,2324.878118,43405.79195,0.043405792,0.043439523
3470,MpMbMpv,41,0,S2UPTS4160617,Y,21949.53018,2324.878118,43405.79195,0.043405792,0.043439523
3471,MpMbMpv,43,0,S2DNTS5160617,Y,24551.93494,2324.878118,43405.79195,0.043405792,0.043439523
3472,MpMbMpv,44,0,S3UPTS6160730,Y,25887.85677,2324.878118,43405.79195,0.043405792,0.043439523
3473,MpMbMpv,46,0,S3DNTS7160730,Y,39206.58459,2324.878118,43405.79195,0.043405792,0.043439523
3474,MpMbMpv,24,0,SEDNTS200150706,Y,14629.89291,2311.62322,45285.38166,0.045285382,0.045320567
3475,MpMbMpv,25,0,SEDNTS200150821,Y,14684.06947,2311.62322,45285.38166,0.045285382,0.045320567
3476,MpMbMpv,26,0,SEDNTSA160725,Y,14874.96238,2311.62322,45285.38166,0.045285382,0.045320567
3477,MpMbMpv,28,0,SEDNTSC160725,Y,15595.17638,2311.62322,45285.38166,0.045285382,0.045320567
3478,MpMbMpv,29,0,SEDNTS400150706,Y,15631.28914,2311.62322,45285.38166,0.045285382,0.045320567
3479,MpMbMpv,30,0,SEDNTS400150821,Y,15649.33772,2311.62322,45285.38166,0.045285382,0.045320567
3480,MpMbMpv,31,0,SEDNTS600150706,Y,15884.06925,2311.62322,45285.38166,0.045285382,0.045320567
3481,MpMbMpv,32,0,SEDNTS600150821,Y,15902.13233,2311.62322,45285.38166,0.045285382,0.045320567
3482,MpMbMpv,33,0,SEDNTS800150706,Y,16302.02121,2311.62322,45285.38166,0.045285382,0.045320567
3483,MpMbMpv,34,0,SEDNTS800150821,Y,16578.11229,2311.62322,45285.38166,0.045285382,0.045320567
3484,MpMbMpv,35,0,SEDNTS1000150706,Y,16970.26101,2311.62322,45285.38166,0.045285382,0.045320567
3485,MpMbMpv,36,0,SEDNTS1000150821,Y,17106.99654,2311.62322,45285.38166,0.045285382,0.045320567
3486,MpMbMpv,37,0,HAUPTS2160617,Y,18863.82625,2311.62322,45285.38166,0.045285382,0.045320567
3487,MpMbMpv,38,0,HAUPTS22160726,Y,18972.16236,2311.62322,45285.38166,0.045285382,0.045320567
3488,MpMbMpv,40,0,HADNTS3160726,Y,19759.42525,2311.62322,45285.38166,0.045285382,0.045320567
3489,MpMbMpv,41,0,S2UPTS4160617,Y,21949.53018,2311.62322,45285.38166,0.045285382,0.045320567
3490,MpMbMpv,43,0,S2DNTS5160617,Y,24551.93494,2311.62322,45285.38166,0.045285382,0.045320567
3491,MpMbMpv,44,0,S3UPTS6160730,Y,25887.85677,2311.62322,45285.38166,0.045285382,0.045320567
3492,MpMbMpv,46,0,S3DNTS7160730,Y,39206.58459,2311.62322,45285.38166,0.045285382,0.045320567
3493,MpMbMpv,23,0,SEDNTS100150821,Y,14382.21565,1958.522312,20129.42268,0.020129423,0.020145064
3494,MpMbMpv,24,0,SEDNTS200150706,Y,14629.89291,1958.522312,20129.42268,0.020129423,0.020145064
3495,MpMbMpv,25,0,SEDNTS200150821,Y,14684.06947,1958.522312,20129.42268,0.020129423,0.020145064
3496,MpMbMpv,26,0,SEDNTSA160725,Y,14874.96238,1958.522312,20129.42268,0.020129423,0.020145064
3497,MpMbMpv,28,0,SEDNTSC160725,Y,15595.17638,1958.522312,20129.42268,0.020129423,0.020145064
3498,MpMbMpv,29,0,SEDNTS400150706,Y,15631.28914,1958.522312,20129.42268,0.020129423,0.020145064
3499,MpMbMpv,30,0,SEDNTS400150821,Y,15649.33772,1958.522312,20129.42268,0.020129423,0.020145064
3500,MpMbMpv,31,0,SEDNTS600150706,Y,15884.06925,1958.522312,20129.42268,0.020129423,0.020145064
3501,MpMbMpv,32,0,SEDNTS600150821,Y,15902.13233,1958.522312,20129.42268,0.020129423,0.020145064
3502,MpMbMpv,33,0,SEDNTS800150706,Y,16302.02121,1958.522312,20129.42268,0.020129423,0.020145064
3503,MpMbMpv,34,0,SEDNTS800150821,Y,16578.11229,1958.522312,20129.42268,0.020129423,0.020145064
3504,MpMbMpv,35,0,SEDNTS1000150706,Y,16970.26101,1958.522312,20129.42268,0.020129423,0.020145064
3505,MpMbMpv,36,0,SEDNTS1000150821,Y,17106.99654,1958.522312,20129.42268,0.020129423,0.020145064
3506,MpMbMpv,37,0,HAUPTS2160617,Y,18863.82625,1958.522312,20129.42268,0.020129423,0.020145064
3507,MpMbMpv,38,0,HAUPTS22160726,Y,18972.16236,1958.522312,20129.42268,0.020129423,0.020145064
3508,MpMbMpv,40,0,HADNTS3160726,Y,19759.42525,1958.522312,20129.42268,0.020129423,0.020145064
3509,MpMbMpv,41,0,S2UPTS4160617,Y,21949.53018,1958.522312,20129.42268,0.020129423,0.020145064
3510,MpMbMpv,43,0,S2DNTS5160617,Y,24551.93494,1958.522312,20129.42268,0.020129423,0.020145064
3511,MpMbMpv,44,0,S3UPTS6160730,Y,25887.85677,1958.522312,20129.42268,0.020129423,0.020145064
3512,MpMbMpv,46,0,S3DNTS7160730,Y,39206.58459,1958.522312,20129.42268,0.020129423,0.020145064
3513,MpMbMpv,22,0,SEDNTS100150706,Y,14309.99018,3170.966438,34388.95527,0.034388955,0.034415602
3514,MpMbMpv,23,0,SEDNTS100150821,Y,14382.21565,3170.966438,34388.95527,0.034388955,0.034415602
3515,MpMbMpv,24,0,SEDNTS200150706,Y,14629.89291,3170.966438,34388.95527,0.034388955,0.034415602
3516,MpMbMpv,25,0,SEDNTS200150821,Y,14684.06947,3170.966438,34388.95527,0.034388955,0.034415602
3517,MpMbMpv,26,0,SEDNTSA160725,Y,14874.96238,3170.966438,34388.95527,0.034388955,0.034415602
3518,MpMbMpv,28,0,SEDNTSC160725,Y,15595.17638,3170.966438,34388.95527,0.034388955,0.034415602
3519,MpMbMpv,29,0,SEDNTS400150706,Y,15631.28914,3170.966438,34388.95527,0.034388955,0.034415602
3520,MpMbMpv,30,0,SEDNTS400150821,Y,15649.33772,3170.966438,34388.95527,0.034388955,0.034415602
3521,MpMbMpv,31,0,SEDNTS600150706,Y,15884.06925,3170.966438,34388.95527,0.034388955,0.034415602
3522,MpMbMpv,32,0,SEDNTS600150821,Y,15902.13233,3170.966438,34388.95527,0.034388955,0.034415602
3523,MpMbMpv,33,0,SEDNTS800150706,Y,16302.02121,3170.966438,34388.95527,0.034388955,0.034415602
3524,MpMbMpv,34,0,SEDNTS800150821,Y,16578.11229,3170.966438,34388.95527,0.034388955,0.034415602
3525,MpMbMpv,35,0,SEDNTS1000150706,Y,16970.26101,3170.966438,34388.95527,0.034388955,0.034415602
3526,MpMbMpv,36,0,SEDNTS1000150821,Y,17106.99654,3170.966438,34388.95527,0.034388955,0.034415602
3527,MpMbMpv,37,0,HAUPTS2160617,Y,18863.82625,3170.966438,34388.95527,0.034388955,0.034415602
3528,MpMbMpv,38,0,HAUPTS22160726,Y,18972.16236,3170.966438,34388.95527,0.034388955,0.034415602
3529,MpMbMpv,40,0,HADNTS3160726,Y,19759.42525,3170.966438,34388.95527,0.034388955,0.034415602
3530,MpMbMpv,41,0,S2UPTS4160617,Y,21949.53018,3170.966438,34388.95527,0.034388955,0.034415602
3531,MpMbMpv,43,0,S2DNTS5160617,Y,24551.93494,3170.966438,34388.95527,0.034388955,0.034415602
3532,MpMbMpv,44,0,S3UPTS6160730,Y,25887.85677,3170.966438,34388.95527,0.034388955,0.034415602
3533,MpMbMpv,46,0,S3DNTS7160730,Y,39206.58459,3170.966438,34388.95527,0.034388955,0.034415602
3534,MpMbMpv,21,0,SEDN160617,Y,14255.82075,2445.931281,30612.83687,0.030612837,0.030636543
3535,MpMbMpv,22,0,SEDNTS100150706,Y,14309.99018,2445.931281,30612.83687,0.030612837,0.030636543
3536,MpMbMpv,23,0,SEDNTS100150821,Y,14382.21565,2445.931281,30612.83687,0.030612837,0.030636543
3537,MpMbMpv,24,0,SEDNTS200150706,Y,14629.89291,2445.931281,30612.83687,0.030612837,0.030636543
3538,MpMbMpv,25,0,SEDNTS200150821,Y,14684.06947,2445.931281,30612.83687,0.030612837,0.030636543
3539,MpMbMpv,26,0,SEDNTSA160725,Y,14874.96238,2445.931281,30612.83687,0.030612837,0.030636543
3540,MpMbMpv,28,0,SEDNTSC160725,Y,15595.17638,2445.931281,30612.83687,0.030612837,0.030636543
3541,MpMbMpv,29,0,SEDNTS400150706,Y,15631.28914,2445.931281,30612.83687,0.030612837,0.030636543
3542,MpMbMpv,30,0,SEDNTS400150821,Y,15649.33772,2445.931281,30612.83687,0.030612837,0.030636543
3543,MpMbMpv,31,0,SEDNTS600150706,Y,15884.06925,2445.931281,30612.83687,0.030612837,0.030636543
3544,MpMbMpv,32,0,SEDNTS600150821,Y,15902.13233,2445.931281,30612.83687,0.030612837,0.030636543
3545,MpMbMpv,33,0,SEDNTS800150706,Y,16302.02121,2445.931281,30612.83687,0.030612837,0.030636543
3546,MpMbMpv,34,0,SEDNTS800150821,Y,16578.11229,2445.931281,30612.83687,0.030612837,0.030636543
3547,MpMbMpv,35,0,SEDNTS1000150706,Y,16970.26101,2445.931281,30612.83687,0.030612837,0.030636543
3548,MpMbMpv,36,0,SEDNTS1000150821,Y,17106.99654,2445.931281,30612.83687,0.030612837,0.030636543
3549,MpMbMpv,37,0,HAUPTS2160617,Y,18863.82625,2445.931281,30612.83687,0.030612837,0.030636543
3550,MpMbMpv,38,0,HAUPTS22160726,Y,18972.16236,2445.931281,30612.83687,0.030612837,0.030636543
3551,MpMbMpv,40,0,HADNTS3160726,Y,19759.42525,2445.931281,30612.83687,0.030612837,0.030636543
3552,MpMbMpv,41,0,S2UPTS4160617,Y,21949.53018,2445.931281,30612.83687,0.030612837,0.030636543
3553,MpMbMpv,43,0,S2DNTS5160617,Y,24551.93494,2445.931281,30612.83687,0.030612837,0.030636543
3554,MpMbMpv,44,0,S3UPTS6160730,Y,25887.85677,2445.931281,30612.83687,0.030612837,0.030636543
3555,MpMbMpv,46,0,S3DNTS7160730,Y,39206.58459,2445.931281,30612.83687,0.030612837,0.030636543
3556,MpMbMpv,20,0,SEDN150706,Y,14165.54221,2531.357788,98132.79501,0.098132795,0.098209025
3557,MpMbMpv,21,0,SEDN160617,Y,14255.82075,2531.357788,98132.79501,0.098132795,0.098209025
3558,MpMbMpv,22,0,SEDNTS100150706,Y,14309.99018,2531.357788,98132.79501,0.098132795,0.098209025
3559,MpMbMpv,23,0,SEDNTS100150821,Y,14382.21565,2531.357788,98132.79501,0.098132795,0.098209025
3560,MpMbMpv,24,0,SEDNTS200150706,Y,14629.89291,2531.357788,98132.79501,0.098132795,0.098209025
3561,MpMbMpv,25,0,SEDNTS200150821,Y,14684.06947,2531.357788,98132.79501,0.098132795,0.098209025
3562,MpMbMpv,26,0,SEDNTSA160725,Y,14874.96238,2531.357788,98132.79501,0.098132795,0.098209025
3563,MpMbMpv,28,0,SEDNTSC160725,Y,15595.17638,2531.357788,98132.79501,0.098132795,0.098209025
3564,MpMbMpv,29,0,SEDNTS400150706,Y,15631.28914,2531.357788,98132.79501,0.098132795,0.098209025
3565,MpMbMpv,30,0,SEDNTS400150821,Y,15649.33772,2531.357788,98132.79501,0.098132795,0.098209025
3566,MpMbMpv,31,0,SEDNTS600150706,Y,15884.06925,2531.357788,98132.79501,0.098132795,0.098209025
3567,MpMbMpv,32,0,SEDNTS600150821,Y,15902.13233,2531.357788,98132.79501,0.098132795,0.098209025
3568,MpMbMpv,33,0,SEDNTS800150706,Y,16302.02121,2531.357788,98132.79501,0.098132795,0.098209025
3569,MpMbMpv,34,0,SEDNTS800150821,Y,16578.11229,2531.357788,98132.79501,0.098132795,0.098209025
3570,MpMbMpv,35,0,SEDNTS1000150706,Y,16970.26101,2531.357788,98132.79501,0.098132795,0.098209025
3571,MpMbMpv,36,0,SEDNTS1000150821,Y,17106.99654,2531.357788,98132.79501,0.098132795,0.098209025
3572,MpMbMpv,37,0,HAUPTS2160617,Y,18863.82625,2531.357788,98132.79501,0.098132795,0.098209025
3573,MpMbMpv,38,0,HAUPTS22160726,Y,18972.16236,2531.357788,98132.79501,0.098132795,0.098209025
3574,MpMbMpv,40,0,HADNTS3160726,Y,19759.42525,2531.357788,98132.79501,0.098132795,0.098209025
3575,MpMbMpv,41,0,S2UPTS4160617,Y,21949.53018,2531.357788,98132.79501,0.098132795,0.098209025
3576,MpMbMpv,43,0,S2DNTS5160617,Y,24551.93494,2531.357788,98132.79501,0.098132795,0.098209025
3577,MpMbMpv,44,0,S3UPTS6160730,Y,25887.85677,2531.357788,98132.79501,0.098132795,0.098209025
3578,MpMbMpv,46,0,S3DNTS7160730,Y,39206.58459,2531.357788,98132.79501,0.098132795,0.098209025
3579,MpMbMpv,19,0,SEDN160725,Y,13930.80574,3713.196771,118685.9189,0.118685919,0.118778012
3580,MpMbMpv,20,0,SEDN150706,Y,14165.54221,3713.196771,118685.9189,0.118685919,0.118778012
3581,MpMbMpv,21,0,SEDN160617,Y,14255.82075,3713.196771,118685.9189,0.118685919,0.118778012
3582,MpMbMpv,22,0,SEDNTS100150706,Y,14309.99018,3713.196771,118685.9189,0.118685919,0.118778012
3583,MpMbMpv,23,0,SEDNTS100150821,Y,14382.21565,3713.196771,118685.9189,0.118685919,0.118778012
3584,MpMbMpv,24,0,SEDNTS200150706,Y,14629.89291,3713.196771,118685.9189,0.118685919,0.118778012
3585,MpMbMpv,25,0,SEDNTS200150821,Y,14684.06947,3713.196771,118685.9189,0.118685919,0.118778012
3586,MpMbMpv,26,0,SEDNTSA160725,Y,14874.96238,3713.196771,118685.9189,0.118685919,0.118778012
3587,MpMbMpv,28,0,SEDNTSC160725,Y,15595.17638,3713.196771,118685.9189,0.118685919,0.118778012
3588,MpMbMpv,29,0,SEDNTS400150706,Y,15631.28914,3713.196771,118685.9189,0.118685919,0.118778012
3589,MpMbMpv,30,0,SEDNTS400150821,Y,15649.33772,3713.196771,118685.9189,0.118685919,0.118778012
3590,MpMbMpv,31,0,SEDNTS600150706,Y,15884.06925,3713.196771,118685.9189,0.118685919,0.118778012
3591,MpMbMpv,32,0,SEDNTS600150821,Y,15902.13233,3713.196771,118685.9189,0.118685919,0.118778012
3592,MpMbMpv,33,0,SEDNTS800150706,Y,16302.02121,3713.196771,118685.9189,0.118685919,0.118778012
3593,MpMbMpv,34,0,SEDNTS800150821,Y,16578.11229,3713.196771,118685.9189,0.118685919,0.118778012
3594,MpMbMpv,35,0,SEDNTS1000150706,Y,16970.26101,3713.196771,118685.9189,0.118685919,0.118778012
3595,MpMbMpv,36,0,SEDNTS1000150821,Y,17106.99654,3713.196771,118685.9189,0.118685919,0.118778012
3596,MpMbMpv,37,0,HAUPTS2160617,Y,18863.82625,3713.196771,118685.9189,0.118685919,0.118778012
3597,MpMbMpv,38,0,HAUPTS22160726,Y,18972.16236,3713.196771,118685.9189,0.118685919,0.118778012
3598,MpMbMpv,40,0,HADNTS3160726,Y,19759.42525,3713.196771,118685.9189,0.118685919,0.118778012
3599,MpMbMpv,41,0,S2UPTS4160617,Y,21949.53018,3713.196771,118685.9189,0.118685919,0.118778012
3600,MpMbMpv,43,0,S2DNTS5160617,Y,24551.93494,3713.196771,118685.9189,0.118685919,0.118778012
3601,MpMbMpv,44,0,S3UPTS6160730,Y,25887.85677,3713.196771,118685.9189,0.118685919,0.118778012
3602,MpMbMpv,46,0,S3DNTS7160730,Y,39206.58459,3713.196771,118685.9189,0.118685919,0.118778012
3603,MpMbMpv,18,0,SEUP150706,Y,13667.66832,1367.5704,17192.72822,0.017192728,0.017206079
3604,MpMbMpv,19,0,SEDN160725,Y,13930.80574,1367.5704,17192.72822,0.017192728,0.017206079
3605,MpMbMpv,20,0,SEDN150706,Y,14165.54221,1367.5704,17192.72822,0.017192728,0.017206079
3606,MpMbMpv,21,0,SEDN160617,Y,14255.82075,1367.5704,17192.72822,0.017192728,0.017206079
3607,MpMbMpv,22,0,SEDNTS100150706,Y,14309.99018,1367.5704,17192.72822,0.017192728,0.017206079
3608,MpMbMpv,23,0,SEDNTS100150821,Y,14382.21565,1367.5704,17192.72822,0.017192728,0.017206079
3609,MpMbMpv,24,0,SEDNTS200150706,Y,14629.89291,1367.5704,17192.72822,0.017192728,0.017206079
3610,MpMbMpv,25,0,SEDNTS200150821,Y,14684.06947,1367.5704,17192.72822,0.017192728,0.017206079
3611,MpMbMpv,26,0,SEDNTSA160725,Y,14874.96238,1367.5704,17192.72822,0.017192728,0.017206079
3612,MpMbMpv,28,0,SEDNTSC160725,Y,15595.17638,1367.5704,17192.72822,0.017192728,0.017206079
3613,MpMbMpv,29,0,SEDNTS400150706,Y,15631.28914,1367.5704,17192.72822,0.017192728,0.017206079
3614,MpMbMpv,30,0,SEDNTS400150821,Y,15649.33772,1367.5704,17192.72822,0.017192728,0.017206079
3615,MpMbMpv,31,0,SEDNTS600150706,Y,15884.06925,1367.5704,17192.72822,0.017192728,0.017206079
3616,MpMbMpv,32,0,SEDNTS600150821,Y,15902.13233,1367.5704,17192.72822,0.017192728,0.017206079
3617,MpMbMpv,33,0,SEDNTS800150706,Y,16302.02121,1367.5704,17192.72822,0.017192728,0.017206079
3618,MpMbMpv,34,0,SEDNTS800150821,Y,16578.11229,1367.5704,17192.72822,0.017192728,0.017206079
3619,MpMbMpv,35,0,SEDNTS1000150706,Y,16970.26101,1367.5704,17192.72822,0.017192728,0.017206079
3620,MpMbMpv,36,0,SEDNTS1000150821,Y,17106.99654,1367.5704,17192.72822,0.017192728,0.017206079
3621,MpMbMpv,37,0,HAUPTS2160617,Y,18863.82625,1367.5704,17192.72822,0.017192728,0.017206079
3622,MpMbMpv,38,0,HAUPTS22160726,Y,18972.16236,1367.5704,17192.72822,0.017192728,0.017206079
3623,MpMbMpv,40,0,HADNTS3160726,Y,19759.42525,1367.5704,17192.72822,0.017192728,0.017206079
3624,MpMbMpv,41,0,S2UPTS4160617,Y,21949.53018,1367.5704,17192.72822,0.017192728,0.017206079
3625,MpMbMpv,43,0,S2DNTS5160617,Y,24551.93494,1367.5704,17192.72822,0.017192728,0.017206079
3626,MpMbMpv,44,0,S3UPTS6160730,Y,25887.85677,1367.5704,17192.72822,0.017192728,0.017206079
3627,MpMbMpv,46,0,S3DNTS7160730,Y,39206.58459,1367.5704,17192.72822,0.017192728,0.017206079
3628,R/Cv,17,0,SEUP160617,Y,13667.67429,1714.63045,126484.642,0.126484642,0.126577327
3629,R/Cv,18,0,SEUP150706,Y,13667.66832,1714.63045,126484.642,0.126484642,0.126577327
3630,R/Cv,19,0,SEDN160725,Y,13930.80574,1714.63045,126484.642,0.126484642,0.126577327
3631,R/Cv,20,0,SEDN150706,Y,14165.54221,1714.63045,126484.642,0.126484642,0.126577327
3632,R/Cv,21,0,SEDN160617,Y,14255.82075,1714.63045,126484.642,0.126484642,0.126577327
3633,R/Cv,22,0,SEDNTS100150706,Y,14309.99018,1714.63045,126484.642,0.126484642,0.126577327
3634,R/Cv,23,0,SEDNTS100150821,Y,14382.21565,1714.63045,126484.642,0.126484642,0.126577327
3635,R/Cv,24,0,SEDNTS200150706,Y,14629.89291,1714.63045,126484.642,0.126484642,0.126577327
3636,R/Cv,25,0,SEDNTS200150821,Y,14684.06947,1714.63045,126484.642,0.126484642,0.126577327
3637,R/Cv,26,0,SEDNTSA160725,Y,14874.96238,1714.63045,126484.642,0.126484642,0.126577327
3638,R/Cv,28,0,SEDNTSC160725,Y,15595.17638,1714.63045,126484.642,0.126484642,0.126577327
3639,R/Cv,29,0,SEDNTS400150706,Y,15631.28914,1714.63045,126484.642,0.126484642,0.126577327
3640,R/Cv,30,0,SEDNTS400150821,Y,15649.33772,1714.63045,126484.642,0.126484642,0.126577327
3641,R/Cv,31,0,SEDNTS600150706,Y,15884.06925,1714.63045,126484.642,0.126484642,0.126577327
3642,R/Cv,32,0,SEDNTS600150821,Y,15902.13233,1714.63045,126484.642,0.126484642,0.126577327
3643,R/Cv,33,0,SEDNTS800150706,Y,16302.02121,1714.63045,126484.642,0.126484642,0.126577327
3644,R/Cv,34,0,SEDNTS800150821,Y,16578.11229,1714.63045,126484.642,0.126484642,0.126577327
3645,R/Cv,35,0,SEDNTS1000150706,Y,16970.26101,1714.63045,126484.642,0.126484642,0.126577327
3646,R/Cv,36,0,SEDNTS1000150821,Y,17106.99654,1714.63045,126484.642,0.126484642,0.126577327
3647,R/Cv,37,0,HAUPTS2160617,Y,18863.82625,1714.63045,126484.642,0.126484642,0.126577327
3648,R/Cv,38,0,HAUPTS22160726,Y,18972.16236,1714.63045,126484.642,0.126484642,0.126577327
3649,R/Cv,40,0,HADNTS3160726,Y,19759.42525,1714.63045,126484.642,0.126484642,0.126577327
3650,R/Cv,41,0,S2UPTS4160617,Y,21949.53018,1714.63045,126484.642,0.126484642,0.126577327
3651,R/Cv,43,0,S2DNTS5160617,Y,24551.93494,1714.63045,126484.642,0.126484642,0.126577327
3652,R/Cv,44,0,S3UPTS6160730,Y,25887.85677,1714.63045,126484.642,0.126484642,0.126577327
3653,R/Cv,46,0,S3DNTS7160730,Y,39206.58459,1714.63045,126484.642,0.126484642,0.126577327
3654,R/Cv,17,0,SEUP160617,Y,13667.67429,2830.335432,281342.1687,0.281342169,0.281554224
3655,R/Cv,18,0,SEUP150706,Y,13667.66832,2830.335432,281342.1687,0.281342169,0.281554224
3656,R/Cv,19,0,SEDN160725,Y,13930.80574,2830.335432,281342.1687,0.281342169,0.281554224
3657,R/Cv,20,0,SEDN150706,Y,14165.54221,2830.335432,281342.1687,0.281342169,0.281554224
3658,R/Cv,21,0,SEDN160617,Y,14255.82075,2830.335432,281342.1687,0.281342169,0.281554224
3659,R/Cv,22,0,SEDNTS100150706,Y,14309.99018,2830.335432,281342.1687,0.281342169,0.281554224
3660,R/Cv,23,0,SEDNTS100150821,Y,14382.21565,2830.335432,281342.1687,0.281342169,0.281554224
3661,R/Cv,24,0,SEDNTS200150706,Y,14629.89291,2830.335432,281342.1687,0.281342169,0.281554224
3662,R/Cv,25,0,SEDNTS200150821,Y,14684.06947,2830.335432,281342.1687,0.281342169,0.281554224
3663,R/Cv,26,0,SEDNTSA160725,Y,14874.96238,2830.335432,281342.1687,0.281342169,0.281554224
3664,R/Cv,28,0,SEDNTSC160725,Y,15595.17638,2830.335432,281342.1687,0.281342169,0.281554224
3665,R/Cv,29,0,SEDNTS400150706,Y,15631.28914,2830.335432,281342.1687,0.281342169,0.281554224
3666,R/Cv,30,0,SEDNTS400150821,Y,15649.33772,2830.335432,281342.1687,0.281342169,0.281554224
3667,R/Cv,31,0,SEDNTS600150706,Y,15884.06925,2830.335432,281342.1687,0.281342169,0.281554224
3668,R/Cv,32,0,SEDNTS600150821,Y,15902.13233,2830.335432,281342.1687,0.281342169,0.281554224
3669,R/Cv,33,0,SEDNTS800150706,Y,16302.02121,2830.335432,281342.1687,0.281342169,0.281554224
3670,R/Cv,34,0,SEDNTS800150821,Y,16578.11229,2830.335432,281342.1687,0.281342169,0.281554224
3671,R/Cv,35,0,SEDNTS1000150706,Y,16970.26101,2830.335432,281342.1687,0.281342169,0.281554224
3672,R/Cv,36,0,SEDNTS1000150821,Y,17106.99654,2830.335432,281342.1687,0.281342169,0.281554224
3673,R/Cv,37,0,HAUPTS2160617,Y,18863.82625,2830.335432,281342.1687,0.281342169,0.281554224
3674,R/Cv,38,0,HAUPTS22160726,Y,18972.16236,2830.335432,281342.1687,0.281342169,0.281554224
3675,R/Cv,40,0,HADNTS3160726,Y,19759.42525,2830.335432,281342.1687,0.281342169,0.281554224
3676,R/Cv,41,0,S2UPTS4160617,Y,21949.53018,2830.335432,281342.1687,0.281342169,0.281554224
3677,R/Cv,43,0,S2DNTS5160617,Y,24551.93494,2830.335432,281342.1687,0.281342169,0.281554224
3678,R/Cv,44,0,S3UPTS6160730,Y,25887.85677,2830.335432,281342.1687,0.281342169,0.281554224
3679,R/Cv,46,0,S3DNTS7160730,Y,39206.58459,2830.335432,281342.1687,0.281342169,0.281554224
3680,R/Cv,17,0,SEUP160617,Y,13667.67429,1995.96204,157986.8565,0.157986856,0.158097225
3681,R/Cv,18,0,SEUP150706,Y,13667.66832,1995.96204,157986.8565,0.157986856,0.158097225
3682,R/Cv,19,0,SEDN160725,Y,13930.80574,1995.96204,157986.8565,0.157986856,0.158097225
3683,R/Cv,20,0,SEDN150706,Y,14165.54221,1995.96204,157986.8565,0.157986856,0.158097225
3684,R/Cv,21,0,SEDN160617,Y,14255.82075,1995.96204,157986.8565,0.157986856,0.158097225
3685,R/Cv,22,0,SEDNTS100150706,Y,14309.99018,1995.96204,157986.8565,0.157986856,0.158097225
3686,R/Cv,23,0,SEDNTS100150821,Y,14382.21565,1995.96204,157986.8565,0.157986856,0.158097225
3687,R/Cv,24,0,SEDNTS200150706,Y,14629.89291,1995.96204,157986.8565,0.157986856,0.158097225
3688,R/Cv,25,0,SEDNTS200150821,Y,14684.06947,1995.96204,157986.8565,0.157986856,0.158097225
3689,R/Cv,26,0,SEDNTSA160725,Y,14874.96238,1995.96204,157986.8565,0.157986856,0.158097225
3690,R/Cv,28,0,SEDNTSC160725,Y,15595.17638,1995.96204,157986.8565,0.157986856,0.158097225
3691,R/Cv,29,0,SEDNTS400150706,Y,15631.28914,1995.96204,157986.8565,0.157986856,0.158097225
3692,R/Cv,30,0,SEDNTS400150821,Y,15649.33772,1995.96204,157986.8565,0.157986856,0.158097225
3693,R/Cv,31,0,SEDNTS600150706,Y,15884.06925,1995.96204,157986.8565,0.157986856,0.158097225
3694,R/Cv,32,0,SEDNTS600150821,Y,15902.13233,1995.96204,157986.8565,0.157986856,0.158097225
3695,R/Cv,33,0,SEDNTS800150706,Y,16302.02121,1995.96204,157986.8565,0.157986856,0.158097225
3696,R/Cv,34,0,SEDNTS800150821,Y,16578.11229,1995.96204,157986.8565,0.157986856,0.158097225
3697,R/Cv,35,0,SEDNTS1000150706,Y,16970.26101,1995.96204,157986.8565,0.157986856,0.158097225
3698,R/Cv,36,0,SEDNTS1000150821,Y,17106.99654,1995.96204,157986.8565,0.157986856,0.158097225
3699,R/Cv,37,0,HAUPTS2160617,Y,18863.82625,1995.96204,157986.8565,0.157986856,0.158097225
3700,R/Cv,38,0,HAUPTS22160726,Y,18972.16236,1995.96204,157986.8565,0.157986856,0.158097225
3701,R/Cv,40,0,HADNTS3160726,Y,19759.42525,1995.96204,157986.8565,0.157986856,0.158097225
3702,R/Cv,41,0,S2UPTS4160617,Y,21949.53018,1995.96204,157986.8565,0.157986856,0.158097225
3703,R/Cv,43,0,S2DNTS5160617,Y,24551.93494,1995.96204,157986.8565,0.157986856,0.158097225
3704,R/Cv,44,0,S3UPTS6160730,Y,25887.85677,1995.96204,157986.8565,0.157986856,0.158097225
3705,R/Cv,46,0,S3DNTS7160730,Y,39206.58459,1995.96204,157986.8565,0.157986856,0.158097225
3706,R/Cv,17,0,SEUP160617,Y,13667.67429,4498.776013,778606.4515,0.778606452,0.779182305
3707,R/Cv,18,0,SEUP150706,Y,13667.66832,4498.776013,778606.4515,0.778606452,0.779182305
3708,R/Cv,19,0,SEDN160725,Y,13930.80574,4498.776013,778606.4515,0.778606452,0.779182305
3709,R/Cv,20,0,SEDN150706,Y,14165.54221,4498.776013,778606.4515,0.778606452,0.779182305
3710,R/Cv,21,0,SEDN160617,Y,14255.82075,4498.776013,778606.4515,0.778606452,0.779182305
3711,R/Cv,22,0,SEDNTS100150706,Y,14309.99018,4498.776013,778606.4515,0.778606452,0.779182305
3712,R/Cv,23,0,SEDNTS100150821,Y,14382.21565,4498.776013,778606.4515,0.778606452,0.779182305
3713,R/Cv,24,0,SEDNTS200150706,Y,14629.89291,4498.776013,778606.4515,0.778606452,0.779182305
3714,R/Cv,25,0,SEDNTS200150821,Y,14684.06947,4498.776013,778606.4515,0.778606452,0.779182305
3715,R/Cv,26,0,SEDNTSA160725,Y,14874.96238,4498.776013,778606.4515,0.778606452,0.779182305
3716,R/Cv,28,0,SEDNTSC160725,Y,15595.17638,4498.776013,778606.4515,0.778606452,0.779182305
3717,R/Cv,29,0,SEDNTS400150706,Y,15631.28914,4498.776013,778606.4515,0.778606452,0.779182305
3718,R/Cv,30,0,SEDNTS400150821,Y,15649.33772,4498.776013,778606.4515,0.778606452,0.779182305
3719,R/Cv,31,0,SEDNTS600150706,Y,15884.06925,4498.776013,778606.4515,0.778606452,0.779182305
3720,R/Cv,32,0,SEDNTS600150821,Y,15902.13233,4498.776013,778606.4515,0.778606452,0.779182305
3721,R/Cv,33,0,SEDNTS800150706,Y,16302.02121,4498.776013,778606.4515,0.778606452,0.779182305
3722,R/Cv,34,0,SEDNTS800150821,Y,16578.11229,4498.776013,778606.4515,0.778606452,0.779182305
3723,R/Cv,35,0,SEDNTS1000150706,Y,16970.26101,4498.776013,778606.4515,0.778606452,0.779182305
3724,R/Cv,36,0,SEDNTS1000150821,Y,17106.99654,4498.776013,778606.4515,0.778606452,0.779182305
3725,R/Cv,37,0,HAUPTS2160617,Y,18863.82625,4498.776013,778606.4515,0.778606452,0.779182305
3726,R/Cv,38,0,HAUPTS22160726,Y,18972.16236,4498.776013,778606.4515,0.778606452,0.779182305
3727,R/Cv,40,0,HADNTS3160726,Y,19759.42525,4498.776013,778606.4515,0.778606452,0.779182305
3728,R/Cv,41,0,S2UPTS4160617,Y,21949.53018,4498.776013,778606.4515,0.778606452,0.779182305
3729,R/Cv,43,0,S2DNTS5160617,Y,24551.93494,4498.776013,778606.4515,0.778606452,0.779182305
3730,R/Cv,44,0,S3UPTS6160730,Y,25887.85677,4498.776013,778606.4515,0.778606452,0.779182305
3731,R/Cv,46,0,S3DNTS7160730,Y,39206.58459,4498.776013,778606.4515,0.778606452,0.779182305
3732,Cx,17,0,SEUP160617,Y,13667.67429,4048.854365,448182.2943,0.448182294,0.448538124
3733,Cx,18,0,SEUP150706,Y,13667.66832,4048.854365,448182.2943,0.448182294,0.448538124
3734,Cx,19,0,SEDN160725,Y,13930.80574,4048.854365,448182.2943,0.448182294,0.448538124
3735,Cx,20,0,SEDN150706,Y,14165.54221,4048.854365,448182.2943,0.448182294,0.448538124
3736,Cx,21,0,SEDN160617,Y,14255.82075,4048.854365,448182.2943,0.448182294,0.448538124
3737,Cx,22,0,SEDNTS100150706,Y,14309.99018,4048.854365,448182.2943,0.448182294,0.448538124
3738,Cx,23,0,SEDNTS100150821,Y,14382.21565,4048.854365,448182.2943,0.448182294,0.448538124
3739,Cx,24,0,SEDNTS200150706,Y,14629.89291,4048.854365,448182.2943,0.448182294,0.448538124
3740,Cx,25,0,SEDNTS200150821,Y,14684.06947,4048.854365,448182.2943,0.448182294,0.448538124
3741,Cx,26,0,SEDNTSA160725,Y,14874.96238,4048.854365,448182.2943,0.448182294,0.448538124
3742,Cx,28,0,SEDNTSC160725,Y,15595.17638,4048.854365,448182.2943,0.448182294,0.448538124
3743,Cx,29,0,SEDNTS400150706,Y,15631.28914,4048.854365,448182.2943,0.448182294,0.448538124
3744,Cx,30,0,SEDNTS400150821,Y,15649.33772,4048.854365,448182.2943,0.448182294,0.448538124
3745,Cx,31,0,SEDNTS600150706,Y,15884.06925,4048.854365,448182.2943,0.448182294,0.448538124
3746,Cx,32,0,SEDNTS600150821,Y,15902.13233,4048.854365,448182.2943,0.448182294,0.448538124
3747,Cx,33,0,SEDNTS800150706,Y,16302.02121,4048.854365,448182.2943,0.448182294,0.448538124
3748,Cx,34,0,SEDNTS800150821,Y,16578.11229,4048.854365,448182.2943,0.448182294,0.448538124
3749,Cx,35,0,SEDNTS1000150706,Y,16970.26101,4048.854365,448182.2943,0.448182294,0.448538124
3750,Cx,36,0,SEDNTS1000150821,Y,17106.99654,4048.854365,448182.2943,0.448182294,0.448538124
3751,Cx,37,0,HAUPTS2160617,Y,18863.82625,4048.854365,448182.2943,0.448182294,0.448538124
3752,Cx,38,0,HAUPTS22160726,Y,18972.16236,4048.854365,448182.2943,0.448182294,0.448538124
3753,Cx,40,0,HADNTS3160726,Y,19759.42525,4048.854365,448182.2943,0.448182294,0.448538124
3754,Cx,41,0,S2UPTS4160617,Y,21949.53018,4048.854365,448182.2943,0.448182294,0.448538124
3755,Cx,43,0,S2DNTS5160617,Y,24551.93494,4048.854365,448182.2943,0.448182294,0.448538124
3756,Cx,44,0,S3UPTS6160730,Y,25887.85677,4048.854365,448182.2943,0.448182294,0.448538124
3757,Cx,46,0,S3DNTS7160730,Y,39206.58459,4048.854365,448182.2943,0.448182294,0.448538124
3758,MpMbMpv,17,0,SEUP160617,Y,13667.67429,16374.90449,3451927.949,3.451927949,3.454733911
3759,MpMbMpv,18,0,SEUP150706,Y,13667.66832,16374.90449,3451927.949,3.451927949,3.454733911
3760,MpMbMpv,19,0,SEDN160725,Y,13930.80574,16374.90449,3451927.949,3.451927949,3.454733911
3761,MpMbMpv,20,0,SEDN150706,Y,14165.54221,16374.90449,3451927.949,3.451927949,3.454733911
3762,MpMbMpv,21,0,SEDN160617,Y,14255.82075,16374.90449,3451927.949,3.451927949,3.454733911
3763,MpMbMpv,22,0,SEDNTS100150706,Y,14309.99018,16374.90449,3451927.949,3.451927949,3.454733911
3764,MpMbMpv,23,0,SEDNTS100150821,Y,14382.21565,16374.90449,3451927.949,3.451927949,3.454733911
3765,MpMbMpv,24,0,SEDNTS200150706,Y,14629.89291,16374.90449,3451927.949,3.451927949,3.454733911
3766,MpMbMpv,25,0,SEDNTS200150821,Y,14684.06947,16374.90449,3451927.949,3.451927949,3.454733911
3767,MpMbMpv,26,0,SEDNTSA160725,Y,14874.96238,16374.90449,3451927.949,3.451927949,3.454733911
3768,MpMbMpv,28,0,SEDNTSC160725,Y,15595.17638,16374.90449,3451927.949,3.451927949,3.454733911
3769,MpMbMpv,29,0,SEDNTS400150706,Y,15631.28914,16374.90449,3451927.949,3.451927949,3.454733911
3770,MpMbMpv,30,0,SEDNTS400150821,Y,15649.33772,16374.90449,3451927.949,3.451927949,3.454733911
3771,MpMbMpv,31,0,SEDNTS600150706,Y,15884.06925,16374.90449,3451927.949,3.451927949,3.454733911
3772,MpMbMpv,32,0,SEDNTS600150821,Y,15902.13233,16374.90449,3451927.949,3.451927949,3.454733911
3773,MpMbMpv,33,0,SEDNTS800150706,Y,16302.02121,16374.90449,3451927.949,3.451927949,3.454733911
3774,MpMbMpv,34,0,SEDNTS800150821,Y,16578.11229,16374.90449,3451927.949,3.451927949,3.454733911
3775,MpMbMpv,35,0,SEDNTS1000150706,Y,16970.26101,16374.90449,3451927.949,3.451927949,3.454733911
3776,MpMbMpv,36,0,SEDNTS1000150821,Y,17106.99654,16374.90449,3451927.949,3.451927949,3.454733911
3777,MpMbMpv,37,0,HAUPTS2160617,Y,18863.82625,16374.90449,3451927.949,3.451927949,3.454733911
3778,MpMbMpv,38,0,HAUPTS22160726,Y,18972.16236,16374.90449,3451927.949,3.451927949,3.454733911
3779,MpMbMpv,40,0,HADNTS3160726,Y,19759.42525,16374.90449,3451927.949,3.451927949,3.454733911
3780,MpMbMpv,41,0,S2UPTS4160617,Y,21949.53018,16374.90449,3451927.949,3.451927949,3.454733911
3781,MpMbMpv,43,0,S2DNTS5160617,Y,24551.93494,16374.90449,3451927.949,3.451927949,3.454733911
3782,MpMbMpv,44,0,S3UPTS6160730,Y,25887.85677,16374.90449,3451927.949,3.451927949,3.454733911
3783,MpMbMpv,46,0,S3DNTS7160730,Y,39206.58459,16374.90449,3451927.949,3.451927949,3.454733911
3784,R/Cv,17,0,SEUP160617,Y,13667.67429,2370.621639,64651.79294,0.064651793,0.064695221
3785,R/Cv,18,0,SEUP150706,Y,13667.66832,2370.621639,64651.79294,0.064651793,0.064695221
3786,R/Cv,19,0,SEDN160725,Y,13930.80574,2370.621639,64651.79294,0.064651793,0.064695221
3787,R/Cv,20,0,SEDN150706,Y,14165.54221,2370.621639,64651.79294,0.064651793,0.064695221
3788,R/Cv,21,0,SEDN160617,Y,14255.82075,2370.621639,64651.79294,0.064651793,0.064695221
3789,R/Cv,22,0,SEDNTS100150706,Y,14309.99018,2370.621639,64651.79294,0.064651793,0.064695221
3790,R/Cv,23,0,SEDNTS100150821,Y,14382.21565,2370.621639,64651.79294,0.064651793,0.064695221
3791,R/Cv,24,0,SEDNTS200150706,Y,14629.89291,2370.621639,64651.79294,0.064651793,0.064695221
3792,R/Cv,25,0,SEDNTS200150821,Y,14684.06947,2370.621639,64651.79294,0.064651793,0.064695221
3793,R/Cv,26,0,SEDNTSA160725,Y,14874.96238,2370.621639,64651.79294,0.064651793,0.064695221
3794,R/Cv,28,0,SEDNTSC160725,Y,15595.17638,2370.621639,64651.79294,0.064651793,0.064695221
3795,R/Cv,29,0,SEDNTS400150706,Y,15631.28914,2370.621639,64651.79294,0.064651793,0.064695221
3796,R/Cv,30,0,SEDNTS400150821,Y,15649.33772,2370.621639,64651.79294,0.064651793,0.064695221
3797,R/Cv,31,0,SEDNTS600150706,Y,15884.06925,2370.621639,64651.79294,0.064651793,0.064695221
3798,R/Cv,32,0,SEDNTS600150821,Y,15902.13233,2370.621639,64651.79294,0.064651793,0.064695221
3799,R/Cv,33,0,SEDNTS800150706,Y,16302.02121,2370.621639,64651.79294,0.064651793,0.064695221
3800,R/Cv,34,0,SEDNTS800150821,Y,16578.11229,2370.621639,64651.79294,0.064651793,0.064695221
3801,R/Cv,35,0,SEDNTS1000150706,Y,16970.26101,2370.621639,64651.79294,0.064651793,0.064695221
3802,R/Cv,36,0,SEDNTS1000150821,Y,17106.99654,2370.621639,64651.79294,0.064651793,0.064695221
3803,R/Cv,37,0,HAUPTS2160617,Y,18863.82625,2370.621639,64651.79294,0.064651793,0.064695221
3804,R/Cv,38,0,HAUPTS22160726,Y,18972.16236,2370.621639,64651.79294,0.064651793,0.064695221
3805,R/Cv,40,0,HADNTS3160726,Y,19759.42525,2370.621639,64651.79294,0.064651793,0.064695221
3806,R/Cv,41,0,S2UPTS4160617,Y,21949.53018,2370.621639,64651.79294,0.064651793,0.064695221
3807,R/Cv,43,0,S2DNTS5160617,Y,24551.93494,2370.621639,64651.79294,0.064651793,0.064695221
3808,R/Cv,44,0,S3UPTS6160730,Y,25887.85677,2370.621639,64651.79294,0.064651793,0.064695221
3809,R/Cv,46,0,S3DNTS7160730,Y,39206.58459,2370.621639,64651.79294,0.064651793,0.064695221
